Wed Jun 14 17:23:39 2023,2418.0, 0.00000,-1646.00000,-2248.00000,-15398.00000,-3630.00000,-12368.00000,2566.00000,	2	
Wed Jun 14 17:23:39 2023,2419.0, 0.00000,-1550.00000,-1970.00000,-15554.00000,-1461.00000,-15141.00000,1032.00000,	2	
Wed Jun 14 17:23:39 2023,2420.0, 0.00000,-1208.00000,-2150.00000,-15238.00000,-1991.00000,-17244.00000,2634.00000,	2	
Wed Jun 14 17:23:39 2023,2421.0, 0.00000,-1016.00000,-3362.00000,-15468.00000,-3190.00000,-17988.00000,3730.00000,	2	
Wed Jun 14 17:23:39 2023,2422.0, 0.00000,-1320.00000,-3302.00000,-16854.00000,-4535.00000,-20159.00000,2583.00000,	2	
Wed Jun 14 17:23:39 2023,2423.0, 0.00000,-1350.00000,-4586.00000,-16482.00000,-4809.00000,-24888.00000,2536.00000,	2	
Wed Jun 14 17:23:39 2023,2424.0, 0.00000,782.00000,-5186.00000,-14338.00000,-2741.00000,-28567.00000,4163.00000,	2	
Wed Jun 14 17:23:39 2023,2425.0, 0.00000,3526.00000,-3820.00000,-11696.00000,-4237.00000,-28617.00000,8147.00000,	2	
Wed Jun 14 17:23:39 2023,2426.0, 0.00000,3322.00000,-3646.00000,-12106.00000,-4350.00000,-29521.00000,5560.00000,	2	
Wed Jun 14 17:23:39 2023,2427.0, 0.00000,3194.00000,-3924.00000,-11704.00000,-3603.00000,-31713.00000,2342.00000,	2	
Wed Jun 14 17:23:39 2023,2429.0, 0.00000,2818.00000,-3448.00000,-5148.00000,-6202.00000,-32768.00000,8995.00000,	2	
Wed Jun 14 17:23:39 2023,2430.0, 0.00000,5406.00000,-3124.00000,-1386.00000,-4070.00000,-32768.00000,11893.00000,	2	
Wed Jun 14 17:23:39 2023,2431.0, 0.00000,7936.00000,-964.00000,3894.00000,-2254.00000,-32768.00000,13427.00000,	2	
Wed Jun 14 17:23:39 2023,2433.0, 0.00000,5266.00000,2720.00000,9790.00000,-837.00000,-21732.00000,7352.00000,	2	
Wed Jun 14 17:23:39 2023,2434.0, 0.00000,4406.00000,4166.00000,10024.00000,-244.00000,-19658.00000,6531.00000,	2	
Wed Jun 14 17:23:39 2023,2435.0, 0.00000,4792.00000,6256.00000,11968.00000,-58.00000,-19134.00000,6950.00000,	2	
Wed Jun 14 17:23:39 2023,2436.0, 0.00000,4954.00000,8144.00000,14724.00000,-1527.00000,-16620.00000,7629.00000,	2	
Wed Jun 14 17:23:39 2023,2437.0, 0.00000,5914.00000,9054.00000,15072.00000,-3481.00000,-13077.00000,8439.00000,	2	
Wed Jun 14 17:23:39 2023,2438.0, 0.00000,5760.00000,9700.00000,19190.00000,-4307.00000,-8203.00000,7610.00000,	2	
Wed Jun 14 17:23:39 2023,2439.0, 0.00000,4532.00000,8332.00000,19414.00000,-4263.00000,-584.00000,2374.00000,	2	
Wed Jun 14 17:23:39 2023,2440.0, 0.00000,3112.00000,5812.00000,16576.00000,-1178.00000,4216.00000,-3322.00000,	2	
Wed Jun 14 17:23:39 2023,2441.0, 0.00000,1492.00000,3248.00000,14650.00000,2320.00000,6697.00000,-7489.00000,	2	
Wed Jun 14 17:23:39 2023,2442.0, 0.00000,-306.00000,1114.00000,13342.00000,3760.00000,9392.00000,-9530.00000,	2	
Wed Jun 14 17:23:39 2023,2443.0, 0.00000,-1688.00000,-136.00000,11182.00000,2321.00000,12930.00000,-7299.00000,	2	
Wed Jun 14 17:23:39 2023,2444.0, 0.00000,-2656.00000,94.00000,9110.00000,214.00000,15427.00000,-4358.00000,	2	
Wed Jun 14 17:23:39 2023,2445.0, 0.00000,-3274.00000,964.00000,6720.00000,-54.00000,16549.00000,-3111.00000,	2	
Wed Jun 14 17:23:39 2023,2446.0, 0.00000,-3846.00000,1570.00000,4888.00000,1724.00000,16259.00000,-3740.00000,	2	
Wed Jun 14 17:23:39 2023,2447.0, 0.00000,-3886.00000,1956.00000,3790.00000,3460.00000,15804.00000,-3710.00000,	2	
Wed Jun 14 17:23:39 2023,2448.0, 0.00000,-4006.00000,2342.00000,2996.00000,3908.00000,15774.00000,-3143.00000,	2	
Wed Jun 14 17:23:39 2023,2449.0, 0.00000,-4158.00000,2614.00000,2060.00000,3030.00000,15994.00000,-2434.00000,	2	
Wed Jun 14 17:23:39 2023,2451.0, 0.00000,-4308.00000,2724.00000,62.00000,2931.00000,16055.00000,-3723.00000,	2	
Wed Jun 14 17:23:39 2023,2452.0, 0.00000,-4710.00000,2184.00000,-674.00000,3963.00000,16402.00000,-5164.00000,	2	
Wed Jun 14 17:23:39 2023,2453.0, 0.00000,-4994.00000,1394.00000,-2000.00000,4014.00000,16909.00000,-5594.00000,	2	
Wed Jun 14 17:23:39 2023,2454.0, 0.00000,-5188.00000,1138.00000,-2464.00000,3436.00000,16649.00000,-5174.00000,	2	
Wed Jun 14 17:23:39 2023,2455.0, 0.00000,-5170.00000,506.00000,-3422.00000,3169.00000,16083.00000,-4928.00000,	2	
Wed Jun 14 17:23:39 2023,2456.0, 0.00000,-5088.00000,-40.00000,-4332.00000,3433.00000,15909.00000,-4488.00000,	2	
Wed Jun 14 17:23:39 2023,2457.0, 0.00000,-5368.00000,-374.00000,-5486.00000,3526.00000,15775.00000,-4338.00000,	2	
Wed Jun 14 17:23:39 2023,2458.0, 0.00000,-5678.00000,-168.00000,-6060.00000,2381.00000,14468.00000,-4382.00000,	2	
Wed Jun 14 17:23:39 2023,2459.0, 0.00000,-5846.00000,-320.00000,-6522.00000,1374.00000,12249.00000,-3950.00000,	2	
Wed Jun 14 17:23:39 2023,2460.0, 0.00000,-5812.00000,-224.00000,-6250.00000,1111.00000,10193.00000,-3244.00000,	2	
Wed Jun 14 17:23:40 2023,2461.0, 0.00000,-5778.00000,-292.00000,-5942.00000,732.00000,9213.00000,-2681.00000,	2	
Wed Jun 14 17:23:40 2023,2462.0, 0.00000,-5264.00000,-838.00000,-6282.00000,1069.00000,9258.00000,-2413.00000,	2	
Wed Jun 14 17:23:40 2023,2463.0, 0.00000,-5436.00000,-606.00000,-6346.00000,1303.00000,9412.00000,-2066.00000,	2	
Wed Jun 14 17:23:40 2023,2464.0, 0.00000,-5552.00000,-608.00000,-6812.00000,1192.00000,9698.00000,-2089.00000,	2	
Wed Jun 14 17:23:40 2023,2465.0, 0.00000,-5740.00000,-544.00000,-6866.00000,651.00000,8807.00000,-2041.00000,	2	
Wed Jun 14 17:23:40 2023,2466.0, 0.00000,-5914.00000,-662.00000,-6520.00000,357.00000,7410.00000,-1651.00000,	2	
Wed Jun 14 17:23:40 2023,2467.0, 0.00000,-5656.00000,-522.00000,-6102.00000,497.00000,6496.00000,-1015.00000,	2	
Wed Jun 14 17:23:40 2023,2468.0, 0.00000,-5254.00000,-412.00000,-6298.00000,1202.00000,6446.00000,-828.00000,	2	
Wed Jun 14 17:23:40 2023,2469.0, 0.00000,-4456.00000,-410.00000,-7642.00000,1499.00000,6544.00000,-2421.00000,	2	
Wed Jun 14 17:23:40 2023,2470.0, 0.00000,-5020.00000,-542.00000,-6966.00000,2574.00000,6808.00000,-2356.00000,	2	
Wed Jun 14 17:23:40 2023,2471.0, 0.00000,-4786.00000,-644.00000,-7088.00000,1594.00000,6578.00000,-2137.00000,	2	
Wed Jun 14 17:23:40 2023,2472.0, 0.00000,-4824.00000,-890.00000,-6916.00000,666.00000,6252.00000,-1629.00000,	2	
Wed Jun 14 17:23:40 2023,2473.0, 0.00000,-4114.00000,-1054.00000,-6812.00000,52.00000,6185.00000,-293.00000,	2	
Wed Jun 14 17:23:40 2023,2474.0, 0.00000,-4434.00000,-1164.00000,-7862.00000,555.00000,6031.00000,908.00000,	2	
Wed Jun 14 17:23:40 2023,2475.0, 0.00000,-5142.00000,-600.00000,-16884.00000,3467.00000,5871.00000,552.00000,	2	
Wed Jun 14 17:23:40 2023,2476.0, 0.00000,-3624.00000,-262.00000,-7600.00000,2298.00000,5635.00000,-886.00000,	2	
Wed Jun 14 17:23:40 2023,2477.0, 0.00000,-3804.00000,-636.00000,-8020.00000,2837.00000,4953.00000,-1015.00000,	2	
Wed Jun 14 17:23:40 2023,2478.0, 0.00000,-3344.00000,-892.00000,-8284.00000,2458.00000,4713.00000,-467.00000,	2	
Wed Jun 14 17:23:40 2023,2479.0, 0.00000,-3354.00000,-646.00000,-8194.00000,557.00000,4304.00000,135.00000,	2	
Wed Jun 14 17:23:41 2023,2480.0, 0.00000,-2002.00000,-2752.00000,-17644.00000,-687.00000,-9069.00000,-222.00000,	2	
Wed Jun 14 17:23:41 2023,2481.0, 0.00000,-2292.00000,-2898.00000,-17880.00000,-2220.00000,-14386.00000,456.00000,	2	
Wed Jun 14 17:23:41 2023,2482.0, 0.00000,-2218.00000,-2928.00000,-17416.00000,-1961.00000,-17973.00000,1054.00000,	2	
Wed Jun 14 17:23:41 2023,2483.0, 0.00000,-1934.00000,-2976.00000,-16912.00000,-505.00000,-20620.00000,1266.00000,	2	
Wed Jun 14 17:23:41 2023,2484.0, 0.00000,-1540.00000,-3486.00000,-17038.00000,-502.00000,-21686.00000,1917.00000,	2	
Wed Jun 14 17:23:41 2023,2485.0, 0.00000,-1488.00000,-4088.00000,-18876.00000,-2187.00000,-22296.00000,2363.00000,	2	
Wed Jun 14 17:23:41 2023,2486.0, 0.00000,-2060.00000,-5492.00000,-20182.00000,-3670.00000,-25371.00000,3193.00000,	2	
Wed Jun 14 17:23:41 2023,2487.0, 0.00000,-1750.00000,-6064.00000,-19862.00000,-4195.00000,-31068.00000,4225.00000,	2	
Wed Jun 14 17:23:41 2023,2488.0, 0.00000,6724.00000,-6324.00000,-18962.00000,-3380.00000,-32768.00000,10214.00000,	2	
Wed Jun 14 17:23:41 2023,2489.0, 0.00000,1862.00000,-4256.00000,-15066.00000,-2451.00000,-32768.00000,10734.00000,	2	
Wed Jun 14 17:23:41 2023,2490.0, 0.00000,510.00000,-5104.00000,-8678.00000,-6227.00000,-32768.00000,8174.00000,	2	
Wed Jun 14 17:23:41 2023,2491.0, 0.00000,4080.00000,-3472.00000,-8834.00000,-7002.00000,-32768.00000,7739.00000,	2	
Wed Jun 14 17:23:41 2023,2492.0, 0.00000,5878.00000,-3638.00000,-4680.00000,-6059.00000,-32768.00000,9528.00000,	2	
Wed Jun 14 17:23:41 2023,2493.0, 0.00000,7868.00000,-3496.00000,-872.00000,-5481.00000,-32768.00000,11588.00000,	2	
Wed Jun 14 17:23:41 2023,2494.0, 0.00000,8886.00000,-2644.00000,1618.00000,-4309.00000,-32768.00000,12539.00000,	2	
Wed Jun 14 17:23:41 2023,2495.0, 0.00000,8700.00000,-1182.00000,5284.00000,-2285.00000,-29426.00000,10831.00000,	2	
Wed Jun 14 17:23:41 2023,2496.0, 0.00000,7644.00000,-374.00000,7230.00000,-2900.00000,-25484.00000,8060.00000,	2	
Wed Jun 14 17:23:41 2023,2497.0, 0.00000,7724.00000,366.00000,8448.00000,-3290.00000,-23552.00000,7000.00000,	2	
Wed Jun 14 17:23:41 2023,2498.0, 0.00000,7580.00000,1704.00000,10242.00000,-852.00000,-21450.00000,6200.00000,	2	
Wed Jun 14 17:23:42 2023,2504.0, 0.00000,3482.00000,5974.00000,17282.00000,1597.00000,1790.00000,-3048.00000,	2	
Wed Jun 14 17:23:42 2023,2505.0, 0.00000,1508.00000,4440.00000,14922.00000,2533.00000,5331.00000,-5103.00000,	2	
Wed Jun 14 17:23:42 2023,2506.0, 0.00000,-358.00000,2920.00000,13436.00000,2692.00000,7821.00000,-5794.00000,	2	
Wed Jun 14 17:23:42 2023,2507.0, 0.00000,-1570.00000,1510.00000,12004.00000,1085.00000,10085.00000,-5476.00000,	2	
Wed Jun 14 17:23:42 2023,2508.0, 0.00000,-2266.00000,888.00000,10296.00000,728.00000,12124.00000,-4675.00000,	2	
Wed Jun 14 17:23:42 2023,2509.0, 0.00000,-2810.00000,990.00000,8664.00000,1566.00000,13541.00000,-4376.00000,	2	
Wed Jun 14 17:23:42 2023,2510.0, 0.00000,-3042.00000,1120.00000,6980.00000,2552.00000,14289.00000,-4201.00000,	2	
Wed Jun 14 17:23:42 2023,2511.0, 0.00000,-3326.00000,1554.00000,5316.00000,3000.00000,14445.00000,-4062.00000,	2	
Wed Jun 14 17:23:42 2023,2512.0, 0.00000,-3710.00000,1832.00000,4274.00000,2366.00000,13958.00000,-3548.00000,	2	
Wed Jun 14 17:23:42 2023,2513.0, 0.00000,-3886.00000,2092.00000,3382.00000,1476.00000,13046.00000,-3097.00000,	2	
Wed Jun 14 17:23:42 2023,2514.0, 0.00000,-3802.00000,2398.00000,2848.00000,1331.00000,12533.00000,-2626.00000,	2	
Wed Jun 14 17:23:42 2023,2515.0, 0.00000,-3732.00000,2226.00000,2490.00000,2081.00000,13214.00000,-2679.00000,	2	
Wed Jun 14 17:23:42 2023,2516.0, 0.00000,-3966.00000,1934.00000,2176.00000,2420.00000,14501.00000,-3053.00000,	2	
Wed Jun 14 17:23:42 2023,2517.0, 0.00000,-4338.00000,1434.00000,1234.00000,2642.00000,15981.00000,-3714.00000,	2	
Wed Jun 14 17:23:42 2023,2518.0, 0.00000,-4792.00000,1078.00000,88.00000,2882.00000,17033.00000,-4475.00000,	2	
Wed Jun 14 17:23:42 2023,2519.0, 0.00000,-5364.00000,742.00000,-1086.00000,3181.00000,16265.00000,-5078.00000,	2	
Wed Jun 14 17:23:42 2023,2520.0, 0.00000,-5722.00000,748.00000,-1990.00000,2879.00000,14924.00000,-5035.00000,	2	
Wed Jun 14 17:23:42 2023,2521.0, 0.00000,-6040.00000,628.00000,-2432.00000,2223.00000,13994.00000,-4545.00000,	2	
Wed Jun 14 17:23:42 2023,2522.0, 0.00000,-6028.00000,430.00000,-2626.00000,1385.00000,13684.00000,-3946.00000,	2	
Wed Jun 14 17:23:42 2023,2523.0, 0.00000,-6138.00000,200.00000,-3134.00000,1208.00000,13643.00000,-3541.00000,	2	
Wed Jun 14 17:23:42 2023,2524.0, 0.00000,-6324.00000,-8.00000,-3582.00000,1800.00000,13698.00000,-3582.00000,	2	
Wed Jun 14 17:23:42 2023,2525.0, 0.00000,-6484.00000,-262.00000,-3884.00000,1857.00000,13579.00000,-3414.00000,	2	
Wed Jun 14 17:23:42 2023,2526.0, 0.00000,-6644.00000,-250.00000,-4516.00000,1123.00000,12507.00000,-3105.00000,	2	
Wed Jun 14 17:23:42 2023,2527.0, 0.00000,-6692.00000,-338.00000,-4506.00000,797.00000,11011.00000,-2608.00000,	2	
Wed Jun 14 17:23:42 2023,2528.0, 0.00000,-6612.00000,-54.00000,-4190.00000,-189.00000,9875.00000,-1852.00000,	2	
Wed Jun 14 17:23:42 2023,2529.0, 0.00000,-6270.00000,-106.00000,-4276.00000,-381.00000,9831.00000,-1781.00000,	2	
Wed Jun 14 17:23:42 2023,2530.0, 0.00000,-5904.00000,-274.00000,-4636.00000,364.00000,10217.00000,-2128.00000,	2	
Wed Jun 14 17:23:42 2023,2531.0, 0.00000,-5986.00000,-512.00000,-5426.00000,1290.00000,10412.00000,-2377.00000,	2	
Wed Jun 14 17:23:42 2023,2532.0, 0.00000,-5914.00000,-712.00000,-5978.00000,2174.00000,10294.00000,-2327.00000,	2	
Wed Jun 14 17:23:42 2023,2533.0, 0.00000,-5966.00000,-530.00000,-6420.00000,1563.00000,9864.00000,-1868.00000,	2	
Wed Jun 14 17:23:42 2023,2534.0, 0.00000,-5556.00000,-758.00000,-9006.00000,259.00000,8169.00000,-3231.00000,	2	
Wed Jun 14 17:23:42 2023,2535.0, 0.00000,-5740.00000,-1048.00000,-7062.00000,1385.00000,7638.00000,-2006.00000,	2	
Wed Jun 14 17:23:42 2023,2536.0, 0.00000,-5410.00000,-1342.00000,-6950.00000,1168.00000,6849.00000,-527.00000,	2	
Wed Jun 14 17:23:42 2023,2537.0, 0.00000,-5466.00000,-382.00000,-6964.00000,386.00000,6705.00000,-1519.00000,	2	
Wed Jun 14 17:23:42 2023,2538.0, 0.00000,-5264.00000,-572.00000,-7640.00000,1961.00000,5819.00000,-2042.00000,	2	
Wed Jun 14 17:23:42 2023,2539.0, 0.00000,-5308.00000,-582.00000,-7376.00000,2334.00000,5676.00000,-1635.00000,	2	
Wed Jun 14 17:23:42 2023,2540.0, 0.00000,-5004.00000,-694.00000,-7766.00000,744.00000,5535.00000,-1344.00000,	2	
Wed Jun 14 17:23:42 2023,2541.0, 0.00000,-4802.00000,-830.00000,-7254.00000,414.00000,4953.00000,-712.00000,	2	
Wed Jun 14 17:23:43 2023,2542.0, 0.00000,-2194.00000,-1898.00000,-16660.00000,-363.00000,-12067.00000,-251.00000,	2	
Wed Jun 14 17:23:43 2023,2543.0, 0.00000,-2400.00000,-2588.00000,-18056.00000,345.00000,-15356.00000,-287.00000,	2	
Wed Jun 14 17:23:43 2023,2544.0, 0.00000,-2244.00000,-3872.00000,-19148.00000,-681.00000,-19380.00000,1324.00000,	2	
Wed Jun 14 17:23:43 2023,2545.0, 0.00000,-1696.00000,-4482.00000,-19592.00000,-1678.00000,-23155.00000,3301.00000,	2	
Wed Jun 14 17:23:43 2023,2546.0, 0.00000,-1538.00000,-4222.00000,-18740.00000,-2137.00000,-26872.00000,4939.00000,	2	
Wed Jun 14 17:23:43 2023,2547.0, 0.00000,-1442.00000,-3900.00000,-17208.00000,-3765.00000,-29739.00000,5034.00000,	2	
Wed Jun 14 17:23:43 2023,2548.0, 0.00000,-268.00000,-3700.00000,-16132.00000,-3337.00000,-32001.00000,4138.00000,	2	
Wed Jun 14 17:23:43 2023,2549.0, 0.00000,-876.00000,-5770.00000,-12896.00000,-3419.00000,-32768.00000,5300.00000,	2	
Wed Jun 14 17:23:43 2023,2550.0, 0.00000,1476.00000,-4122.00000,-12642.00000,-2191.00000,-32768.00000,7055.00000,	2	
Wed Jun 14 17:23:43 2023,2551.0, 0.00000,1700.00000,-4428.00000,-9188.00000,-4463.00000,-32768.00000,8395.00000,	2	
Wed Jun 14 17:23:43 2023,2552.0, 0.00000,3542.00000,-3826.00000,-6882.00000,-6909.00000,-32768.00000,10771.00000,	2	
Wed Jun 14 17:23:43 2023,2553.0, 0.00000,5308.00000,-3540.00000,-3422.00000,-9278.00000,-32768.00000,12533.00000,	2	
Wed Jun 14 17:23:43 2023,2554.0, 0.00000,7164.00000,-2628.00000,-1312.00000,-5199.00000,-32768.00000,11333.00000,	2	
Wed Jun 14 17:23:43 2023,2555.0, 0.00000,7784.00000,-2418.00000,1974.00000,-4075.00000,-31443.00000,8494.00000,	2	
Wed Jun 14 17:23:43 2023,2556.0, 0.00000,7516.00000,-2024.00000,4436.00000,-2991.00000,-27797.00000,6979.00000,	2	
Wed Jun 14 17:23:43 2023,2557.0, 0.00000,7180.00000,-1384.00000,6024.00000,-1065.00000,-25838.00000,6061.00000,	2	
Wed Jun 14 17:23:43 2023,2558.0, 0.00000,6752.00000,-528.00000,7384.00000,-848.00000,-24827.00000,6248.00000,	2	
Wed Jun 14 17:23:44 2023,2559.0, 0.00000,7488.00000,1068.00000,10040.00000,-989.00000,-22931.00000,8002.00000,	2	
Wed Jun 14 17:23:44 2023,2560.0, 0.00000,7614.00000,2888.00000,12126.00000,-1768.00000,-19455.00000,9192.00000,	2	
Wed Jun 14 17:23:44 2023,2561.0, 0.00000,8400.00000,4628.00000,15608.00000,-3412.00000,-16106.00000,9678.00000,	2	
Wed Jun 14 17:23:44 2023,2562.0, 0.00000,8108.00000,6512.00000,18384.00000,-3615.00000,-11235.00000,8698.00000,	2	
Wed Jun 14 17:23:44 2023,2563.0, 0.00000,7314.00000,7434.00000,19538.00000,-3186.00000,-5247.00000,4474.00000,	2	
Wed Jun 14 17:23:44 2023,2564.0, 0.00000,5996.00000,6932.00000,18932.00000,-866.00000,-162.00000,-220.00000,	2	
Wed Jun 14 17:23:44 2023,2565.0, 0.00000,3754.00000,5678.00000,17224.00000,1796.00000,3377.00000,-4277.00000,	2	
Wed Jun 14 17:23:44 2023,2566.0, 0.00000,1258.00000,3812.00000,15048.00000,2310.00000,5660.00000,-6345.00000,	2	
Wed Jun 14 17:23:44 2023,2567.0, 0.00000,-472.00000,1946.00000,13064.00000,2572.00000,7230.00000,-7715.00000,	2	
Wed Jun 14 17:23:44 2023,2568.0, 0.00000,-1858.00000,156.00000,11516.00000,3302.00000,8486.00000,-7214.00000,	2	
Wed Jun 14 17:23:44 2023,2569.0, 0.00000,-2742.00000,-846.00000,10238.00000,1835.00000,10543.00000,-5273.00000,	2	
Wed Jun 14 17:23:44 2023,2570.0, 0.00000,-3756.00000,-728.00000,9122.00000,933.00000,12142.00000,-3373.00000,	2	
Wed Jun 14 17:23:44 2023,2571.0, 0.00000,-3648.00000,-166.00000,7010.00000,1928.00000,12383.00000,-2704.00000,	2	
Wed Jun 14 17:23:44 2023,2573.0, 0.00000,-3418.00000,1328.00000,5058.00000,3684.00000,11976.00000,-3039.00000,	2	
Wed Jun 14 17:23:44 2023,2574.0, 0.00000,-3614.00000,1756.00000,4454.00000,2843.00000,12652.00000,-1982.00000,	2	
Wed Jun 14 17:23:44 2023,2575.0, 0.00000,-3542.00000,2124.00000,3752.00000,2733.00000,13185.00000,-1164.00000,	2	
Wed Jun 14 17:23:44 2023,2576.0, 0.00000,-3754.00000,2404.00000,3238.00000,2444.00000,13658.00000,-546.00000,	2	
Wed Jun 14 17:23:44 2023,2577.0, 0.00000,-4042.00000,2778.00000,2564.00000,2201.00000,13727.00000,-834.00000,	2	
Wed Jun 14 17:23:44 2023,2578.0, 0.00000,-4072.00000,2956.00000,2010.00000,2290.00000,12961.00000,-2106.00000,	2	
Wed Jun 14 17:23:44 2023,2579.0, 0.00000,-4284.00000,2772.00000,1526.00000,2628.00000,12825.00000,-3488.00000,	2	
Wed Jun 14 17:23:44 2023,2580.0, 0.00000,-4472.00000,2218.00000,878.00000,4052.00000,13250.00000,-4872.00000,	2	
Wed Jun 14 17:23:44 2023,2581.0, 0.00000,-4794.00000,1554.00000,442.00000,4114.00000,14680.00000,-5421.00000,	2	
Wed Jun 14 17:23:44 2023,2582.0, 0.00000,-5318.00000,1220.00000,-1050.00000,3321.00000,15293.00000,-5350.00000,	2	
Wed Jun 14 17:23:44 2023,2583.0, 0.00000,-5828.00000,894.00000,-1762.00000,2118.00000,14360.00000,-4428.00000,	2	
Wed Jun 14 17:23:44 2023,2584.0, 0.00000,-6034.00000,806.00000,-2286.00000,1011.00000,13469.00000,-3416.00000,	2	
Wed Jun 14 17:23:44 2023,2585.0, 0.00000,-6142.00000,650.00000,-2750.00000,1979.00000,12848.00000,-3506.00000,	2	
Wed Jun 14 17:23:44 2023,2586.0, 0.00000,-6318.00000,406.00000,-3074.00000,2430.00000,12927.00000,-3735.00000,	2	
Wed Jun 14 17:23:44 2023,2587.0, 0.00000,-6442.00000,90.00000,-3508.00000,2987.00000,13325.00000,-3995.00000,	2	
Wed Jun 14 17:23:44 2023,2588.0, 0.00000,-6604.00000,0.00000,-4268.00000,2050.00000,12995.00000,-3760.00000,	2	
Wed Jun 14 17:23:44 2023,2589.0, 0.00000,-6886.00000,-202.00000,-5068.00000,2108.00000,11479.00000,-3854.00000,	2	
Wed Jun 14 17:23:44 2023,2590.0, 0.00000,-7222.00000,-120.00000,-4730.00000,1085.00000,9846.00000,-2909.00000,	2	
Wed Jun 14 17:23:44 2023,2591.0, 0.00000,-7114.00000,-30.00000,-4342.00000,-71.00000,8691.00000,-1985.00000,	2	
Wed Jun 14 17:23:44 2023,2592.0, 0.00000,-6834.00000,254.00000,-4216.00000,-117.00000,8116.00000,-1519.00000,	2	
Wed Jun 14 17:23:44 2023,2593.0, 0.00000,-6496.00000,284.00000,-4448.00000,1067.00000,8139.00000,-1820.00000,	2	
Wed Jun 14 17:23:44 2023,2594.0, 0.00000,-6404.00000,62.00000,-4962.00000,2161.00000,8552.00000,-2412.00000,	2	
Wed Jun 14 17:23:44 2023,2595.0, 0.00000,-5840.00000,-348.00000,-4380.00000,1698.00000,8702.00000,-2527.00000,	2	
Wed Jun 14 17:23:44 2023,2596.0, 0.00000,-6148.00000,234.00000,-7472.00000,2167.00000,8676.00000,-3378.00000,	2	
Wed Jun 14 17:23:44 2023,2597.0, 0.00000,-6108.00000,-498.00000,-6070.00000,1759.00000,7137.00000,-2397.00000,	2	
Wed Jun 14 17:23:44 2023,2598.0, 0.00000,-6572.00000,-264.00000,-6056.00000,1020.00000,6499.00000,-2489.00000,	2	
Wed Jun 14 17:23:44 2023,2599.0, 0.00000,-6190.00000,-468.00000,-5990.00000,422.00000,6281.00000,-2336.00000,	2	
Wed Jun 14 17:23:44 2023,2600.0, 0.00000,-5962.00000,-588.00000,-5978.00000,445.00000,6525.00000,-1888.00000,	2	
Wed Jun 14 17:23:44 2023,2601.0, 0.00000,-5924.00000,-804.00000,-6396.00000,381.00000,6451.00000,-2169.00000,	2	
Wed Jun 14 17:23:44 2023,2602.0, 0.00000,-5554.00000,-864.00000,-6320.00000,406.00000,6011.00000,-1635.00000,	2	
Wed Jun 14 17:23:44 2023,2603.0, 0.00000,-5898.00000,-608.00000,-6972.00000,713.00000,6251.00000,136.00000,	2	
Wed Jun 14 17:23:45 2023,2604.0, 0.00000,-2342.00000,-2994.00000,-15710.00000,92.00000,-14437.00000,383.00000,	2	
Wed Jun 14 17:23:45 2023,2605.0, 0.00000,-2764.00000,-3444.00000,-17304.00000,86.00000,-17449.00000,1260.00000,	2	
Wed Jun 14 17:23:45 2023,2606.0, 0.00000,-2764.00000,-3858.00000,-17208.00000,-1445.00000,-21136.00000,2610.00000,	2	
Wed Jun 14 17:23:45 2023,2607.0, 0.00000,-2978.00000,-3962.00000,-15990.00000,-3220.00000,-25028.00000,3614.00000,	2	
Wed Jun 14 17:23:45 2023,2608.0, 0.00000,-2552.00000,-4114.00000,-14462.00000,-3472.00000,-27516.00000,4204.00000,	2	
Wed Jun 14 17:23:45 2023,2609.0, 0.00000,-736.00000,-4038.00000,-13956.00000,-1017.00000,-28551.00000,3682.00000,	2	
Wed Jun 14 17:23:45 2023,2610.0, 0.00000,-1452.00000,-4138.00000,-10912.00000,-2184.00000,-29367.00000,5561.00000,	2	
Wed Jun 14 17:23:45 2023,2611.0, 0.00000,-1230.00000,-3528.00000,-9146.00000,-2833.00000,-29572.00000,5615.00000,	2	
Wed Jun 14 17:23:45 2023,2612.0, 0.00000,-80.00000,-4254.00000,-8490.00000,-4079.00000,-32146.00000,8700.00000,	2	
Wed Jun 14 17:23:45 2023,2613.0, 0.00000,1648.00000,-3646.00000,-6522.00000,-4591.00000,-32768.00000,10079.00000,	2	
Wed Jun 14 17:23:45 2023,2614.0, 0.00000,3396.00000,-2780.00000,-3014.00000,-5703.00000,-32768.00000,11261.00000,	2	
Wed Jun 14 17:23:45 2023,2615.0, 0.00000,5354.00000,-1278.00000,1490.00000,-4735.00000,-32768.00000,10399.00000,	2	
Wed Jun 14 17:23:45 2023,2616.0, 0.00000,6068.00000,-738.00000,4610.00000,-3275.00000,-30729.00000,8935.00000,	2	
Wed Jun 14 17:23:45 2023,2617.0, 0.00000,5368.00000,-258.00000,6784.00000,-2093.00000,-25696.00000,6564.00000,	2	
Wed Jun 14 17:23:46 2023,2619.0, 0.00000,4894.00000,1002.00000,9496.00000,451.00000,-22172.00000,5400.00000,	2	
Wed Jun 14 17:23:46 2023,2620.0, 0.00000,5786.00000,2592.00000,12062.00000,314.00000,-19385.00000,6153.00000,	2	
Wed Jun 14 17:23:46 2023,2621.0, 0.00000,6304.00000,4232.00000,14958.00000,-764.00000,-15412.00000,6359.00000,	2	
Wed Jun 14 17:23:46 2023,2622.0, 0.00000,5474.00000,5764.00000,16118.00000,-631.00000,-10585.00000,5473.00000,	2	
Wed Jun 14 17:23:46 2023,2623.0, 0.00000,4584.00000,6734.00000,17662.00000,-1889.00000,-5269.00000,3286.00000,	2	
Wed Jun 14 17:23:46 2023,2624.0, 0.00000,3694.00000,6724.00000,17270.00000,-1521.00000,-225.00000,18.00000,	2	
Wed Jun 14 17:23:46 2023,2625.0, 0.00000,2030.00000,6032.00000,15316.00000,1216.00000,2924.00000,-3418.00000,	2	
Wed Jun 14 17:23:46 2023,2626.0, 0.00000,730.00000,4640.00000,14332.00000,2329.00000,5523.00000,-5225.00000,	2	
Wed Jun 14 17:23:46 2023,2627.0, 0.00000,-1536.00000,2892.00000,12650.00000,1635.00000,7923.00000,-5229.00000,	2	
Wed Jun 14 17:23:46 2023,2628.0, 0.00000,-2256.00000,1548.00000,10098.00000,1071.00000,10094.00000,-4130.00000,	2	
Wed Jun 14 17:23:46 2023,2629.0, 0.00000,-3326.00000,940.00000,8850.00000,1873.00000,11387.00000,-4399.00000,	2	
Wed Jun 14 17:23:46 2023,2630.0, 0.00000,-3814.00000,616.00000,7656.00000,1096.00000,12911.00000,-4066.00000,	2	
Wed Jun 14 17:23:46 2023,2631.0, 0.00000,-4034.00000,644.00000,5812.00000,673.00000,13552.00000,-3353.00000,	2	
Wed Jun 14 17:23:46 2023,2632.0, 0.00000,-4270.00000,938.00000,4632.00000,1320.00000,13260.00000,-3315.00000,	2	
Wed Jun 14 17:23:46 2023,2633.0, 0.00000,-4404.00000,1324.00000,3692.00000,1652.00000,12811.00000,-3538.00000,	2	
Wed Jun 14 17:23:46 2023,2634.0, 0.00000,-4496.00000,1534.00000,2672.00000,2084.00000,12901.00000,-3677.00000,	2	
Wed Jun 14 17:23:46 2023,2635.0, 0.00000,-4724.00000,1446.00000,1632.00000,2439.00000,13341.00000,-3803.00000,	2	
Wed Jun 14 17:23:46 2023,2636.0, 0.00000,-5078.00000,1332.00000,946.00000,2303.00000,14244.00000,-3848.00000,	2	
Wed Jun 14 17:23:46 2023,2637.0, 0.00000,-5422.00000,802.00000,144.00000,1923.00000,14940.00000,-3664.00000,	2	
Wed Jun 14 17:23:46 2023,2638.0, 0.00000,-5608.00000,496.00000,-826.00000,1879.00000,15012.00000,-3568.00000,	2	
Wed Jun 14 17:23:46 2023,2639.0, 0.00000,-5832.00000,96.00000,-1512.00000,2417.00000,15394.00000,-3423.00000,	2	
Wed Jun 14 17:23:46 2023,2640.0, 0.00000,-5922.00000,484.00000,-2334.00000,1808.00000,15396.00000,-3573.00000,	2	
Wed Jun 14 17:23:46 2023,2641.0, 0.00000,-5992.00000,590.00000,-3628.00000,2415.00000,14114.00000,-4612.00000,	2	
Wed Jun 14 17:23:46 2023,2642.0, 0.00000,-6374.00000,80.00000,-3900.00000,2459.00000,13231.00000,-4831.00000,	2	
Wed Jun 14 17:23:46 2023,2643.0, 0.00000,-6744.00000,-242.00000,-4834.00000,2077.00000,12501.00000,-4160.00000,	2	
Wed Jun 14 17:23:46 2023,2644.0, 0.00000,-6894.00000,-394.00000,-4556.00000,1288.00000,11988.00000,-3367.00000,	2	
Wed Jun 14 17:23:46 2023,2645.0, 0.00000,-6766.00000,-614.00000,-4752.00000,395.00000,11826.00000,-1712.00000,	2	
Wed Jun 14 17:23:46 2023,2646.0, 0.00000,-6828.00000,-412.00000,-4988.00000,603.00000,10980.00000,-1364.00000,	2	
Wed Jun 14 17:23:46 2023,2647.0, 0.00000,-6880.00000,-264.00000,-4558.00000,534.00000,10039.00000,-1351.00000,	2	
Wed Jun 14 17:23:46 2023,2648.0, 0.00000,-6610.00000,-386.00000,-4908.00000,371.00000,9601.00000,-1639.00000,	2	
Wed Jun 14 17:23:46 2023,2649.0, 0.00000,-6652.00000,-204.00000,-4540.00000,538.00000,8871.00000,-1628.00000,	2	
Wed Jun 14 17:23:46 2023,2650.0, 0.00000,-6384.00000,-66.00000,-4554.00000,-102.00000,8196.00000,-1475.00000,	2	
Wed Jun 14 17:23:46 2023,2651.0, 0.00000,-6126.00000,-132.00000,-5312.00000,1105.00000,8224.00000,-1992.00000,	2	
Wed Jun 14 17:23:46 2023,2652.0, 0.00000,-6628.00000,-98.00000,-7472.00000,2329.00000,8390.00000,-3180.00000,	2	
Wed Jun 14 17:23:46 2023,2653.0, 0.00000,-6502.00000,-1218.00000,-5986.00000,1644.00000,7635.00000,-2722.00000,	2	
Wed Jun 14 17:23:46 2023,2654.0, 0.00000,-6232.00000,-1026.00000,-6282.00000,1429.00000,7289.00000,-2737.00000,	2	
Wed Jun 14 17:23:46 2023,2655.0, 0.00000,-6318.00000,-1218.00000,-6144.00000,423.00000,6292.00000,-2361.00000,	2	
Wed Jun 14 17:23:46 2023,2656.0, 0.00000,-5858.00000,-1198.00000,-6000.00000,259.00000,5860.00000,-1839.00000,	2	
Wed Jun 14 17:23:46 2023,2657.0, 0.00000,-5390.00000,-1132.00000,-5842.00000,388.00000,5953.00000,-1549.00000,	2	
Wed Jun 14 17:23:46 2023,2660.0, 0.00000,-5762.00000,-2058.00000,-4048.00000,-1513.00000,6032.00000,-778.00000,	2	
Wed Jun 14 17:23:46 2023,2661.0, 0.00000,-5592.00000,-1248.00000,-7250.00000,460.00000,6099.00000,-839.00000,	2	
Wed Jun 14 17:23:46 2023,2662.0, 0.00000,-4698.00000,-722.00000,-6690.00000,1915.00000,5333.00000,-1378.00000,	2	
Wed Jun 14 17:23:46 2023,2663.0, 0.00000,-4418.00000,-720.00000,-6500.00000,1370.00000,5058.00000,-1258.00000,	2	
Wed Jun 14 17:23:46 2023,2664.0, 0.00000,-4076.00000,-956.00000,-6998.00000,588.00000,5896.00000,-1227.00000,	2	
Wed Jun 14 17:23:46 2023,2665.0, 0.00000,-4052.00000,-1250.00000,-7602.00000,751.00000,6013.00000,-827.00000,	2	
Wed Jun 14 17:23:47 2023,2666.0, 0.00000,-2442.00000,-2014.00000,-16070.00000,-1594.00000,-10489.00000,-1285.00000,	2	
Wed Jun 14 17:23:47 2023,2667.0, 0.00000,-2494.00000,-2410.00000,-16316.00000,-888.00000,-14712.00000,-1143.00000,	2	
Wed Jun 14 17:23:47 2023,2668.0, 0.00000,-2060.00000,-2910.00000,-17108.00000,364.00000,-17438.00000,-1287.00000,	2	
Wed Jun 14 17:23:47 2023,2669.0, 0.00000,-2986.00000,-3344.00000,-16716.00000,187.00000,-19199.00000,227.00000,	2	
Wed Jun 14 17:23:47 2023,2670.0, 0.00000,-3258.00000,-3216.00000,-17104.00000,-595.00000,-21941.00000,2439.00000,	2	
Wed Jun 14 17:23:47 2023,2671.0, 0.00000,-3180.00000,-3312.00000,-16060.00000,-193.00000,-25805.00000,3628.00000,	2	
Wed Jun 14 17:23:47 2023,2672.0, 0.00000,-2664.00000,-3568.00000,-13426.00000,-2214.00000,-29129.00000,5490.00000,	2	
Wed Jun 14 17:23:47 2023,2673.0, 0.00000,-1962.00000,-3638.00000,-11470.00000,-2988.00000,-29489.00000,6848.00000,	2	
Wed Jun 14 17:23:47 2023,2674.0, 0.00000,-1910.00000,-3242.00000,-9034.00000,-1866.00000,-29412.00000,6583.00000,	2	
Wed Jun 14 17:23:47 2023,2675.0, 0.00000,-1302.00000,-3668.00000,-7506.00000,-412.00000,-29470.00000,6870.00000,	2	
Wed Jun 14 17:23:47 2023,2676.0, 0.00000,-1050.00000,-3284.00000,-5018.00000,-1357.00000,-29886.00000,7642.00000,	2	
Wed Jun 14 17:23:47 2023,2677.0, 0.00000,-76.00000,-3158.00000,-2544.00000,-2634.00000,-30414.00000,9917.00000,	2	
Wed Jun 14 17:23:47 2023,2678.0, 0.00000,976.00000,-2448.00000,-20.00000,-1946.00000,-30171.00000,10441.00000,	2	
Wed Jun 14 17:23:48 2023,2679.0, 0.00000,1584.00000,-1492.00000,2946.00000,-939.00000,-27577.00000,9465.00000,	2	
Wed Jun 14 17:23:48 2023,2680.0, 0.00000,2306.00000,-50.00000,5506.00000,-1278.00000,-25106.00000,7921.00000,	2	
Wed Jun 14 17:23:49 2023,2687.0, 0.00000,322.00000,5720.00000,12910.00000,-182.00000,-3723.00000,2086.00000,	2	
Wed Jun 14 17:23:49 2023,2688.0, 0.00000,-1178.00000,5484.00000,11180.00000,112.00000,-873.00000,1272.00000,	2	
Wed Jun 14 17:23:49 2023,2689.0, 0.00000,-2434.00000,5010.00000,10132.00000,-49.00000,1346.00000,232.00000,	2	
Wed Jun 14 17:23:49 2023,2690.0, 0.00000,-3062.00000,4036.00000,8884.00000,220.00000,2550.00000,-607.00000,	2	
Wed Jun 14 17:23:49 2023,2691.0, 0.00000,-3068.00000,3440.00000,8560.00000,117.00000,3203.00000,-1076.00000,	2	
Wed Jun 14 17:23:49 2023,2692.0, 0.00000,-3902.00000,2762.00000,7426.00000,148.00000,5281.00000,-2205.00000,	2	
Wed Jun 14 17:23:49 2023,2693.0, 0.00000,-4656.00000,2672.00000,6012.00000,1049.00000,7177.00000,-2912.00000,	2	
Wed Jun 14 17:23:49 2023,2694.0, 0.00000,-5236.00000,2528.00000,5010.00000,1616.00000,7491.00000,-3262.00000,	2	
Wed Jun 14 17:23:49 2023,2695.0, 0.00000,-5470.00000,2384.00000,4652.00000,-38.00000,7188.00000,-1983.00000,	2	
Wed Jun 14 17:23:49 2023,2696.0, 0.00000,-5700.00000,2568.00000,4494.00000,-1616.00000,6711.00000,-661.00000,	2	
Wed Jun 14 17:23:49 2023,2697.0, 0.00000,-5616.00000,2728.00000,4772.00000,-915.00000,6495.00000,-846.00000,	2	
Wed Jun 14 17:23:49 2023,2698.0, 0.00000,-5386.00000,2622.00000,5220.00000,287.00000,7292.00000,-987.00000,	2	
Wed Jun 14 17:23:49 2023,2699.0, 0.00000,-5370.00000,2544.00000,4816.00000,614.00000,8810.00000,-1317.00000,	2	
Wed Jun 14 17:23:49 2023,2700.0, 0.00000,-5414.00000,2484.00000,3896.00000,432.00000,9625.00000,-2257.00000,	2	
Wed Jun 14 17:23:49 2023,2701.0, 0.00000,-5740.00000,2268.00000,2708.00000,826.00000,9888.00000,-3344.00000,	2	
Wed Jun 14 17:23:49 2023,2702.0, 0.00000,-5994.00000,1930.00000,1806.00000,1825.00000,10169.00000,-4338.00000,	2	
Wed Jun 14 17:23:49 2023,2703.0, 0.00000,-6292.00000,1580.00000,954.00000,1238.00000,10516.00000,-4399.00000,	2	
Wed Jun 14 17:23:49 2023,2704.0, 0.00000,-6600.00000,1316.00000,-46.00000,546.00000,10113.00000,-4347.00000,	2	
Wed Jun 14 17:23:49 2023,2705.0, 0.00000,-6916.00000,890.00000,-518.00000,326.00000,9485.00000,-4042.00000,	2	
Wed Jun 14 17:23:49 2023,2706.0, 0.00000,-7170.00000,464.00000,-866.00000,361.00000,9224.00000,-3890.00000,	2	
Wed Jun 14 17:23:49 2023,2707.0, 0.00000,-7294.00000,246.00000,-1230.00000,598.00000,8937.00000,-3778.00000,	2	
Wed Jun 14 17:23:49 2023,2708.0, 0.00000,-7232.00000,116.00000,-1386.00000,583.00000,8981.00000,-3314.00000,	2	
Wed Jun 14 17:23:49 2023,2709.0, 0.00000,-7272.00000,-58.00000,-1594.00000,427.00000,9447.00000,-2548.00000,	2	
Wed Jun 14 17:23:49 2023,2710.0, 0.00000,-7244.00000,120.00000,-2454.00000,347.00000,8901.00000,-2530.00000,	2	
Wed Jun 14 17:23:49 2023,2711.0, 0.00000,-7520.00000,52.00000,-2478.00000,352.00000,8053.00000,-2297.00000,	2	
Wed Jun 14 17:23:49 2023,2712.0, 0.00000,-7364.00000,60.00000,-3238.00000,946.00000,7366.00000,-2457.00000,	2	
Wed Jun 14 17:23:49 2023,2713.0, 0.00000,-7536.00000,22.00000,-3278.00000,1297.00000,6826.00000,-2581.00000,	2	
Wed Jun 14 17:23:49 2023,2714.0, 0.00000,-7510.00000,-160.00000,-3636.00000,760.00000,6702.00000,-2467.00000,	2	
Wed Jun 14 17:23:49 2023,2715.0, 0.00000,-7574.00000,-210.00000,-3754.00000,129.00000,6380.00000,-1969.00000,	2	
Wed Jun 14 17:23:49 2023,2716.0, 0.00000,-7536.00000,-134.00000,-3828.00000,44.00000,5673.00000,-1459.00000,	2	
Wed Jun 14 17:23:49 2023,2717.0, 0.00000,-7512.00000,-36.00000,-3682.00000,50.00000,4991.00000,-978.00000,	2	
Wed Jun 14 17:23:49 2023,2718.0, 0.00000,-7360.00000,32.00000,-3546.00000,430.00000,5035.00000,-1124.00000,	2	
Wed Jun 14 17:23:49 2023,2719.0, 0.00000,-6844.00000,-38.00000,-5264.00000,911.00000,4879.00000,-2016.00000,	2	
Wed Jun 14 17:23:49 2023,2720.0, 0.00000,-7238.00000,-166.00000,-4020.00000,1404.00000,5031.00000,-1685.00000,	2	
Wed Jun 14 17:23:49 2023,2721.0, 0.00000,-7230.00000,-256.00000,-4550.00000,677.00000,4792.00000,-1433.00000,	2	
Wed Jun 14 17:23:49 2023,2722.0, 0.00000,-7466.00000,-316.00000,-4514.00000,-237.00000,4120.00000,-860.00000,	2	
Wed Jun 14 17:23:49 2023,2723.0, 0.00000,-7254.00000,-326.00000,-4884.00000,237.00000,3507.00000,-626.00000,	2	
Wed Jun 14 17:23:49 2023,2724.0, 0.00000,-7142.00000,-374.00000,-4554.00000,608.00000,3175.00000,-641.00000,	2	
Wed Jun 14 17:23:49 2023,2725.0, 0.00000,-7412.00000,-550.00000,-4248.00000,-110.00000,3056.00000,-1039.00000,	2	
Wed Jun 14 17:23:49 2023,2726.0, 0.00000,-7182.00000,-342.00000,-4434.00000,274.00000,3620.00000,-645.00000,	2	
Wed Jun 14 17:23:49 2023,2727.0, 0.00000,-6856.00000,-314.00000,-4748.00000,476.00000,3703.00000,-276.00000,	2	
Wed Jun 14 17:23:49 2023,2728.0, 0.00000,-3452.00000,-2226.00000,-15532.00000,1229.00000,-4537.00000,-1586.00000,	2	
Wed Jun 14 17:23:49 2023,2729.0, 0.00000,-3612.00000,-2850.00000,-18334.00000,1506.00000,-8695.00000,-915.00000,	2	
Wed Jun 14 17:23:49 2023,2730.0, 0.00000,-4338.00000,-3432.00000,-18750.00000,969.00000,-13384.00000,79.00000,	2	
Wed Jun 14 17:23:49 2023,2731.0, 0.00000,-4708.00000,-3440.00000,-18300.00000,-436.00000,-17179.00000,1500.00000,	2	
Wed Jun 14 17:23:49 2023,2732.0, 0.00000,-4696.00000,-3094.00000,-17402.00000,-951.00000,-20497.00000,2531.00000,	2	
Wed Jun 14 17:23:49 2023,2733.0, 0.00000,-4476.00000,-2826.00000,-16732.00000,-292.00000,-21999.00000,3217.00000,	2	
Wed Jun 14 17:23:49 2023,2734.0, 0.00000,-4222.00000,-2940.00000,-15996.00000,-483.00000,-23461.00000,3909.00000,	2	
Wed Jun 14 17:23:49 2023,2735.0, 0.00000,-3556.00000,-4364.00000,-16136.00000,-1587.00000,-25871.00000,3638.00000,	2	
Wed Jun 14 17:23:49 2023,2736.0, 0.00000,-2676.00000,-4836.00000,-15784.00000,-2241.00000,-28632.00000,4356.00000,	2	
Wed Jun 14 17:23:49 2023,2737.0, 0.00000,-594.00000,-5764.00000,-13436.00000,-1462.00000,-32244.00000,6707.00000,	2	
Wed Jun 14 17:23:49 2023,2738.0, 0.00000,1434.00000,-4792.00000,-11322.00000,-3447.00000,-32768.00000,9497.00000,	2	
Wed Jun 14 17:23:49 2023,2739.0, 0.00000,3392.00000,-3762.00000,-7380.00000,-3937.00000,-32768.00000,11159.00000,	2	
Wed Jun 14 17:23:49 2023,2740.0, 0.00000,5262.00000,-2480.00000,-3936.00000,-3571.00000,-32768.00000,10612.00000,	2	
Wed Jun 14 17:23:50 2023,2741.0, 0.00000,6008.00000,-1936.00000,-1044.00000,-1717.00000,-32326.00000,7818.00000,	2	
Wed Jun 14 17:23:50 2023,2742.0, 0.00000,7138.00000,-1538.00000,1292.00000,-2017.00000,-32003.00000,7940.00000,	2	
Wed Jun 14 17:23:50 2023,2743.0, 0.00000,7618.00000,-870.00000,3500.00000,-1414.00000,-31471.00000,8103.00000,	2	
Wed Jun 14 17:23:50 2023,2744.0, 0.00000,8916.00000,356.00000,6656.00000,-1290.00000,-30272.00000,8956.00000,	2	
Wed Jun 14 17:23:50 2023,2745.0, 0.00000,9538.00000,2194.00000,11842.00000,-2918.00000,-26633.00000,9898.00000,	2	
Wed Jun 14 17:23:50 2023,2748.0, 0.00000,9010.00000,6198.00000,20096.00000,-3642.00000,-12863.00000,6489.00000,	2	
Wed Jun 14 17:23:50 2023,2749.0, 0.00000,8666.00000,6288.00000,21664.00000,-1832.00000,-8713.00000,3313.00000,	2	
Wed Jun 14 17:23:50 2023,2750.0, 0.00000,6800.00000,5106.00000,21356.00000,-965.00000,-924.00000,-858.00000,	2	
Wed Jun 14 17:23:50 2023,2751.0, 0.00000,3242.00000,3080.00000,17540.00000,1397.00000,6287.00000,-4874.00000,	2	
Wed Jun 14 17:23:50 2023,2752.0, 0.00000,342.00000,1032.00000,14220.00000,3059.00000,8892.00000,-6553.00000,	2	
Wed Jun 14 17:23:50 2023,2753.0, 0.00000,-1530.00000,-790.00000,11836.00000,2395.00000,11016.00000,-6158.00000,	2	
Wed Jun 14 17:23:50 2023,2754.0, 0.00000,-3216.00000,-1294.00000,9038.00000,2760.00000,12418.00000,-5221.00000,	2	
Wed Jun 14 17:23:50 2023,2755.0, 0.00000,-4092.00000,-1000.00000,7294.00000,2652.00000,12108.00000,-4298.00000,	2	
Wed Jun 14 17:23:50 2023,2756.0, 0.00000,-4420.00000,-184.00000,6064.00000,1967.00000,11860.00000,-2579.00000,	2	
Wed Jun 14 17:23:50 2023,2757.0, 0.00000,-4482.00000,978.00000,4454.00000,2338.00000,11330.00000,-1352.00000,	2	
Wed Jun 14 17:23:50 2023,2758.0, 0.00000,-4176.00000,2494.00000,4558.00000,2772.00000,11259.00000,-1201.00000,	2	
Wed Jun 14 17:23:50 2023,2759.0, 0.00000,-4190.00000,3174.00000,3640.00000,2537.00000,11273.00000,-2180.00000,	2	
Wed Jun 14 17:23:50 2023,2760.0, 0.00000,-4702.00000,3258.00000,2712.00000,1759.00000,11376.00000,-2926.00000,	2	
Wed Jun 14 17:23:50 2023,2761.0, 0.00000,-5116.00000,2850.00000,1930.00000,1173.00000,10931.00000,-3252.00000,	2	
Wed Jun 14 17:23:50 2023,2762.0, 0.00000,-5598.00000,2250.00000,1462.00000,983.00000,10249.00000,-2850.00000,	2	
Wed Jun 14 17:23:50 2023,2763.0, 0.00000,-6156.00000,1738.00000,1320.00000,1104.00000,9489.00000,-2332.00000,	2	
Wed Jun 14 17:23:50 2023,2764.0, 0.00000,-6078.00000,1662.00000,1518.00000,679.00000,9225.00000,-1965.00000,	2	
Wed Jun 14 17:23:50 2023,2765.0, 0.00000,-6148.00000,1540.00000,1154.00000,432.00000,9707.00000,-2427.00000,	2	
Wed Jun 14 17:23:50 2023,2766.0, 0.00000,-6356.00000,1470.00000,592.00000,725.00000,9472.00000,-2976.00000,	2	
Wed Jun 14 17:23:50 2023,2767.0, 0.00000,-6624.00000,1210.00000,316.00000,1272.00000,9253.00000,-3299.00000,	2	
Wed Jun 14 17:23:50 2023,2768.0, 0.00000,-6608.00000,994.00000,-86.00000,1080.00000,9066.00000,-2791.00000,	2	
Wed Jun 14 17:23:50 2023,2769.0, 0.00000,-6874.00000,834.00000,-470.00000,860.00000,9325.00000,-2747.00000,	2	
Wed Jun 14 17:23:50 2023,2770.0, 0.00000,-7064.00000,608.00000,-744.00000,52.00000,9664.00000,-2175.00000,	2	
Wed Jun 14 17:23:50 2023,2771.0, 0.00000,-7350.00000,600.00000,-1452.00000,450.00000,9291.00000,-2614.00000,	2	
Wed Jun 14 17:23:50 2023,2772.0, 0.00000,-7538.00000,286.00000,-1154.00000,64.00000,8390.00000,-2162.00000,	2	
Wed Jun 14 17:23:50 2023,2773.0, 0.00000,-7668.00000,150.00000,-1340.00000,-57.00000,7906.00000,-1833.00000,	2	
Wed Jun 14 17:23:50 2023,2774.0, 0.00000,-7604.00000,0.00000,-1258.00000,180.00000,7377.00000,-1788.00000,	2	
Wed Jun 14 17:23:50 2023,2775.0, 0.00000,-7478.00000,-178.00000,-1152.00000,-8.00000,7326.00000,-1304.00000,	2	
Wed Jun 14 17:23:50 2023,2776.0, 0.00000,-7358.00000,-122.00000,-1516.00000,497.00000,7973.00000,-1336.00000,	2	
Wed Jun 14 17:23:50 2023,2777.0, 0.00000,-7384.00000,-8.00000,-1352.00000,379.00000,8373.00000,-1042.00000,	2	
Wed Jun 14 17:23:50 2023,2778.0, 0.00000,-7304.00000,-82.00000,-1918.00000,684.00000,8749.00000,-790.00000,	2	
Wed Jun 14 17:23:50 2023,2779.0, 0.00000,-7186.00000,-34.00000,-2450.00000,1010.00000,8484.00000,-1012.00000,	2	
Wed Jun 14 17:23:50 2023,2780.0, 0.00000,-7206.00000,-176.00000,-2762.00000,1184.00000,7995.00000,-1438.00000,	2	
Wed Jun 14 17:23:50 2023,2781.0, 0.00000,-7130.00000,-264.00000,-2974.00000,950.00000,7388.00000,-1383.00000,	2	
Wed Jun 14 17:23:50 2023,2782.0, 0.00000,-7524.00000,296.00000,-916.00000,2003.00000,7434.00000,-2101.00000,	2	
Wed Jun 14 17:23:50 2023,2783.0, 0.00000,-6488.00000,-444.00000,-3240.00000,841.00000,7457.00000,-578.00000,	2	
Wed Jun 14 17:23:50 2023,2784.0, 0.00000,-6966.00000,-376.00000,-3376.00000,193.00000,7578.00000,-502.00000,	2	
Wed Jun 14 17:23:50 2023,2785.0, 0.00000,-6432.00000,-446.00000,-3808.00000,963.00000,8364.00000,-389.00000,	2	
Wed Jun 14 17:23:50 2023,2786.0, 0.00000,-5954.00000,-728.00000,-6518.00000,2035.00000,8174.00000,-1059.00000,	2	
Wed Jun 14 17:23:50 2023,2787.0, 0.00000,-6042.00000,-12.00000,-7146.00000,2590.00000,8069.00000,-1633.00000,	2	
Wed Jun 14 17:23:50 2023,2788.0, 0.00000,-5954.00000,-474.00000,-6186.00000,2192.00000,7648.00000,-1549.00000,	2	
Wed Jun 14 17:23:50 2023,2789.0, 0.00000,-6566.00000,-470.00000,-6046.00000,1989.00000,7141.00000,-1418.00000,	2	
Wed Jun 14 17:23:51 2023,2790.0, 0.00000,-3054.00000,-2284.00000,-15608.00000,387.00000,-6294.00000,-2374.00000,	2	
Wed Jun 14 17:23:51 2023,2791.0, 0.00000,-3298.00000,-2596.00000,-16850.00000,-589.00000,-9440.00000,-1668.00000,	2	
Wed Jun 14 17:23:51 2023,2792.0, 0.00000,-3180.00000,-3390.00000,-18172.00000,941.00000,-12018.00000,-1244.00000,	2	
Wed Jun 14 17:23:51 2023,2793.0, 0.00000,-3736.00000,-3544.00000,-18596.00000,1345.00000,-15216.00000,-32.00000,	2	
Wed Jun 14 17:23:51 2023,2794.0, 0.00000,-3496.00000,-3926.00000,-19240.00000,261.00000,-17879.00000,1558.00000,	2	
Wed Jun 14 17:23:51 2023,2795.0, 0.00000,-3630.00000,-4206.00000,-19338.00000,289.00000,-21449.00000,3132.00000,	2	
Wed Jun 14 17:23:51 2023,2796.0, 0.00000,-2860.00000,-4712.00000,-18236.00000,-1070.00000,-25025.00000,4152.00000,	2	
Wed Jun 14 17:23:51 2023,2797.0, 0.00000,-1058.00000,-5056.00000,-18156.00000,-2391.00000,-27380.00000,4929.00000,	2	
Wed Jun 14 17:23:51 2023,2798.0, 0.00000,-864.00000,-5424.00000,-15592.00000,-1894.00000,-31155.00000,4736.00000,	2	
Wed Jun 14 17:23:51 2023,2799.0, 0.00000,924.00000,-5896.00000,-12186.00000,-2142.00000,-32768.00000,7576.00000,	2	
Wed Jun 14 17:23:51 2023,2800.0, 0.00000,3136.00000,-4850.00000,-9176.00000,-4075.00000,-32768.00000,9747.00000,	2	
Wed Jun 14 17:23:51 2023,2801.0, 0.00000,5212.00000,-4120.00000,-5446.00000,-4185.00000,-32768.00000,11464.00000,	2	
Wed Jun 14 17:23:51 2023,2802.0, 0.00000,7136.00000,-2776.00000,-2924.00000,-3141.00000,-32768.00000,11036.00000,	2	
Wed Jun 14 17:23:51 2023,2803.0, 0.00000,8146.00000,-1672.00000,306.00000,-2193.00000,-32768.00000,8585.00000,	2	
Wed Jun 14 17:23:51 2023,2804.0, 0.00000,8578.00000,-1034.00000,3400.00000,-2555.00000,-32768.00000,9192.00000,	2	
Wed Jun 14 17:23:52 2023,2805.0, 0.00000,9116.00000,-70.00000,6314.00000,-1878.00000,-32469.00000,8983.00000,	2	
Wed Jun 14 17:23:52 2023,2806.0, 0.00000,10010.00000,1494.00000,9488.00000,-1963.00000,-30342.00000,9296.00000,	2	
Wed Jun 14 17:23:52 2023,2807.0, 0.00000,9752.00000,2888.00000,12566.00000,-3344.00000,-24800.00000,8285.00000,	2	
Wed Jun 14 17:23:52 2023,2811.0, 0.00000,5766.00000,5306.00000,20690.00000,-1683.00000,-3558.00000,1789.00000,	2	
Wed Jun 14 17:23:52 2023,2812.0, 0.00000,3628.00000,4240.00000,19910.00000,-618.00000,2257.00000,-1719.00000,	2	
Wed Jun 14 17:23:52 2023,2813.0, 0.00000,1190.00000,2950.00000,16116.00000,1820.00000,6995.00000,-4636.00000,	2	
Wed Jun 14 17:23:52 2023,2814.0, 0.00000,-1436.00000,1168.00000,13628.00000,3243.00000,8989.00000,-5598.00000,	2	
Wed Jun 14 17:23:52 2023,2815.0, 0.00000,-3120.00000,-104.00000,11154.00000,3370.00000,9996.00000,-6042.00000,	2	
Wed Jun 14 17:23:52 2023,2816.0, 0.00000,-3986.00000,-958.00000,8998.00000,3671.00000,10467.00000,-4944.00000,	2	
Wed Jun 14 17:23:52 2023,2817.0, 0.00000,-4076.00000,-934.00000,8404.00000,2661.00000,10466.00000,-3300.00000,	2	
Wed Jun 14 17:23:52 2023,2818.0, 0.00000,-3724.00000,-62.00000,7786.00000,1313.00000,11165.00000,-1221.00000,	2	
Wed Jun 14 17:23:52 2023,2819.0, 0.00000,-3628.00000,826.00000,6100.00000,1917.00000,12809.00000,-730.00000,	2	
Wed Jun 14 17:23:52 2023,2820.0, 0.00000,-3418.00000,1684.00000,4716.00000,2464.00000,13967.00000,-1914.00000,	2	
Wed Jun 14 17:23:52 2023,2821.0, 0.00000,-3654.00000,2078.00000,3154.00000,3641.00000,14554.00000,-3545.00000,	2	
Wed Jun 14 17:23:52 2023,2822.0, 0.00000,-4260.00000,2018.00000,1946.00000,3277.00000,14143.00000,-3874.00000,	2	
Wed Jun 14 17:23:52 2023,2823.0, 0.00000,-5064.00000,1914.00000,1048.00000,1535.00000,12454.00000,-2952.00000,	2	
Wed Jun 14 17:23:52 2023,2824.0, 0.00000,-4870.00000,1826.00000,378.00000,1032.00000,10442.00000,-2182.00000,	2	
Wed Jun 14 17:23:52 2023,2825.0, 0.00000,-4812.00000,1466.00000,400.00000,2213.00000,10496.00000,-2508.00000,	2	
Wed Jun 14 17:23:52 2023,2826.0, 0.00000,-5106.00000,1234.00000,544.00000,2235.00000,12169.00000,-3535.00000,	2	
Wed Jun 14 17:23:52 2023,2827.0, 0.00000,-5458.00000,782.00000,-252.00000,1359.00000,14230.00000,-4139.00000,	2	
Wed Jun 14 17:23:52 2023,2828.0, 0.00000,-5974.00000,406.00000,-1932.00000,1745.00000,14191.00000,-4638.00000,	2	
Wed Jun 14 17:23:52 2023,2829.0, 0.00000,-6470.00000,-78.00000,-2356.00000,2148.00000,12532.00000,-3981.00000,	2	
Wed Jun 14 17:23:52 2023,2830.0, 0.00000,-6660.00000,-324.00000,-2878.00000,1511.00000,10719.00000,-2531.00000,	2	
Wed Jun 14 17:23:52 2023,2831.0, 0.00000,-7036.00000,-240.00000,-3158.00000,1247.00000,9894.00000,-2035.00000,	2	
Wed Jun 14 17:23:52 2023,2832.0, 0.00000,-6760.00000,-240.00000,-2980.00000,1322.00000,10139.00000,-2145.00000,	2	
Wed Jun 14 17:23:52 2023,2833.0, 0.00000,-6948.00000,-286.00000,-3194.00000,703.00000,10747.00000,-2091.00000,	2	
Wed Jun 14 17:23:52 2023,2835.0, 0.00000,-7264.00000,-432.00000,-4074.00000,1004.00000,9913.00000,-1924.00000,	2	
Wed Jun 14 17:23:52 2023,2836.0, 0.00000,-7384.00000,-442.00000,-4602.00000,1610.00000,9062.00000,-1819.00000,	2	
Wed Jun 14 17:23:52 2023,2837.0, 0.00000,-7408.00000,-384.00000,-4594.00000,1684.00000,8279.00000,-2118.00000,	2	
Wed Jun 14 17:23:52 2023,2838.0, 0.00000,-7562.00000,-400.00000,-4748.00000,495.00000,7767.00000,-1848.00000,	2	
Wed Jun 14 17:23:52 2023,2839.0, 0.00000,-8044.00000,-468.00000,-5564.00000,685.00000,7268.00000,-1861.00000,	2	
Wed Jun 14 17:23:52 2023,2840.0, 0.00000,-7628.00000,-456.00000,-6028.00000,675.00000,7175.00000,-2588.00000,	2	
Wed Jun 14 17:23:52 2023,2841.0, 0.00000,-7504.00000,-540.00000,-5652.00000,1394.00000,6261.00000,-2357.00000,	2	
Wed Jun 14 17:23:52 2023,2842.0, 0.00000,-7456.00000,-640.00000,-5544.00000,739.00000,5878.00000,-1612.00000,	2	
Wed Jun 14 17:23:52 2023,2843.0, 0.00000,-7014.00000,-640.00000,-5990.00000,525.00000,5502.00000,-1421.00000,	2	
Wed Jun 14 17:23:52 2023,2844.0, 0.00000,-7310.00000,-606.00000,-5630.00000,-87.00000,4811.00000,-1303.00000,	2	
Wed Jun 14 17:23:52 2023,2845.0, 0.00000,-7122.00000,-550.00000,-5532.00000,-618.00000,4518.00000,-928.00000,	2	
Wed Jun 14 17:23:52 2023,2846.0, 0.00000,-6664.00000,-906.00000,-5568.00000,279.00000,4072.00000,-730.00000,	2	
Wed Jun 14 17:23:52 2023,2847.0, 0.00000,-6612.00000,-996.00000,-5570.00000,1187.00000,4535.00000,792.00000,	2	
Wed Jun 14 17:23:52 2023,2848.0, 0.00000,-6516.00000,-1144.00000,-5566.00000,270.00000,4913.00000,1154.00000,	2	
Wed Jun 14 17:23:52 2023,2849.0, 0.00000,-6516.00000,-200.00000,-6404.00000,316.00000,5030.00000,372.00000,	2	
Wed Jun 14 17:23:52 2023,2850.0, 0.00000,-6122.00000,-242.00000,-5814.00000,-143.00000,3629.00000,-660.00000,	2	
Wed Jun 14 17:23:52 2023,2851.0, 0.00000,-6310.00000,-176.00000,-5088.00000,50.00000,3034.00000,-431.00000,	2	
Wed Jun 14 17:23:53 2023,2852.0, 0.00000,-3914.00000,-2502.00000,-15028.00000,704.00000,-12736.00000,-1222.00000,	2	
Wed Jun 14 17:23:53 2023,2853.0, 0.00000,-4032.00000,-2988.00000,-16280.00000,581.00000,-14483.00000,-539.00000,	2	
Wed Jun 14 17:23:53 2023,2855.0, 0.00000,-4354.00000,-3664.00000,-17338.00000,-124.00000,-19740.00000,2717.00000,	2	
Wed Jun 14 17:23:53 2023,2856.0, 0.00000,-4132.00000,-3576.00000,-16300.00000,-968.00000,-22827.00000,3861.00000,	2	
Wed Jun 14 17:23:53 2023,2857.0, 0.00000,-2742.00000,-3938.00000,-15380.00000,-1086.00000,-24906.00000,4372.00000,	2	
Wed Jun 14 17:23:53 2023,2858.0, 0.00000,-2984.00000,-3982.00000,-13632.00000,-519.00000,-26466.00000,3998.00000,	2	
Wed Jun 14 17:23:53 2023,2859.0, 0.00000,-1630.00000,-4308.00000,-11932.00000,130.00000,-27578.00000,5676.00000,	2	
Wed Jun 14 17:23:53 2023,2860.0, 0.00000,130.00000,-4716.00000,-9820.00000,-1616.00000,-28191.00000,5827.00000,	2	
Wed Jun 14 17:23:53 2023,2861.0, 0.00000,834.00000,-4824.00000,-8168.00000,-2980.00000,-29720.00000,8433.00000,	2	
Wed Jun 14 17:23:53 2023,2862.0, 0.00000,2668.00000,-3954.00000,-5430.00000,-1600.00000,-32006.00000,9698.00000,	2	
Wed Jun 14 17:23:53 2023,2863.0, 0.00000,4056.00000,-2314.00000,-3150.00000,-1671.00000,-30920.00000,9962.00000,	2	
Wed Jun 14 17:23:53 2023,2864.0, 0.00000,4546.00000,-880.00000,908.00000,-2293.00000,-29877.00000,8570.00000,	2	
Wed Jun 14 17:23:53 2023,2865.0, 0.00000,4920.00000,-332.00000,2384.00000,-1342.00000,-25228.00000,6008.00000,	2	
Wed Jun 14 17:23:53 2023,2866.0, 0.00000,4676.00000,436.00000,4040.00000,-41.00000,-25315.00000,6226.00000,	2	
Wed Jun 14 17:23:53 2023,2867.0, 0.00000,4642.00000,1264.00000,6722.00000,323.00000,-25592.00000,6903.00000,	2	
Wed Jun 14 17:23:53 2023,2868.0, 0.00000,5972.00000,2690.00000,10256.00000,-1072.00000,-22568.00000,7510.00000,	2	
Wed Jun 14 17:23:54 2023,2869.0, 0.00000,4924.00000,4104.00000,13672.00000,-2872.00000,-17518.00000,7436.00000,	2	
Wed Jun 14 17:23:54 2023,2870.0, 0.00000,4272.00000,5028.00000,14894.00000,-4199.00000,-13236.00000,6588.00000,	2	
Wed Jun 14 17:23:54 2023,2871.0, 0.00000,3766.00000,5788.00000,17866.00000,-2613.00000,-8685.00000,3955.00000,	2	
Wed Jun 14 17:23:54 2023,2872.0, 0.00000,2468.00000,5804.00000,18380.00000,-1439.00000,-4545.00000,1196.00000,	2	
Wed Jun 14 17:23:54 2023,2873.0, 0.00000,1156.00000,4812.00000,17816.00000,-1441.00000,-162.00000,-697.00000,	2	
Wed Jun 14 17:23:54 2023,2874.0, 0.00000,-722.00000,3522.00000,15690.00000,109.00000,2716.00000,-1836.00000,	2	
Wed Jun 14 17:23:54 2023,2875.0, 0.00000,-2132.00000,1904.00000,13820.00000,1946.00000,3656.00000,-2557.00000,	2	
Wed Jun 14 17:23:54 2023,2876.0, 0.00000,-3336.00000,732.00000,11880.00000,1488.00000,5791.00000,-2341.00000,	2	
Wed Jun 14 17:23:54 2023,2877.0, 0.00000,-4268.00000,118.00000,9790.00000,1771.00000,7844.00000,-2557.00000,	2	
Wed Jun 14 17:23:54 2023,2878.0, 0.00000,-4232.00000,80.00000,8782.00000,2506.00000,9117.00000,-2761.00000,	2	
Wed Jun 14 17:23:54 2023,2879.0, 0.00000,-4878.00000,164.00000,7418.00000,1453.00000,11332.00000,-2452.00000,	2	
Wed Jun 14 17:23:54 2023,2880.0, 0.00000,-4956.00000,486.00000,5726.00000,1256.00000,11494.00000,-1672.00000,	2	
Wed Jun 14 17:23:54 2023,2881.0, 0.00000,-4998.00000,818.00000,4344.00000,2547.00000,10245.00000,-1636.00000,	2	
Wed Jun 14 17:23:54 2023,2882.0, 0.00000,-4852.00000,1164.00000,3396.00000,3899.00000,8752.00000,-1476.00000,	2	
Wed Jun 14 17:23:54 2023,2883.0, 0.00000,-4434.00000,1956.00000,3108.00000,3542.00000,8659.00000,-1478.00000,	2	
Wed Jun 14 17:23:54 2023,2884.0, 0.00000,-4736.00000,1980.00000,2682.00000,2136.00000,10994.00000,-2014.00000,	2	
Wed Jun 14 17:23:54 2023,2885.0, 0.00000,-4946.00000,1878.00000,1716.00000,247.00000,13381.00000,-1725.00000,	2	
Wed Jun 14 17:23:54 2023,2886.0, 0.00000,-5426.00000,1376.00000,328.00000,1190.00000,13641.00000,-2094.00000,	2	
Wed Jun 14 17:23:54 2023,2887.0, 0.00000,-5826.00000,1010.00000,168.00000,2460.00000,12231.00000,-1775.00000,	2	
Wed Jun 14 17:23:54 2023,2889.0, 0.00000,-5730.00000,1460.00000,-576.00000,1780.00000,9343.00000,-943.00000,	2	
Wed Jun 14 17:23:54 2023,2890.0, 0.00000,-5568.00000,1606.00000,-680.00000,2235.00000,9607.00000,-2145.00000,	2	
Wed Jun 14 17:23:54 2023,2891.0, 0.00000,-5852.00000,1190.00000,-1130.00000,2653.00000,11139.00000,-3124.00000,	2	
Wed Jun 14 17:23:54 2023,2892.0, 0.00000,-6372.00000,818.00000,-1940.00000,2200.00000,12148.00000,-3186.00000,	2	
Wed Jun 14 17:23:54 2023,2893.0, 0.00000,-6800.00000,120.00000,-2588.00000,2062.00000,12395.00000,-2531.00000,	2	
Wed Jun 14 17:23:54 2023,2894.0, 0.00000,-7182.00000,312.00000,-2902.00000,822.00000,11517.00000,-1664.00000,	2	
Wed Jun 14 17:23:54 2023,2895.0, 0.00000,-7508.00000,636.00000,-2834.00000,-414.00000,9434.00000,-1544.00000,	2	
Wed Jun 14 17:23:54 2023,2896.0, 0.00000,-6786.00000,346.00000,-2358.00000,-585.00000,8794.00000,-1516.00000,	2	
Wed Jun 14 17:23:54 2023,2897.0, 0.00000,-6418.00000,90.00000,-3004.00000,939.00000,9533.00000,-2129.00000,	2	
Wed Jun 14 17:23:54 2023,2898.0, 0.00000,-6570.00000,-196.00000,-3542.00000,2459.00000,10237.00000,-2772.00000,	2	
Wed Jun 14 17:23:54 2023,2899.0, 0.00000,-6930.00000,-218.00000,-4570.00000,1652.00000,9814.00000,-2626.00000,	2	
Wed Jun 14 17:23:54 2023,2900.0, 0.00000,-7250.00000,-438.00000,-6044.00000,1171.00000,8216.00000,-2294.00000,	2	
Wed Jun 14 17:23:54 2023,2901.0, 0.00000,-6638.00000,-292.00000,-5334.00000,1025.00000,6914.00000,-1813.00000,	2	
Wed Jun 14 17:23:54 2023,2902.0, 0.00000,-5888.00000,-554.00000,-5456.00000,900.00000,6989.00000,-1559.00000,	2	
Wed Jun 14 17:23:54 2023,2903.0, 0.00000,-6960.00000,-520.00000,-6700.00000,2056.00000,6939.00000,-1980.00000,	2	
Wed Jun 14 17:23:54 2023,2904.0, 0.00000,-5308.00000,-308.00000,-6204.00000,1495.00000,7206.00000,-2482.00000,	2	
Wed Jun 14 17:23:54 2023,2905.0, 0.00000,-6474.00000,-368.00000,-6250.00000,1142.00000,6503.00000,-2279.00000,	2	
Wed Jun 14 17:23:54 2023,2906.0, 0.00000,-6634.00000,-522.00000,-6090.00000,508.00000,5598.00000,-1539.00000,	2	
Wed Jun 14 17:23:54 2023,2907.0, 0.00000,-6088.00000,-552.00000,-6112.00000,772.00000,5340.00000,-1187.00000,	2	
Wed Jun 14 17:23:54 2023,2908.0, 0.00000,-6250.00000,-542.00000,-5962.00000,630.00000,5848.00000,638.00000,	2	
Wed Jun 14 17:23:55 2023,2914.0, 0.00000,-2928.00000,-2466.00000,-15582.00000,1198.00000,-6854.00000,-2325.00000,	2	
Wed Jun 14 17:23:55 2023,2915.0, 0.00000,-3410.00000,-2800.00000,-17074.00000,1487.00000,-10366.00000,-1810.00000,	2	
Wed Jun 14 17:23:55 2023,2916.0, 0.00000,-3542.00000,-2742.00000,-17254.00000,334.00000,-13872.00000,-702.00000,	2	
Wed Jun 14 17:23:55 2023,2917.0, 0.00000,-3676.00000,-2530.00000,-16444.00000,-1527.00000,-16263.00000,328.00000,	2	
Wed Jun 14 17:23:55 2023,2918.0, 0.00000,-3834.00000,-2572.00000,-16092.00000,-1668.00000,-18093.00000,928.00000,	2	
Wed Jun 14 17:23:55 2023,2919.0, 0.00000,-3680.00000,-2918.00000,-15566.00000,-232.00000,-20143.00000,2314.00000,	2	
Wed Jun 14 17:23:55 2023,2920.0, 0.00000,-3240.00000,-3942.00000,-14990.00000,139.00000,-22859.00000,2882.00000,	2	
Wed Jun 14 17:23:55 2023,2921.0, 0.00000,-2432.00000,-4532.00000,-13798.00000,-541.00000,-25331.00000,3457.00000,	2	
Wed Jun 14 17:23:55 2023,2922.0, 0.00000,1030.00000,-4890.00000,-11412.00000,-1323.00000,-27367.00000,4100.00000,	2	
Wed Jun 14 17:23:55 2023,2923.0, 0.00000,-472.00000,-4446.00000,-7800.00000,-3504.00000,-26088.00000,4341.00000,	2	
Wed Jun 14 17:23:55 2023,2924.0, 0.00000,234.00000,-4616.00000,-6358.00000,-3318.00000,-26096.00000,5213.00000,	2	
Wed Jun 14 17:23:55 2023,2925.0, 0.00000,1238.00000,-3982.00000,-4926.00000,-548.00000,-27207.00000,6573.00000,	2	
Wed Jun 14 17:23:55 2023,2926.0, 0.00000,1486.00000,-2748.00000,-1736.00000,-905.00000,-28414.00000,7507.00000,	2	
Wed Jun 14 17:23:55 2023,2927.0, 0.00000,2922.00000,-1400.00000,176.00000,-960.00000,-27992.00000,8255.00000,	2	
Wed Jun 14 17:23:55 2023,2928.0, 0.00000,3170.00000,292.00000,1874.00000,-1184.00000,-26632.00000,6846.00000,	2	
Wed Jun 14 17:23:55 2023,2929.0, 0.00000,3190.00000,1758.00000,4086.00000,-304.00000,-24915.00000,5632.00000,	2	
Wed Jun 14 17:23:55 2023,2930.0, 0.00000,2696.00000,2408.00000,6142.00000,992.00000,-23081.00000,5312.00000,	2	
Wed Jun 14 17:23:55 2023,2931.0, 0.00000,1930.00000,2972.00000,9212.00000,1745.00000,-21928.00000,5372.00000,	2	
Wed Jun 14 17:23:55 2023,2932.0, 0.00000,1644.00000,3600.00000,10636.00000,340.00000,-19096.00000,5836.00000,	2	
Wed Jun 14 17:23:55 2023,2933.0, 0.00000,1332.00000,4098.00000,13060.00000,-2609.00000,-16301.00000,6150.00000,	2	
Wed Jun 14 17:23:55 2023,2934.0, 0.00000,1276.00000,4618.00000,14892.00000,-2669.00000,-11736.00000,5615.00000,	2	
Wed Jun 14 17:23:55 2023,2935.0, 0.00000,226.00000,4600.00000,15002.00000,-2053.00000,-8151.00000,3607.00000,	2	
Wed Jun 14 17:23:55 2023,2936.0, 0.00000,-500.00000,4722.00000,15714.00000,-2290.00000,-4292.00000,2210.00000,	2	
Wed Jun 14 17:23:55 2023,2937.0, 0.00000,-1438.00000,4178.00000,15162.00000,-1543.00000,-1046.00000,279.00000,	2	
Wed Jun 14 17:23:55 2023,2938.0, 0.00000,-2400.00000,2862.00000,13648.00000,823.00000,1259.00000,-974.00000,	2	
Wed Jun 14 17:23:55 2023,2939.0, 0.00000,-2726.00000,1642.00000,12802.00000,1117.00000,3373.00000,-1151.00000,	2	
Wed Jun 14 17:23:56 2023,2940.0, 0.00000,-3248.00000,880.00000,11294.00000,236.00000,5970.00000,-1388.00000,	2	
Wed Jun 14 17:23:56 2023,2941.0, 0.00000,-4088.00000,442.00000,9256.00000,882.00000,8123.00000,-1861.00000,	2	
Wed Jun 14 17:23:56 2023,2942.0, 0.00000,-3978.00000,228.00000,7974.00000,1996.00000,9455.00000,-2149.00000,	2	
Wed Jun 14 17:23:56 2023,2943.0, 0.00000,-4304.00000,480.00000,7036.00000,1836.00000,10406.00000,-1821.00000,	2	
Wed Jun 14 17:23:56 2023,2944.0, 0.00000,-4562.00000,794.00000,5762.00000,1080.00000,11043.00000,-1432.00000,	2	
Wed Jun 14 17:23:56 2023,2945.0, 0.00000,-4602.00000,1168.00000,4598.00000,1064.00000,10739.00000,-1077.00000,	2	
Wed Jun 14 17:23:56 2023,2946.0, 0.00000,-4350.00000,1806.00000,4166.00000,1037.00000,11047.00000,-1085.00000,	2	
Wed Jun 14 17:23:56 2023,2947.0, 0.00000,-4366.00000,1926.00000,3266.00000,1123.00000,11867.00000,-1341.00000,	2	
Wed Jun 14 17:23:56 2023,2948.0, 0.00000,-4672.00000,1922.00000,2128.00000,1613.00000,12147.00000,-1746.00000,	2	
Wed Jun 14 17:23:56 2023,2949.0, 0.00000,-4992.00000,1670.00000,788.00000,2784.00000,12145.00000,-2591.00000,	2	
Wed Jun 14 17:23:56 2023,2952.0, 0.00000,-6042.00000,748.00000,-1990.00000,1341.00000,13200.00000,-3977.00000,	2	
Wed Jun 14 17:23:56 2023,2953.0, 0.00000,-6582.00000,554.00000,-2896.00000,-84.00000,12000.00000,-3047.00000,	2	
Wed Jun 14 17:23:56 2023,2954.0, 0.00000,-6898.00000,242.00000,-3356.00000,243.00000,10286.00000,-2152.00000,	2	
Wed Jun 14 17:23:56 2023,2955.0, 0.00000,-6666.00000,300.00000,-3046.00000,935.00000,8951.00000,-1551.00000,	2	
Wed Jun 14 17:23:56 2023,2956.0, 0.00000,-6582.00000,190.00000,-3018.00000,1702.00000,9867.00000,-2281.00000,	2	
Wed Jun 14 17:23:56 2023,2957.0, 0.00000,-6866.00000,-36.00000,-2706.00000,1180.00000,10802.00000,-2500.00000,	2	
Wed Jun 14 17:23:56 2023,2958.0, 0.00000,-7288.00000,-244.00000,-4264.00000,635.00000,10264.00000,-2343.00000,	2	
Wed Jun 14 17:23:56 2023,2959.0, 0.00000,-7506.00000,-452.00000,-4068.00000,-582.00000,8686.00000,-1540.00000,	2	
Wed Jun 14 17:23:56 2023,2960.0, 0.00000,-7256.00000,-448.00000,-3944.00000,-500.00000,7380.00000,-768.00000,	2	
Wed Jun 14 17:23:56 2023,2961.0, 0.00000,-6622.00000,-152.00000,-3394.00000,-3.00000,7559.00000,-912.00000,	2	
Wed Jun 14 17:23:56 2023,2962.0, 0.00000,-6624.00000,-62.00000,-3672.00000,443.00000,8606.00000,-1556.00000,	2	
Wed Jun 14 17:23:56 2023,2963.0, 0.00000,-6842.00000,-322.00000,-4232.00000,794.00000,9057.00000,-1778.00000,	2	
Wed Jun 14 17:23:56 2023,2964.0, 0.00000,-6858.00000,-660.00000,-5230.00000,1551.00000,8636.00000,-2383.00000,	2	
Wed Jun 14 17:23:56 2023,2965.0, 0.00000,-8188.00000,-886.00000,-5172.00000,1210.00000,7426.00000,-3098.00000,	2	
Wed Jun 14 17:23:56 2023,2966.0, 0.00000,-6940.00000,-1298.00000,-6144.00000,1388.00000,7205.00000,-2017.00000,	2	
Wed Jun 14 17:23:56 2023,2967.0, 0.00000,-6756.00000,-1052.00000,-5782.00000,1209.00000,6492.00000,-1486.00000,	2	
Wed Jun 14 17:23:56 2023,2968.0, 0.00000,-6200.00000,-1144.00000,-5802.00000,133.00000,6801.00000,-735.00000,	2	
Wed Jun 14 17:23:56 2023,2969.0, 0.00000,-6478.00000,-1492.00000,-6042.00000,-163.00000,7272.00000,505.00000,	2	
Wed Jun 14 17:23:56 2023,2970.0, 0.00000,-6446.00000,-1314.00000,-9544.00000,424.00000,6764.00000,965.00000,	2	
Wed Jun 14 17:23:56 2023,2971.0, 0.00000,-6448.00000,-632.00000,-6078.00000,83.00000,6532.00000,-82.00000,	2	
Wed Jun 14 17:23:57 2023,2976.0, 0.00000,-3300.00000,-1828.00000,-15470.00000,105.00000,-10917.00000,176.00000,	2	
Wed Jun 14 17:23:57 2023,2977.0, 0.00000,-3712.00000,-2218.00000,-16024.00000,-266.00000,-13631.00000,503.00000,	2	
Wed Jun 14 17:23:57 2023,2978.0, 0.00000,-3550.00000,-2742.00000,-15940.00000,-554.00000,-15939.00000,1584.00000,	2	
Wed Jun 14 17:23:57 2023,2979.0, 0.00000,-3174.00000,-2852.00000,-16152.00000,-667.00000,-18178.00000,2265.00000,	2	
Wed Jun 14 17:23:57 2023,2980.0, 0.00000,-3116.00000,-3322.00000,-15852.00000,-366.00000,-19928.00000,1996.00000,	2	
Wed Jun 14 17:23:57 2023,2981.0, 0.00000,-2670.00000,-3900.00000,-15910.00000,-1612.00000,-22178.00000,2792.00000,	2	
Wed Jun 14 17:23:57 2023,2982.0, 0.00000,-1604.00000,-4594.00000,-16226.00000,-1449.00000,-24563.00000,3504.00000,	2	
Wed Jun 14 17:23:57 2023,2983.0, 0.00000,-1028.00000,-5260.00000,-13906.00000,-225.00000,-27769.00000,5021.00000,	2	
Wed Jun 14 17:23:57 2023,2984.0, 0.00000,980.00000,-5108.00000,-11968.00000,-2147.00000,-30964.00000,7103.00000,	2	
Wed Jun 14 17:23:57 2023,2985.0, 0.00000,2234.00000,-4052.00000,-8712.00000,-3213.00000,-32439.00000,8277.00000,	2	
Wed Jun 14 17:23:57 2023,2986.0, 0.00000,3624.00000,-3118.00000,-5398.00000,-3590.00000,-32768.00000,9565.00000,	2	
Wed Jun 14 17:23:57 2023,2987.0, 0.00000,4852.00000,-2310.00000,-2930.00000,-2420.00000,-31321.00000,7876.00000,	2	
Wed Jun 14 17:23:57 2023,2988.0, 0.00000,4992.00000,-2210.00000,-1260.00000,-1822.00000,-30441.00000,7209.00000,	2	
Wed Jun 14 17:23:57 2023,2989.0, 0.00000,5884.00000,-1408.00000,1118.00000,-888.00000,-32148.00000,7342.00000,	2	
Wed Jun 14 17:23:57 2023,2990.0, 0.00000,7060.00000,250.00000,5270.00000,628.00000,-32768.00000,8727.00000,	2	
Wed Jun 14 17:23:57 2023,2991.0, 0.00000,9426.00000,2412.00000,9290.00000,4.00000,-31624.00000,10158.00000,	2	
Wed Jun 14 17:23:57 2023,2992.0, 0.00000,8808.00000,4294.00000,14064.00000,-4257.00000,-26799.00000,10545.00000,	2	
Wed Jun 14 17:23:58 2023,2996.0, 0.00000,7098.00000,5972.00000,24494.00000,-2055.00000,-2370.00000,-991.00000,	2	
Wed Jun 14 17:23:58 2023,2997.0, 0.00000,3974.00000,2508.00000,20204.00000,-767.00000,6309.00000,-4139.00000,	2	
Wed Jun 14 17:23:58 2023,2998.0, 0.00000,556.00000,372.00000,15150.00000,2659.00000,10189.00000,-6539.00000,	2	
Wed Jun 14 17:23:58 2023,2999.0, 0.00000,-2252.00000,-1522.00000,12278.00000,5234.00000,11743.00000,-7314.00000,	2	
Wed Jun 14 17:23:58 2023,3000.0, 0.00000,-4036.00000,-2314.00000,9472.00000,3743.00000,13376.00000,-5592.00000,	2	
Wed Jun 14 17:23:58 2023,3001.0, 0.00000,-5184.00000,-2152.00000,6508.00000,2562.00000,13339.00000,-3403.00000,	2	
Wed Jun 14 17:23:58 2023,3002.0, 0.00000,-5600.00000,-972.00000,5110.00000,3013.00000,12111.00000,-1880.00000,	2	
Wed Jun 14 17:23:58 2023,3003.0, 0.00000,-5548.00000,768.00000,5010.00000,2703.00000,11742.00000,-1104.00000,	2	
Wed Jun 14 17:23:58 2023,3004.0, 0.00000,-4654.00000,2286.00000,3460.00000,2885.00000,12433.00000,-1011.00000,	2	
Wed Jun 14 17:23:58 2023,3005.0, 0.00000,-4608.00000,2950.00000,2734.00000,3100.00000,13185.00000,-1921.00000,	2	
Wed Jun 14 17:23:58 2023,3006.0, 0.00000,-4778.00000,3184.00000,1268.00000,2844.00000,12637.00000,-2956.00000,	2	
Wed Jun 14 17:23:58 2023,3007.0, 0.00000,-5506.00000,2856.00000,-188.00000,2995.00000,11541.00000,-3412.00000,	2	
Wed Jun 14 17:23:58 2023,3008.0, 0.00000,-6166.00000,2106.00000,-800.00000,2389.00000,9432.00000,-3168.00000,	2	
Wed Jun 14 17:23:58 2023,3009.0, 0.00000,-6308.00000,1784.00000,-750.00000,908.00000,8396.00000,-2342.00000,	2	
Wed Jun 14 17:23:58 2023,3010.0, 0.00000,-6136.00000,1602.00000,-236.00000,590.00000,9691.00000,-2677.00000,	2	
Wed Jun 14 17:23:58 2023,3014.0, 0.00000,-7616.00000,664.00000,-1970.00000,1118.00000,7630.00000,-1666.00000,	2	
Wed Jun 14 17:23:58 2023,3015.0, 0.00000,-7278.00000,682.00000,-1800.00000,796.00000,6445.00000,-1360.00000,	2	
Wed Jun 14 17:23:58 2023,3016.0, 0.00000,-7390.00000,600.00000,-1504.00000,510.00000,6730.00000,-1765.00000,	2	
Wed Jun 14 17:23:58 2023,3017.0, 0.00000,-7484.00000,534.00000,-1268.00000,-498.00000,7475.00000,-1681.00000,	2	
Wed Jun 14 17:23:58 2023,3018.0, 0.00000,-7586.00000,256.00000,-1694.00000,-322.00000,8066.00000,-1838.00000,	2	
Wed Jun 14 17:23:58 2023,3019.0, 0.00000,-7790.00000,-8.00000,-1984.00000,192.00000,7930.00000,-1540.00000,	2	
Wed Jun 14 17:23:58 2023,3021.0, 0.00000,-7822.00000,186.00000,-2238.00000,265.00000,5973.00000,-686.00000,	2	
Wed Jun 14 17:23:58 2023,3022.0, 0.00000,-7630.00000,330.00000,-2084.00000,360.00000,5437.00000,-907.00000,	2	
Wed Jun 14 17:23:58 2023,3023.0, 0.00000,-7506.00000,68.00000,-2404.00000,465.00000,5780.00000,-1240.00000,	2	
Wed Jun 14 17:23:58 2023,3024.0, 0.00000,-7392.00000,68.00000,-2356.00000,689.00000,6162.00000,-1211.00000,	2	
Wed Jun 14 17:23:58 2023,3025.0, 0.00000,-7172.00000,96.00000,-2894.00000,589.00000,6327.00000,-1032.00000,	2	
Wed Jun 14 17:23:58 2023,3026.0, 0.00000,-7130.00000,96.00000,-3476.00000,843.00000,6192.00000,-1023.00000,	2	
Wed Jun 14 17:23:58 2023,3027.0, 0.00000,-7086.00000,184.00000,-3820.00000,836.00000,6103.00000,-1161.00000,	2	
Wed Jun 14 17:23:58 2023,3028.0, 0.00000,-7288.00000,30.00000,-3948.00000,512.00000,5865.00000,-1115.00000,	2	
Wed Jun 14 17:23:58 2023,3029.0, 0.00000,-7196.00000,92.00000,-4114.00000,390.00000,5222.00000,-1086.00000,	2	
Wed Jun 14 17:23:58 2023,3030.0, 0.00000,-7070.00000,182.00000,-3506.00000,-513.00000,4901.00000,-560.00000,	2	
Wed Jun 14 17:23:58 2023,3031.0, 0.00000,-6770.00000,218.00000,-2596.00000,-750.00000,5119.00000,-768.00000,	2	
Wed Jun 14 17:23:58 2023,3032.0, 0.00000,-6372.00000,146.00000,-4106.00000,335.00000,5542.00000,-705.00000,	2	
Wed Jun 14 17:23:58 2023,3033.0, 0.00000,-6270.00000,6.00000,-4658.00000,1237.00000,5555.00000,-642.00000,	2	
Wed Jun 14 17:23:58 2023,3034.0, 0.00000,-6134.00000,22.00000,-5344.00000,1889.00000,5478.00000,-1180.00000,	2	
Wed Jun 14 17:23:58 2023,3035.0, 0.00000,-6308.00000,60.00000,-5560.00000,1213.00000,5109.00000,-918.00000,	2	
Wed Jun 14 17:23:58 2023,3036.0, 0.00000,-6076.00000,190.00000,-5530.00000,944.00000,4671.00000,-756.00000,	2	
Wed Jun 14 17:23:58 2023,3037.0, 0.00000,-5950.00000,614.00000,-4834.00000,415.00000,4576.00000,-967.00000,	2	
Wed Jun 14 17:23:59 2023,3038.0, 0.00000,-2910.00000,-2506.00000,-15410.00000,1013.00000,-7541.00000,-246.00000,	2	
Wed Jun 14 17:23:59 2023,3040.0, 0.00000,-2946.00000,-3758.00000,-17446.00000,16.00000,-12245.00000,930.00000,	2	
Wed Jun 14 17:23:59 2023,3041.0, 0.00000,-2884.00000,-4258.00000,-18720.00000,-907.00000,-14951.00000,1823.00000,	2	
Wed Jun 14 17:23:59 2023,3042.0, 0.00000,-2860.00000,-4382.00000,-18996.00000,-1906.00000,-18571.00000,3463.00000,	2	
Wed Jun 14 17:23:59 2023,3043.0, 0.00000,-2334.00000,-4392.00000,-18836.00000,-2369.00000,-21839.00000,4858.00000,	2	
Wed Jun 14 17:23:59 2023,3044.0, 0.00000,-2696.00000,-4004.00000,-16292.00000,-2650.00000,-25831.00000,5531.00000,	2	
Wed Jun 14 17:23:59 2023,3045.0, 0.00000,-1054.00000,-3898.00000,-14570.00000,-3491.00000,-27890.00000,6280.00000,	2	
Wed Jun 14 17:23:59 2023,3046.0, 0.00000,-64.00000,-3404.00000,-11228.00000,-3532.00000,-30178.00000,7057.00000,	2	
Wed Jun 14 17:23:59 2023,3047.0, 0.00000,1964.00000,-3104.00000,-7950.00000,-3290.00000,-31546.00000,7819.00000,	2	
Wed Jun 14 17:23:59 2023,3048.0, 0.00000,3352.00000,-2384.00000,-5976.00000,-3753.00000,-31462.00000,7617.00000,	2	
Wed Jun 14 17:23:59 2023,3049.0, 0.00000,3702.00000,-1998.00000,-3136.00000,-4786.00000,-31833.00000,8189.00000,	2	
Wed Jun 14 17:23:59 2023,3050.0, 0.00000,3196.00000,-2022.00000,-322.00000,-3784.00000,-31305.00000,7895.00000,	2	
Wed Jun 14 17:23:59 2023,3051.0, 0.00000,5010.00000,-1438.00000,1754.00000,-2646.00000,-32447.00000,8593.00000,	2	
Wed Jun 14 17:23:59 2023,3052.0, 0.00000,5402.00000,-592.00000,5224.00000,-1612.00000,-30235.00000,7593.00000,	2	
Wed Jun 14 17:23:59 2023,3053.0, 0.00000,5162.00000,336.00000,7870.00000,-1658.00000,-26467.00000,7428.00000,	2	
Wed Jun 14 17:23:59 2023,3054.0, 0.00000,5482.00000,1794.00000,10796.00000,-1640.00000,-24206.00000,8118.00000,	2	
Wed Jun 14 17:23:59 2023,3055.0, 0.00000,5238.00000,3470.00000,12844.00000,-1751.00000,-21315.00000,7276.00000,	2	
Wed Jun 14 17:23:59 2023,3056.0, 0.00000,4420.00000,4544.00000,15232.00000,-2887.00000,-16728.00000,6406.00000,	2	
Wed Jun 14 17:23:59 2023,3057.0, 0.00000,3418.00000,5166.00000,16712.00000,-3041.00000,-11593.00000,5421.00000,	2	
Wed Jun 14 17:23:59 2023,3058.0, 0.00000,3274.00000,5890.00000,17548.00000,-981.00000,-6884.00000,2925.00000,	2	
Wed Jun 14 17:23:59 2023,3059.0, 0.00000,838.00000,5306.00000,16670.00000,1677.00000,-2563.00000,-84.00000,	2	
Wed Jun 14 17:23:59 2023,3060.0, 0.00000,-808.00000,4480.00000,15000.00000,1136.00000,1296.00000,-2098.00000,	2	
Wed Jun 14 17:23:59 2023,3061.0, 0.00000,-2182.00000,2944.00000,12406.00000,1078.00000,4043.00000,-3142.00000,	2	
Wed Jun 14 17:23:59 2023,3062.0, 0.00000,-3252.00000,1742.00000,10622.00000,1777.00000,5942.00000,-3137.00000,	2	
Wed Jun 14 17:23:59 2023,3063.0, 0.00000,-4370.00000,914.00000,8592.00000,3161.00000,7807.00000,-2977.00000,	2	
Wed Jun 14 17:23:59 2023,3064.0, 0.00000,-5092.00000,1042.00000,7444.00000,2338.00000,8936.00000,-2165.00000,	2	
Wed Jun 14 17:24:00 2023,3065.0, 0.00000,-5270.00000,970.00000,5016.00000,1006.00000,9530.00000,-1433.00000,	2	
Wed Jun 14 17:24:00 2023,3066.0, 0.00000,-5682.00000,1648.00000,4118.00000,2244.00000,8454.00000,-1482.00000,	2	
Wed Jun 14 17:24:00 2023,3067.0, 0.00000,-5658.00000,2210.00000,3950.00000,3036.00000,7233.00000,-2111.00000,	2	
Wed Jun 14 17:24:00 2023,3068.0, 0.00000,-5194.00000,2670.00000,3858.00000,1868.00000,7428.00000,-1724.00000,	2	
Wed Jun 14 17:24:00 2023,3069.0, 0.00000,-5316.00000,2932.00000,3522.00000,1040.00000,8584.00000,-1944.00000,	2	
Wed Jun 14 17:24:00 2023,3070.0, 0.00000,-5442.00000,2688.00000,2938.00000,601.00000,9357.00000,-1664.00000,	2	
Wed Jun 14 17:24:00 2023,3071.0, 0.00000,-5540.00000,2386.00000,2598.00000,620.00000,9709.00000,-915.00000,	2	
Wed Jun 14 17:24:00 2023,3072.0, 0.00000,-5818.00000,2184.00000,2014.00000,1068.00000,9398.00000,-601.00000,	2	
Wed Jun 14 17:24:00 2023,3073.0, 0.00000,-5888.00000,2382.00000,1306.00000,2249.00000,8253.00000,-1869.00000,	2	
Wed Jun 14 17:24:00 2023,3078.0, 0.00000,-7226.00000,1128.00000,-1300.00000,1632.00000,8142.00000,-1920.00000,	2	
Wed Jun 14 17:24:00 2023,3079.0, 0.00000,-7322.00000,1020.00000,-984.00000,2047.00000,7906.00000,-2162.00000,	2	
Wed Jun 14 17:24:00 2023,3080.0, 0.00000,-7366.00000,948.00000,-1064.00000,1507.00000,8126.00000,-1850.00000,	2	
Wed Jun 14 17:24:00 2023,3081.0, 0.00000,-7592.00000,918.00000,-1658.00000,1395.00000,8154.00000,-1878.00000,	2	
Wed Jun 14 17:24:00 2023,3082.0, 0.00000,-7804.00000,884.00000,-1644.00000,506.00000,7771.00000,-1534.00000,	2	
Wed Jun 14 17:24:00 2023,3083.0, 0.00000,-7630.00000,808.00000,-1912.00000,886.00000,7479.00000,-1554.00000,	2	
Wed Jun 14 17:24:00 2023,3084.0, 0.00000,-7188.00000,988.00000,-2416.00000,1634.00000,7004.00000,-1628.00000,	2	
Wed Jun 14 17:24:00 2023,3085.0, 0.00000,-7480.00000,818.00000,-2694.00000,1897.00000,6767.00000,-1934.00000,	2	
Wed Jun 14 17:24:00 2023,3086.0, 0.00000,-7632.00000,614.00000,-3240.00000,2073.00000,6718.00000,-2224.00000,	2	
Wed Jun 14 17:24:00 2023,3087.0, 0.00000,-7918.00000,570.00000,-3226.00000,856.00000,6060.00000,-1659.00000,	2	
Wed Jun 14 17:24:00 2023,3088.0, 0.00000,-7754.00000,752.00000,-3454.00000,357.00000,5316.00000,-1139.00000,	2	
Wed Jun 14 17:24:00 2023,3089.0, 0.00000,-7514.00000,800.00000,-2886.00000,746.00000,4732.00000,-1116.00000,	2	
Wed Jun 14 17:24:00 2023,3090.0, 0.00000,-7176.00000,912.00000,-2694.00000,379.00000,5384.00000,-1074.00000,	2	
Wed Jun 14 17:24:00 2023,3091.0, 0.00000,-7088.00000,842.00000,-2272.00000,600.00000,5857.00000,-1757.00000,	2	
Wed Jun 14 17:24:00 2023,3092.0, 0.00000,-6780.00000,520.00000,-3678.00000,1389.00000,5932.00000,-1737.00000,	2	
Wed Jun 14 17:24:00 2023,3093.0, 0.00000,-6774.00000,366.00000,-4336.00000,1357.00000,5847.00000,-1845.00000,	2	
Wed Jun 14 17:24:00 2023,3094.0, 0.00000,-7110.00000,266.00000,-4612.00000,1132.00000,5150.00000,-1562.00000,	2	
Wed Jun 14 17:24:00 2023,3095.0, 0.00000,-6812.00000,178.00000,-4854.00000,1367.00000,4634.00000,-1345.00000,	2	
Wed Jun 14 17:24:00 2023,3096.0, 0.00000,-6796.00000,312.00000,-4782.00000,753.00000,4584.00000,-885.00000,	2	
Wed Jun 14 17:24:00 2023,3097.0, 0.00000,-6888.00000,544.00000,-4452.00000,-270.00000,4323.00000,-794.00000,	2	
Wed Jun 14 17:24:00 2023,3098.0, 0.00000,-6984.00000,460.00000,-5022.00000,-598.00000,4111.00000,-1030.00000,	2	
Wed Jun 14 17:24:00 2023,3099.0, 0.00000,-6558.00000,654.00000,-4458.00000,550.00000,4306.00000,-1288.00000,	2	
Wed Jun 14 17:24:01 2023,3101.0, 0.00000,-3796.00000,-2490.00000,-17478.00000,1264.00000,-13337.00000,71.00000,	2	
Wed Jun 14 17:24:01 2023,3102.0, 0.00000,-4174.00000,-3520.00000,-18414.00000,1169.00000,-16191.00000,1229.00000,	2	
Wed Jun 14 17:24:01 2023,3103.0, 0.00000,-4036.00000,-4458.00000,-18960.00000,183.00000,-19738.00000,3481.00000,	2	
Wed Jun 14 17:24:01 2023,3104.0, 0.00000,-3722.00000,-4804.00000,-17652.00000,-414.00000,-23569.00000,4938.00000,	2	
Wed Jun 14 17:24:01 2023,3105.0, 0.00000,-2108.00000,-5552.00000,-17108.00000,-1568.00000,-26173.00000,6084.00000,	2	
Wed Jun 14 17:24:01 2023,3106.0, 0.00000,-640.00000,-5538.00000,-15760.00000,-1932.00000,-28970.00000,7061.00000,	2	
Wed Jun 14 17:24:01 2023,3107.0, 0.00000,1566.00000,-4932.00000,-12326.00000,-1847.00000,-31376.00000,8319.00000,	2	
Wed Jun 14 17:24:01 2023,3108.0, 0.00000,3566.00000,-4890.00000,-9746.00000,-4418.00000,-31699.00000,9020.00000,	2	
Wed Jun 14 17:24:01 2023,3109.0, 0.00000,4674.00000,-3822.00000,-7030.00000,-4354.00000,-32768.00000,9741.00000,	2	
Wed Jun 14 17:24:01 2023,3110.0, 0.00000,6472.00000,-2792.00000,-4714.00000,-2758.00000,-32768.00000,10173.00000,	2	
Wed Jun 14 17:24:01 2023,3111.0, 0.00000,7414.00000,-1640.00000,-330.00000,-3213.00000,-32768.00000,11235.00000,	2	
Wed Jun 14 17:24:01 2023,3112.0, 0.00000,9126.00000,788.00000,3620.00000,-3268.00000,-32768.00000,10631.00000,	2	
Wed Jun 14 17:24:01 2023,3113.0, 0.00000,9660.00000,2226.00000,7364.00000,-4050.00000,-31627.00000,9977.00000,	2	
Wed Jun 14 17:24:01 2023,3114.0, 0.00000,8900.00000,4404.00000,11716.00000,-5880.00000,-28206.00000,9851.00000,	2	
Wed Jun 14 17:24:01 2023,3115.0, 0.00000,9304.00000,5844.00000,14688.00000,-5030.00000,-24792.00000,7494.00000,	2	
Wed Jun 14 17:24:02 2023,3119.0, 0.00000,5390.00000,3778.00000,22604.00000,-2179.00000,-2145.00000,-436.00000,	2	
Wed Jun 14 17:24:02 2023,3120.0, 0.00000,2162.00000,1426.00000,18292.00000,-263.00000,5956.00000,-4125.00000,	2	
Wed Jun 14 17:24:02 2023,3121.0, 0.00000,-574.00000,-452.00000,14042.00000,2438.00000,9390.00000,-5429.00000,	2	
Wed Jun 14 17:24:02 2023,3122.0, 0.00000,-2760.00000,-1334.00000,11228.00000,4237.00000,10812.00000,-6045.00000,	2	
Wed Jun 14 17:24:02 2023,3123.0, 0.00000,-4050.00000,-1568.00000,8994.00000,4274.00000,11849.00000,-4709.00000,	2	
Wed Jun 14 17:24:02 2023,3124.0, 0.00000,-4842.00000,-900.00000,6868.00000,1983.00000,12078.00000,-2529.00000,	2	
Wed Jun 14 17:24:02 2023,3125.0, 0.00000,-5174.00000,378.00000,5196.00000,1580.00000,11503.00000,-704.00000,	2	
Wed Jun 14 17:24:02 2023,3126.0, 0.00000,-4394.00000,1872.00000,4274.00000,2763.00000,10227.00000,-404.00000,	2	
Wed Jun 14 17:24:02 2023,3127.0, 0.00000,-4132.00000,3226.00000,4200.00000,2932.00000,10693.00000,-567.00000,	2	
Wed Jun 14 17:24:02 2023,3128.0, 0.00000,-4232.00000,3908.00000,3314.00000,2723.00000,11739.00000,-1860.00000,	2	
Wed Jun 14 17:24:02 2023,3129.0, 0.00000,-5034.00000,3746.00000,1624.00000,2770.00000,12217.00000,-3269.00000,	2	
Wed Jun 14 17:24:02 2023,3130.0, 0.00000,-5834.00000,3100.00000,368.00000,2790.00000,10938.00000,-3589.00000,	2	
Wed Jun 14 17:24:02 2023,3131.0, 0.00000,-6272.00000,2236.00000,222.00000,1678.00000,8663.00000,-3006.00000,	2	
Wed Jun 14 17:24:02 2023,3132.0, 0.00000,-6484.00000,1726.00000,724.00000,-49.00000,7210.00000,-1365.00000,	2	
Wed Jun 14 17:24:02 2023,3133.0, 0.00000,-5958.00000,1938.00000,1240.00000,-38.00000,7498.00000,-718.00000,	2	
Wed Jun 14 17:24:02 2023,3134.0, 0.00000,-5954.00000,2008.00000,1474.00000,1124.00000,8369.00000,-1300.00000,	2	
Wed Jun 14 17:24:02 2023,3135.0, 0.00000,-5986.00000,2138.00000,1448.00000,1818.00000,9131.00000,-2140.00000,	2	
Wed Jun 14 17:24:02 2023,3140.0, 0.00000,-6642.00000,1282.00000,-128.00000,1462.00000,8635.00000,-2149.00000,	2	
Wed Jun 14 17:24:02 2023,3141.0, 0.00000,-6820.00000,948.00000,-576.00000,1801.00000,9350.00000,-2906.00000,	2	
Wed Jun 14 17:24:02 2023,3142.0, 0.00000,-7184.00000,396.00000,-1540.00000,2071.00000,9629.00000,-2794.00000,	2	
Wed Jun 14 17:24:02 2023,3143.0, 0.00000,-7404.00000,194.00000,-2022.00000,1831.00000,9350.00000,-2359.00000,	2	
Wed Jun 14 17:24:02 2023,3144.0, 0.00000,-7674.00000,524.00000,-1798.00000,220.00000,8702.00000,-1578.00000,	2	
Wed Jun 14 17:24:02 2023,3145.0, 0.00000,-7328.00000,304.00000,-2322.00000,496.00000,7951.00000,-1297.00000,	2	
Wed Jun 14 17:24:02 2023,3146.0, 0.00000,-7100.00000,292.00000,-2152.00000,462.00000,7675.00000,-1116.00000,	2	
Wed Jun 14 17:24:02 2023,3147.0, 0.00000,-6998.00000,298.00000,-2346.00000,1146.00000,8069.00000,-1152.00000,	2	
Wed Jun 14 17:24:02 2023,3148.0, 0.00000,-6828.00000,674.00000,-2810.00000,1500.00000,8302.00000,-1496.00000,	2	
Wed Jun 14 17:24:02 2023,3149.0, 0.00000,-6740.00000,586.00000,-3668.00000,1730.00000,8466.00000,-1993.00000,	2	
Wed Jun 14 17:24:02 2023,3150.0, 0.00000,-8060.00000,860.00000,-7148.00000,3079.00000,8582.00000,-2879.00000,	2	
Wed Jun 14 17:24:02 2023,3151.0, 0.00000,-6878.00000,-118.00000,-5892.00000,2460.00000,8074.00000,-2834.00000,	2	
Wed Jun 14 17:24:02 2023,3152.0, 0.00000,-7066.00000,20.00000,-5158.00000,1004.00000,7098.00000,-1530.00000,	2	
Wed Jun 14 17:24:02 2023,3153.0, 0.00000,-7324.00000,-196.00000,-5326.00000,565.00000,6259.00000,-316.00000,	2	
Wed Jun 14 17:24:02 2023,3154.0, 0.00000,-6986.00000,274.00000,-4910.00000,-570.00000,5756.00000,506.00000,	2	
Wed Jun 14 17:24:02 2023,3155.0, 0.00000,-7352.00000,44.00000,-3456.00000,-1980.00000,5231.00000,-1184.00000,	2	
Wed Jun 14 17:24:02 2023,3156.0, 0.00000,-6696.00000,486.00000,-5400.00000,429.00000,4902.00000,-1712.00000,	2	
Wed Jun 14 17:24:03 2023,3163.0, 0.00000,-4716.00000,-2238.00000,-14742.00000,-919.00000,-14416.00000,1845.00000,	2	
Wed Jun 14 17:24:03 2023,3164.0, 0.00000,-4058.00000,-2508.00000,-15176.00000,-1194.00000,-16723.00000,2313.00000,	2	
Wed Jun 14 17:24:03 2023,3165.0, 0.00000,-3066.00000,-3022.00000,-16752.00000,-162.00000,-19053.00000,2440.00000,	2	
Wed Jun 14 17:24:03 2023,3166.0, 0.00000,-3142.00000,-3436.00000,-16990.00000,-494.00000,-21993.00000,2391.00000,	2	
Wed Jun 14 17:24:03 2023,3167.0, 0.00000,-2240.00000,-4332.00000,-17626.00000,-1352.00000,-25035.00000,3438.00000,	2	
Wed Jun 14 17:24:03 2023,3168.0, 0.00000,-1520.00000,-4806.00000,-16694.00000,-1510.00000,-29894.00000,4149.00000,	2	
Wed Jun 14 17:24:03 2023,3169.0, 0.00000,-296.00000,-5570.00000,-13716.00000,-2523.00000,-32768.00000,6299.00000,	2	
Wed Jun 14 17:24:03 2023,3170.0, 0.00000,2126.00000,-4362.00000,-9906.00000,-4240.00000,-32768.00000,8935.00000,	2	
Wed Jun 14 17:24:03 2023,3171.0, 0.00000,4210.00000,-2902.00000,-6534.00000,-5342.00000,-32768.00000,10153.00000,	2	
Wed Jun 14 17:24:03 2023,3172.0, 0.00000,6132.00000,-1576.00000,-3376.00000,-4753.00000,-32768.00000,10204.00000,	2	
Wed Jun 14 17:24:03 2023,3173.0, 0.00000,7538.00000,-734.00000,-658.00000,-3557.00000,-32768.00000,10045.00000,	2	
Wed Jun 14 17:24:03 2023,3174.0, 0.00000,8940.00000,526.00000,2076.00000,-3752.00000,-32768.00000,9779.00000,	2	
Wed Jun 14 17:24:03 2023,3175.0, 0.00000,10336.00000,1684.00000,5660.00000,-5175.00000,-32768.00000,9966.00000,	2	
Wed Jun 14 17:24:03 2023,3176.0, 0.00000,10444.00000,3042.00000,10014.00000,-7286.00000,-31170.00000,9585.00000,	2	
Wed Jun 14 17:24:03 2023,3177.0, 0.00000,11426.00000,4006.00000,13698.00000,-7815.00000,-28179.00000,9071.00000,	2	
Wed Jun 14 17:24:03 2023,3178.0, 0.00000,13526.00000,5980.00000,19386.00000,-7806.00000,-28296.00000,9688.00000,	2	
Wed Jun 14 17:24:03 2023,3179.0, 0.00000,16894.00000,5824.00000,27404.00000,-10274.00000,-21582.00000,8797.00000,	2	
Wed Jun 14 17:24:03 2023,3180.0, 0.00000,14810.00000,2524.00000,28778.00000,-10955.00000,-5186.00000,5859.00000,	2	
Wed Jun 14 17:24:03 2023,3181.0, 0.00000,8768.00000,-154.00000,22732.00000,-2476.00000,6820.00000,-2926.00000,	2	
Wed Jun 14 17:24:03 2023,3182.0, 0.00000,3998.00000,-2714.00000,16706.00000,3716.00000,12589.00000,-8456.00000,	2	
Wed Jun 14 17:24:03 2023,3183.0, 0.00000,-828.00000,-4678.00000,11976.00000,5798.00000,14789.00000,-8809.00000,	2	
Wed Jun 14 17:24:03 2023,3184.0, 0.00000,-3584.00000,-4460.00000,8812.00000,5917.00000,13840.00000,-6005.00000,	2	
Wed Jun 14 17:24:03 2023,3185.0, 0.00000,-5116.00000,-3240.00000,7132.00000,5011.00000,13223.00000,-3461.00000,	2	
Wed Jun 14 17:24:03 2023,3186.0, 0.00000,-5868.00000,-1642.00000,5814.00000,3092.00000,12310.00000,-1265.00000,	2	
Wed Jun 14 17:24:03 2023,3187.0, 0.00000,-6110.00000,-152.00000,4758.00000,2897.00000,10619.00000,146.00000,	2	
Wed Jun 14 17:24:03 2023,3188.0, 0.00000,-5512.00000,1540.00000,4520.00000,4133.00000,9142.00000,96.00000,	2	
Wed Jun 14 17:24:03 2023,3189.0, 0.00000,-4426.00000,2912.00000,4412.00000,4816.00000,8759.00000,-282.00000,	2	
Wed Jun 14 17:24:03 2023,3190.0, 0.00000,-4090.00000,3884.00000,3568.00000,4961.00000,9574.00000,-928.00000,	2	
Wed Jun 14 17:24:03 2023,3191.0, 0.00000,-4650.00000,4194.00000,2490.00000,4463.00000,10120.00000,-1751.00000,	2	
Wed Jun 14 17:24:03 2023,3192.0, 0.00000,-5236.00000,3844.00000,1370.00000,3140.00000,9852.00000,-2164.00000,	2	
Wed Jun 14 17:24:03 2023,3193.0, 0.00000,-5754.00000,3410.00000,848.00000,2939.00000,7642.00000,-2631.00000,	2	
Wed Jun 14 17:24:03 2023,3194.0, 0.00000,-5970.00000,2632.00000,1298.00000,3000.00000,5822.00000,-2765.00000,	2	
Wed Jun 14 17:24:03 2023,3195.0, 0.00000,-5996.00000,2322.00000,2064.00000,2179.00000,5835.00000,-2148.00000,	2	
Wed Jun 14 17:24:03 2023,3196.0, 0.00000,-6050.00000,1988.00000,1926.00000,1617.00000,7234.00000,-2152.00000,	2	
Wed Jun 14 17:24:04 2023,3197.0, 0.00000,-6554.00000,1470.00000,1696.00000,2285.00000,8590.00000,-2134.00000,	2	
Wed Jun 14 17:24:04 2023,3198.0, 0.00000,-6910.00000,1200.00000,1384.00000,2064.00000,9023.00000,-1684.00000,	2	
Wed Jun 14 17:24:04 2023,3199.0, 0.00000,-7238.00000,1334.00000,858.00000,1976.00000,8081.00000,-1657.00000,	2	
Wed Jun 14 17:24:04 2023,3200.0, 0.00000,-7354.00000,1344.00000,1008.00000,1408.00000,7093.00000,-1251.00000,	2	
Wed Jun 14 17:24:05 2023,3209.0, 0.00000,-6850.00000,1110.00000,6.00000,555.00000,7227.00000,-840.00000,	2	
Wed Jun 14 17:24:05 2023,3210.0, 0.00000,-6650.00000,1370.00000,-56.00000,1384.00000,7686.00000,-1310.00000,	2	
Wed Jun 14 17:24:05 2023,3211.0, 0.00000,-6524.00000,1184.00000,-1276.00000,3002.00000,8445.00000,-2267.00000,	2	
Wed Jun 14 17:24:05 2023,3212.0, 0.00000,-6914.00000,1020.00000,-1986.00000,2909.00000,8223.00000,-2666.00000,	2	
Wed Jun 14 17:24:05 2023,3213.0, 0.00000,-7004.00000,788.00000,-2616.00000,1761.00000,7741.00000,-2154.00000,	2	
Wed Jun 14 17:24:05 2023,3214.0, 0.00000,-7082.00000,776.00000,-2686.00000,609.00000,6975.00000,-1348.00000,	2	
Wed Jun 14 17:24:05 2023,3215.0, 0.00000,-6826.00000,952.00000,-2684.00000,-39.00000,6773.00000,-908.00000,	2	
Wed Jun 14 17:24:05 2023,3216.0, 0.00000,-6740.00000,1026.00000,-2884.00000,218.00000,7036.00000,-1043.00000,	2	
Wed Jun 14 17:24:06 2023,3224.0, 0.00000,-3826.00000,-2194.00000,-15394.00000,-1397.00000,-8620.00000,-2079.00000,	2	
Wed Jun 14 17:24:06 2023,3225.0, 0.00000,-4714.00000,-3460.00000,-17388.00000,-851.00000,-12668.00000,-823.00000,	2	
Wed Jun 14 17:24:06 2023,3226.0, 0.00000,-5626.00000,-3782.00000,-17130.00000,-1217.00000,-18329.00000,2236.00000,	2	
Wed Jun 14 17:24:06 2023,3227.0, 0.00000,-4902.00000,-3226.00000,-14948.00000,-1252.00000,-22693.00000,4184.00000,	2	
Wed Jun 14 17:24:06 2023,3228.0, 0.00000,-4202.00000,-2296.00000,-12160.00000,-1460.00000,-24538.00000,5902.00000,	2	
Wed Jun 14 17:24:06 2023,3229.0, 0.00000,-3614.00000,-1732.00000,-10532.00000,-1475.00000,-25192.00000,5894.00000,	2	
Wed Jun 14 17:24:06 2023,3230.0, 0.00000,-2288.00000,-1968.00000,-9538.00000,-746.00000,-24670.00000,5295.00000,	2	
Wed Jun 14 17:24:06 2023,3231.0, 0.00000,-1174.00000,-2736.00000,-9880.00000,-689.00000,-24564.00000,5174.00000,	2	
Wed Jun 14 17:24:06 2023,3232.0, 0.00000,-818.00000,-3256.00000,-10584.00000,-643.00000,-25297.00000,4993.00000,	2	
Wed Jun 14 17:24:07 2023,3243.0, 0.00000,10436.00000,7778.00000,23354.00000,-3851.00000,-9471.00000,3770.00000,	2	
Wed Jun 14 17:24:07 2023,3244.0, 0.00000,8328.00000,5224.00000,22378.00000,-1503.00000,-753.00000,-1495.00000,	2	
Wed Jun 14 17:24:07 2023,3245.0, 0.00000,4378.00000,1864.00000,18152.00000,675.00000,6447.00000,-5369.00000,	2	
Wed Jun 14 17:24:07 2023,3246.0, 0.00000,994.00000,-738.00000,13786.00000,2864.00000,10011.00000,-6923.00000,	2	
Wed Jun 14 17:24:07 2023,3247.0, 0.00000,-1508.00000,-1804.00000,11546.00000,4774.00000,11055.00000,-6629.00000,	2	
Wed Jun 14 17:24:07 2023,3248.0, 0.00000,-2726.00000,-2132.00000,10076.00000,3822.00000,11850.00000,-4738.00000,	2	
Wed Jun 14 17:24:07 2023,3249.0, 0.00000,-2944.00000,-1304.00000,8478.00000,1890.00000,13220.00000,-1888.00000,	2	
Wed Jun 14 17:24:07 2023,3250.0, 0.00000,-3276.00000,358.00000,6754.00000,1857.00000,14083.00000,-413.00000,	2	
Wed Jun 14 17:24:07 2023,3251.0, 0.00000,-3148.00000,1670.00000,5672.00000,3349.00000,14295.00000,-817.00000,	2	
Wed Jun 14 17:24:07 2023,3252.0, 0.00000,-3546.00000,3334.00000,4798.00000,4038.00000,14602.00000,-1696.00000,	2	
Wed Jun 14 17:24:07 2023,3253.0, 0.00000,-3706.00000,3982.00000,2692.00000,4594.00000,14592.00000,-2826.00000,	2	
Wed Jun 14 17:24:07 2023,3254.0, 0.00000,-4180.00000,4216.00000,1290.00000,3920.00000,13384.00000,-3388.00000,	2	
Wed Jun 14 17:24:07 2023,3255.0, 0.00000,-4570.00000,4132.00000,604.00000,2238.00000,12361.00000,-3528.00000,	2	
Wed Jun 14 17:24:07 2023,3256.0, 0.00000,-4822.00000,3548.00000,314.00000,1095.00000,12460.00000,-3682.00000,	2	
Wed Jun 14 17:24:07 2023,3257.0, 0.00000,-5470.00000,3028.00000,-898.00000,1431.00000,12873.00000,-4283.00000,	2	
Wed Jun 14 17:24:07 2023,3258.0, 0.00000,-6110.00000,2210.00000,-2002.00000,2563.00000,12335.00000,-4821.00000,	2	
Wed Jun 14 17:24:07 2023,3259.0, 0.00000,-6834.00000,1388.00000,-2544.00000,3125.00000,10772.00000,-4605.00000,	2	
Wed Jun 14 17:24:07 2023,3260.0, 0.00000,-7156.00000,838.00000,-2584.00000,3394.00000,9425.00000,-4372.00000,	2	
Wed Jun 14 17:24:07 2023,3265.0, 0.00000,-8368.00000,590.00000,-3382.00000,1036.00000,6611.00000,-1850.00000,	2	
Wed Jun 14 17:24:07 2023,3266.0, 0.00000,-8360.00000,832.00000,-2780.00000,708.00000,5913.00000,-1209.00000,	2	
Wed Jun 14 17:24:07 2023,3267.0, 0.00000,-8200.00000,1222.00000,-2548.00000,118.00000,6200.00000,-1233.00000,	2	
Wed Jun 14 17:24:07 2023,3268.0, 0.00000,-8186.00000,1092.00000,-2420.00000,-153.00000,6695.00000,-997.00000,	2	
Wed Jun 14 17:24:07 2023,3269.0, 0.00000,-8198.00000,1220.00000,-2880.00000,-98.00000,6462.00000,-1018.00000,	2	
Wed Jun 14 17:24:07 2023,3270.0, 0.00000,-8242.00000,912.00000,-3224.00000,1588.00000,5486.00000,-1829.00000,	2	
Wed Jun 14 17:24:07 2023,3271.0, 0.00000,-8176.00000,502.00000,-2874.00000,615.00000,5222.00000,-1375.00000,	2	
Wed Jun 14 17:24:07 2023,3272.0, 0.00000,-8162.00000,492.00000,-2782.00000,-743.00000,4704.00000,-470.00000,	2	
Wed Jun 14 17:24:08 2023,3275.0, 0.00000,-7336.00000,464.00000,-2752.00000,-190.00000,4570.00000,-988.00000,	2	
Wed Jun 14 17:24:08 2023,3276.0, 0.00000,-7046.00000,508.00000,-3368.00000,781.00000,4416.00000,-1183.00000,	2	
Wed Jun 14 17:24:08 2023,3277.0, 0.00000,-6954.00000,362.00000,-3334.00000,1118.00000,4502.00000,-1069.00000,	2	
Wed Jun 14 17:24:08 2023,3278.0, 0.00000,-6952.00000,634.00000,-3216.00000,-186.00000,4856.00000,-239.00000,	2	
Wed Jun 14 17:24:08 2023,3279.0, 0.00000,-6568.00000,796.00000,-3902.00000,-410.00000,4978.00000,-94.00000,	2	
Wed Jun 14 17:24:08 2023,3280.0, 0.00000,-6830.00000,1002.00000,-4252.00000,515.00000,4396.00000,-681.00000,	2	
Wed Jun 14 17:24:08 2023,3281.0, 0.00000,-6742.00000,900.00000,-4250.00000,662.00000,3579.00000,-989.00000,	2	
Wed Jun 14 17:24:08 2023,3282.0, 0.00000,-6728.00000,590.00000,-4274.00000,1.00000,3144.00000,-1498.00000,	2	
Wed Jun 14 17:24:08 2023,3283.0, 0.00000,-6846.00000,1100.00000,-3330.00000,140.00000,3415.00000,-1015.00000,	2	
Wed Jun 14 17:24:08 2023,3284.0, 0.00000,-6770.00000,1174.00000,-3296.00000,-592.00000,3735.00000,-753.00000,	2	
Wed Jun 14 17:24:08 2023,3285.0, 0.00000,-6450.00000,1090.00000,-3882.00000,-429.00000,4321.00000,-971.00000,	2	
