Tue Jun 13 12:12:47 2023,6120.0, 0.00000,-7898.00000,-952.00000,1270.00000,127.00000,-723.00000,-361.00000,	2	
Tue Jun 13 12:12:47 2023,6121.0, 0.00000,-7828.00000,-920.00000,1238.00000,-34.00000,-736.00000,-513.00000,	2	
Tue Jun 13 12:12:47 2023,6122.0, 0.00000,-8012.00000,-930.00000,1204.00000,61.00000,-691.00000,-568.00000,	2	
Tue Jun 13 12:12:47 2023,6123.0, 0.00000,-7980.00000,-952.00000,1274.00000,-150.00000,-664.00000,-522.00000,	2	
Tue Jun 13 12:12:47 2023,6124.0, 0.00000,-7964.00000,-940.00000,1338.00000,-163.00000,-605.00000,-535.00000,	2	
Tue Jun 13 12:12:47 2023,6125.0, 0.00000,-7996.00000,-1062.00000,1206.00000,-95.00000,-647.00000,-573.00000,	2	
Tue Jun 13 12:12:47 2023,6126.0, 0.00000,-8198.00000,-1086.00000,1400.00000,-241.00000,-512.00000,-622.00000,	2	
Tue Jun 13 12:12:47 2023,6127.0, 0.00000,-8364.00000,-1068.00000,1440.00000,-25.00000,-650.00000,-454.00000,	2	
Tue Jun 13 12:12:47 2023,6128.0, 0.00000,-8252.00000,-1088.00000,1452.00000,-15.00000,-837.00000,-166.00000,	2	
Tue Jun 13 12:12:47 2023,6129.0, 0.00000,-7760.00000,-1098.00000,1418.00000,58.00000,-891.00000,-235.00000,	2	
Tue Jun 13 12:12:47 2023,6130.0, 0.00000,-7574.00000,-1150.00000,1150.00000,140.00000,-872.00000,-589.00000,	2	
Tue Jun 13 12:12:47 2023,6131.0, 0.00000,-7504.00000,-1098.00000,1296.00000,-76.00000,-843.00000,-950.00000,	2	
Tue Jun 13 12:12:47 2023,6132.0, 0.00000,-7816.00000,-1050.00000,1436.00000,127.00000,-969.00000,-1104.00000,	2	
Tue Jun 13 12:12:47 2023,6133.0, 0.00000,-8204.00000,-1050.00000,1492.00000,306.00000,-745.00000,-1079.00000,	2	
Tue Jun 13 12:12:47 2023,6134.0, 0.00000,-8562.00000,-1180.00000,1228.00000,538.00000,-1029.00000,-395.00000,	2	
Tue Jun 13 12:12:47 2023,6135.0, 0.00000,-7886.00000,-1292.00000,972.00000,181.00000,-886.00000,-136.00000,	2	
Tue Jun 13 12:12:47 2023,6136.0, 0.00000,-7542.00000,-1368.00000,1100.00000,-78.00000,-565.00000,-459.00000,	2	
Tue Jun 13 12:12:47 2023,6137.0, 0.00000,-7582.00000,-1290.00000,1200.00000,-166.00000,-610.00000,-793.00000,	2	
Tue Jun 13 12:12:47 2023,6138.0, 0.00000,-7846.00000,-1280.00000,1412.00000,-11.00000,-902.00000,-910.00000,	2	
Tue Jun 13 12:12:47 2023,6139.0, 0.00000,-8148.00000,-1254.00000,1448.00000,243.00000,-913.00000,-844.00000,	2	
Tue Jun 13 12:12:47 2023,6140.0, 0.00000,-8092.00000,-1304.00000,1296.00000,347.00000,-951.00000,-576.00000,	2	
Tue Jun 13 12:12:47 2023,6141.0, 0.00000,-7902.00000,-1406.00000,1122.00000,234.00000,-1009.00000,-553.00000,	2	
Tue Jun 13 12:12:47 2023,6142.0, 0.00000,-7764.00000,-1456.00000,1260.00000,53.00000,-813.00000,-722.00000,	2	
Tue Jun 13 12:12:47 2023,6143.0, 0.00000,-7834.00000,-1508.00000,1316.00000,152.00000,-919.00000,-855.00000,	2	
Tue Jun 13 12:12:47 2023,6144.0, 0.00000,-7910.00000,-1484.00000,1212.00000,199.00000,-994.00000,-986.00000,	2	
Tue Jun 13 12:12:47 2023,6145.0, 0.00000,-8214.00000,-1512.00000,814.00000,-391.00000,-1070.00000,-439.00000,	2	
Tue Jun 13 12:12:47 2023,6146.0, 0.00000,-7942.00000,-1428.00000,1198.00000,-372.00000,-617.00000,-759.00000,	2	
Tue Jun 13 12:12:47 2023,6147.0, 0.00000,-8056.00000,-1416.00000,1348.00000,-311.00000,-1115.00000,-616.00000,	2	
Tue Jun 13 12:12:47 2023,6148.0, 0.00000,-7916.00000,-1442.00000,1442.00000,-147.00000,-964.00000,-606.00000,	2	
Tue Jun 13 12:12:47 2023,6149.0, 0.00000,-7950.00000,-1456.00000,1396.00000,-140.00000,-1078.00000,-579.00000,	2	
Tue Jun 13 12:12:47 2023,6150.0, 0.00000,-8002.00000,-1556.00000,1326.00000,-72.00000,-949.00000,-615.00000,	2	
Tue Jun 13 12:12:47 2023,6151.0, 0.00000,-8122.00000,-1602.00000,1416.00000,100.00000,-989.00000,-570.00000,	2	
Tue Jun 13 12:12:47 2023,6152.0, 0.00000,-7846.00000,-1502.00000,1362.00000,266.00000,-1304.00000,-524.00000,	2	
Tue Jun 13 12:12:47 2023,6153.0, 0.00000,-7928.00000,-1458.00000,1352.00000,192.00000,-783.00000,-484.00000,	2	
Tue Jun 13 12:12:47 2023,6154.0, 0.00000,-7646.00000,-1538.00000,1318.00000,-37.00000,-1024.00000,-401.00000,	2	
Tue Jun 13 12:12:47 2023,6155.0, 0.00000,-7620.00000,-1628.00000,1708.00000,-3.00000,-849.00000,-633.00000,	2	
Tue Jun 13 12:12:47 2023,6156.0, 0.00000,-7560.00000,-1610.00000,1764.00000,186.00000,-916.00000,-841.00000,	2	
Tue Jun 13 12:12:47 2023,6157.0, 0.00000,-7862.00000,-1624.00000,1792.00000,394.00000,-909.00000,-979.00000,	2	
Tue Jun 13 12:12:47 2023,6158.0, 0.00000,-6842.00000,-1658.00000,-560.00000,139.00000,1865.00000,-688.00000,	2	
Tue Jun 13 12:12:47 2023,6159.0, 0.00000,-8510.00000,-1948.00000,1192.00000,-618.00000,-1160.00000,-193.00000,	2	
Tue Jun 13 12:12:47 2023,6160.0, 0.00000,-8342.00000,-1628.00000,1274.00000,209.00000,-680.00000,-68.00000,	2	
Tue Jun 13 12:12:47 2023,6161.0, 0.00000,-8052.00000,-1770.00000,1528.00000,115.00000,-1473.00000,36.00000,	2	
Tue Jun 13 12:12:47 2023,6162.0, 0.00000,-7780.00000,-1622.00000,1558.00000,291.00000,-1216.00000,51.00000,	2	
Tue Jun 13 12:12:47 2023,6163.0, 0.00000,-7802.00000,-1678.00000,1362.00000,284.00000,-1011.00000,-172.00000,	2	
Tue Jun 13 12:12:47 2023,6164.0, 0.00000,-8106.00000,-1654.00000,1390.00000,272.00000,-1053.00000,-165.00000,	2	
Tue Jun 13 12:12:47 2023,6165.0, 0.00000,-8164.00000,-1682.00000,1322.00000,7.00000,-945.00000,114.00000,	2	
Tue Jun 13 12:12:47 2023,6166.0, 0.00000,-7930.00000,-1660.00000,1546.00000,-81.00000,-736.00000,212.00000,	2	
Tue Jun 13 12:12:47 2023,6167.0, 0.00000,-7902.00000,-1690.00000,1454.00000,73.00000,-817.00000,231.00000,	2	
Tue Jun 13 12:12:47 2023,6168.0, 0.00000,-7812.00000,-1682.00000,1408.00000,2.00000,-840.00000,164.00000,	2	
Tue Jun 13 12:12:47 2023,6169.0, 0.00000,-7842.00000,-1682.00000,1522.00000,-14.00000,-759.00000,111.00000,	2	
Tue Jun 13 12:12:47 2023,6170.0, 0.00000,-7662.00000,-1684.00000,1400.00000,-1.00000,-722.00000,112.00000,	2	
Tue Jun 13 12:12:47 2023,6171.0, 0.00000,-7858.00000,-1642.00000,1564.00000,-21.00000,-321.00000,-148.00000,	2	
Tue Jun 13 12:12:47 2023,6172.0, 0.00000,-8176.00000,-1666.00000,1418.00000,120.00000,-581.00000,98.00000,	2	
Tue Jun 13 12:12:47 2023,6173.0, 0.00000,-7948.00000,-1632.00000,1386.00000,-16.00000,-554.00000,294.00000,	2	
Tue Jun 13 12:12:47 2023,6174.0, 0.00000,-7810.00000,-1584.00000,1428.00000,-41.00000,-494.00000,311.00000,	2	
Tue Jun 13 12:12:47 2023,6175.0, 0.00000,-7658.00000,-1622.00000,1468.00000,-102.00000,-506.00000,248.00000,	2	
Tue Jun 13 12:12:47 2023,6176.0, 0.00000,-7752.00000,-1654.00000,1518.00000,29.00000,-487.00000,54.00000,	2	
Tue Jun 13 12:12:47 2023,6177.0, 0.00000,-7870.00000,-1668.00000,1260.00000,49.00000,-548.00000,49.00000,	2	
Tue Jun 13 12:12:47 2023,6178.0, 0.00000,-7780.00000,-1662.00000,1050.00000,-113.00000,-453.00000,-24.00000,	2	
Tue Jun 13 12:12:47 2023,6179.0, 0.00000,-7866.00000,-1686.00000,1278.00000,-342.00000,-242.00000,-123.00000,	2	
Tue Jun 13 12:12:47 2023,6180.0, 0.00000,-8060.00000,-1596.00000,1466.00000,-330.00000,-234.00000,-21.00000,	2	
Tue Jun 13 12:12:47 2023,6181.0, 0.00000,-8016.00000,-1578.00000,1574.00000,-64.00000,-425.00000,187.00000,	2	
Tue Jun 13 12:12:47 2023,6182.0, 0.00000,-7798.00000,-1584.00000,1490.00000,28.00000,-535.00000,285.00000,	2	
Tue Jun 13 12:12:47 2023,6183.0, 0.00000,-7664.00000,-1676.00000,1376.00000,150.00000,-582.00000,164.00000,	2	
Tue Jun 13 12:12:47 2023,6184.0, 0.00000,-7616.00000,-1594.00000,1226.00000,-2.00000,-630.00000,4.00000,	2	
Tue Jun 13 12:12:47 2023,6185.0, 0.00000,-7624.00000,-1568.00000,1438.00000,-23.00000,-493.00000,-197.00000,	2	
Tue Jun 13 12:12:47 2023,6186.0, 0.00000,-7884.00000,-1572.00000,1328.00000,239.00000,-609.00000,-277.00000,	2	
Tue Jun 13 12:12:47 2023,6187.0, 0.00000,-7844.00000,-1702.00000,1124.00000,158.00000,-712.00000,-206.00000,	2	
Tue Jun 13 12:12:47 2023,6188.0, 0.00000,-7934.00000,-1688.00000,1168.00000,-75.00000,-562.00000,-360.00000,	2	
Tue Jun 13 12:12:47 2023,6189.0, 0.00000,-8122.00000,-1662.00000,1368.00000,40.00000,-642.00000,-155.00000,	2	
Tue Jun 13 12:12:47 2023,6190.0, 0.00000,-7944.00000,-1690.00000,1204.00000,179.00000,-786.00000,-34.00000,	2	
Tue Jun 13 12:12:47 2023,6191.0, 0.00000,-7832.00000,-1630.00000,1132.00000,-22.00000,-656.00000,-62.00000,	2	
Tue Jun 13 12:12:47 2023,6192.0, 0.00000,-7908.00000,-1604.00000,1312.00000,29.00000,-710.00000,-110.00000,	2	
Tue Jun 13 12:12:47 2023,6193.0, 0.00000,-7870.00000,-1566.00000,1086.00000,97.00000,-728.00000,-70.00000,	2	
Tue Jun 13 12:12:47 2023,6194.0, 0.00000,-7902.00000,-1608.00000,1212.00000,-79.00000,-662.00000,-93.00000,	2	
Tue Jun 13 12:12:47 2023,6195.0, 0.00000,-7936.00000,-1618.00000,1418.00000,-50.00000,-753.00000,-30.00000,	2	
Tue Jun 13 12:12:47 2023,6196.0, 0.00000,-7936.00000,-1622.00000,1428.00000,141.00000,-872.00000,109.00000,	2	
Tue Jun 13 12:12:47 2023,6197.0, 0.00000,-7870.00000,-1674.00000,1244.00000,142.00000,-890.00000,101.00000,	2	
Tue Jun 13 12:12:47 2023,6198.0, 0.00000,-7808.00000,-1652.00000,1272.00000,41.00000,-757.00000,44.00000,	2	
Tue Jun 13 12:12:47 2023,6199.0, 0.00000,-7714.00000,-1624.00000,1140.00000,-65.00000,-554.00000,-157.00000,	2	
Tue Jun 13 12:12:47 2023,6200.0, 0.00000,-8094.00000,-1604.00000,1434.00000,-25.00000,-566.00000,-173.00000,	2	
Tue Jun 13 12:12:47 2023,6201.0, 0.00000,-8094.00000,-1654.00000,1210.00000,228.00000,-777.00000,50.00000,	2	
Tue Jun 13 12:12:47 2023,6202.0, 0.00000,-7900.00000,-1628.00000,1066.00000,-58.00000,-592.00000,22.00000,	2	
Tue Jun 13 12:12:47 2023,6203.0, 0.00000,-8026.00000,-1650.00000,1144.00000,-47.00000,-558.00000,75.00000,	2	
Tue Jun 13 12:12:47 2023,6204.0, 0.00000,-7800.00000,-1610.00000,1186.00000,-126.00000,-541.00000,96.00000,	2	
Tue Jun 13 12:12:47 2023,6205.0, 0.00000,-7846.00000,-1616.00000,1282.00000,-152.00000,-442.00000,2.00000,	2	
Tue Jun 13 12:12:47 2023,6206.0, 0.00000,-7916.00000,-1536.00000,1338.00000,23.00000,-477.00000,32.00000,	2	
Tue Jun 13 12:12:47 2023,6207.0, 0.00000,-7910.00000,-1588.00000,1236.00000,141.00000,-604.00000,140.00000,	2	
Tue Jun 13 12:12:47 2023,6208.0, 0.00000,-7678.00000,-1596.00000,1230.00000,89.00000,-553.00000,67.00000,	2	
Tue Jun 13 12:12:47 2023,6209.0, 0.00000,-7916.00000,-1630.00000,1312.00000,165.00000,-458.00000,-69.00000,	2	
Tue Jun 13 12:12:47 2023,6210.0, 0.00000,-7952.00000,-1610.00000,1112.00000,140.00000,-551.00000,94.00000,	2	
Tue Jun 13 12:12:47 2023,6211.0, 0.00000,-8628.00000,-1512.00000,1636.00000,-177.00000,670.00000,-96.00000,	2	
Tue Jun 13 12:12:47 2023,6212.0, 0.00000,-12498.00000,-1420.00000,3040.00000,177.00000,3929.00000,941.00000,	2	
Tue Jun 13 12:12:47 2023,6213.0, 0.00000,-18310.00000,-1208.00000,4616.00000,968.00000,10544.00000,4700.00000,	2	
Tue Jun 13 12:12:47 2023,6214.0, 0.00000,-26110.00000,-2722.00000,3394.00000,3828.00000,10918.00000,14324.00000,	2	
Tue Jun 13 12:12:47 2023,6215.0, 0.00000,-28780.00000,-6426.00000,2112.00000,4260.00000,8816.00000,28788.00000,	2	
Tue Jun 13 12:12:47 2023,6216.0, 0.00000,-25734.00000,-12504.00000,536.00000,6807.00000,-1349.00000,32767.00000,	2	
Tue Jun 13 12:12:47 2023,6217.0, 0.00000,-19138.00000,-14964.00000,1858.00000,7112.00000,-2612.00000,32767.00000,	2	
Tue Jun 13 12:12:47 2023,6218.0, 0.00000,-9540.00000,-12788.00000,7372.00000,9510.00000,-6959.00000,32767.00000,	2	
Tue Jun 13 12:12:47 2023,6219.0, 0.00000,3262.00000,-9894.00000,-816.00000,20536.00000,-5596.00000,32767.00000,	2	
Tue Jun 13 12:12:47 2023,6220.0, 0.00000,10288.00000,-3618.00000,-10546.00000,12552.00000,-1597.00000,32767.00000,	2	
Tue Jun 13 12:12:47 2023,6221.0, 0.00000,13796.00000,1622.00000,-8162.00000,1883.00000,-618.00000,29106.00000,	2	
Tue Jun 13 12:12:47 2023,6222.0, 0.00000,12486.00000,3802.00000,-2266.00000,1776.00000,928.00000,14580.00000,	2	
Tue Jun 13 12:12:47 2023,6223.0, 0.00000,5748.00000,4034.00000,-3176.00000,3958.00000,4511.00000,7004.00000,	2	
Tue Jun 13 12:12:47 2023,6224.0, 0.00000,4588.00000,4250.00000,-4350.00000,807.00000,1390.00000,6496.00000,	2	
Tue Jun 13 12:12:47 2023,6225.0, 0.00000,4404.00000,4800.00000,-2422.00000,-2078.00000,85.00000,3158.00000,	2	
Tue Jun 13 12:12:47 2023,6226.0, 0.00000,3344.00000,5582.00000,-620.00000,-1821.00000,-1082.00000,-128.00000,	2	
Tue Jun 13 12:12:47 2023,6227.0, 0.00000,1696.00000,5932.00000,-976.00000,-1160.00000,-1925.00000,-2822.00000,	2	
Tue Jun 13 12:12:48 2023,6228.0, 0.00000,954.00000,6336.00000,-1402.00000,-2293.00000,-1893.00000,-4671.00000,	2	
Tue Jun 13 12:12:48 2023,6229.0, 0.00000,862.00000,6450.00000,-502.00000,-3348.00000,-1322.00000,-6709.00000,	2	
Tue Jun 13 12:12:48 2023,6230.0, 0.00000,1400.00000,6222.00000,-542.00000,-3567.00000,-1029.00000,-9226.00000,	2	
Tue Jun 13 12:12:48 2023,6231.0, 0.00000,1866.00000,5618.00000,-808.00000,-3604.00000,-592.00000,-12848.00000,	2	
Tue Jun 13 12:12:48 2023,6232.0, 0.00000,2068.00000,4662.00000,-2524.00000,-4340.00000,-370.00000,-16439.00000,	2	
Tue Jun 13 12:12:48 2023,6233.0, 0.00000,3108.00000,3328.00000,-3076.00000,-7300.00000,-1154.00000,-20826.00000,	2	
Tue Jun 13 12:12:48 2023,6234.0, 0.00000,350.00000,1410.00000,-794.00000,-9131.00000,-265.00000,-27437.00000,	2	
Tue Jun 13 12:12:48 2023,6235.0, 0.00000,-4666.00000,766.00000,96.00000,-8429.00000,-2240.00000,-29069.00000,	2	
Tue Jun 13 12:12:48 2023,6236.0, 0.00000,-6288.00000,240.00000,1398.00000,-7522.00000,-3517.00000,-27400.00000,	2	
Tue Jun 13 12:12:48 2023,6237.0, 0.00000,-8368.00000,48.00000,1992.00000,-5549.00000,-4328.00000,-26357.00000,	2	
Tue Jun 13 12:12:48 2023,6238.0, 0.00000,-11380.00000,230.00000,2328.00000,-5331.00000,-2693.00000,-25264.00000,	2	
Tue Jun 13 12:12:48 2023,6239.0, 0.00000,-14314.00000,774.00000,2780.00000,-4920.00000,-2675.00000,-22053.00000,	2	
Tue Jun 13 12:12:48 2023,6240.0, 0.00000,-14188.00000,1128.00000,2140.00000,-3314.00000,-2896.00000,-16161.00000,	2	
Tue Jun 13 12:12:48 2023,6241.0, 0.00000,-11444.00000,672.00000,1666.00000,-3819.00000,-2327.00000,-12730.00000,	2	
Tue Jun 13 12:12:48 2023,6242.0, 0.00000,-10066.00000,434.00000,2316.00000,-3421.00000,-2419.00000,-11610.00000,	2	
Tue Jun 13 12:12:48 2023,6243.0, 0.00000,-10018.00000,178.00000,2388.00000,-4132.00000,-2695.00000,-11404.00000,	2	
Tue Jun 13 12:12:48 2023,6244.0, 0.00000,-10600.00000,76.00000,2896.00000,-3847.00000,-2490.00000,-10258.00000,	2	
Tue Jun 13 12:12:48 2023,6245.0, 0.00000,-10806.00000,64.00000,3042.00000,-2958.00000,-2491.00000,-8839.00000,	2	
Tue Jun 13 12:12:48 2023,6246.0, 0.00000,-11426.00000,310.00000,2766.00000,-2138.00000,-2074.00000,-7249.00000,	2	
Tue Jun 13 12:12:48 2023,6247.0, 0.00000,-10598.00000,116.00000,1734.00000,-1296.00000,-1795.00000,-5073.00000,	2	
Tue Jun 13 12:12:48 2023,6248.0, 0.00000,-10100.00000,-484.00000,1098.00000,-1475.00000,-688.00000,-3241.00000,	2	
Tue Jun 13 12:12:48 2023,6249.0, 0.00000,-8084.00000,-380.00000,810.00000,-2192.00000,-746.00000,-2274.00000,	2	
Tue Jun 13 12:12:48 2023,6250.0, 0.00000,-6918.00000,-538.00000,1096.00000,-2468.00000,-351.00000,-3083.00000,	2	
Tue Jun 13 12:12:48 2023,6251.0, 0.00000,-7062.00000,-622.00000,2086.00000,-2256.00000,162.00000,-4029.00000,	2	
Tue Jun 13 12:12:48 2023,6252.0, 0.00000,-8666.00000,-474.00000,2996.00000,-1385.00000,490.00000,-4369.00000,	2	
Tue Jun 13 12:12:48 2023,6253.0, 0.00000,-9680.00000,-378.00000,3098.00000,-245.00000,381.00000,-3735.00000,	2	
Tue Jun 13 12:12:48 2023,6254.0, 0.00000,-9520.00000,-902.00000,2088.00000,1077.00000,-279.00000,-2097.00000,	2	
Tue Jun 13 12:12:48 2023,6255.0, 0.00000,-8144.00000,-1320.00000,724.00000,1056.00000,-166.00000,-1228.00000,	2	
Tue Jun 13 12:12:48 2023,6256.0, 0.00000,-7360.00000,-1566.00000,334.00000,-173.00000,308.00000,-1626.00000,	2	
Tue Jun 13 12:12:48 2023,6257.0, 0.00000,-7054.00000,-1428.00000,786.00000,-1106.00000,695.00000,-2226.00000,	2	
Tue Jun 13 12:12:48 2023,6258.0, 0.00000,-7628.00000,-1472.00000,1452.00000,-727.00000,92.00000,-2651.00000,	2	
Tue Jun 13 12:12:48 2023,6259.0, 0.00000,-7816.00000,-1458.00000,1428.00000,-555.00000,-512.00000,-2727.00000,	2	
Tue Jun 13 12:12:48 2023,6260.0, 0.00000,-8222.00000,-1546.00000,1580.00000,-464.00000,-901.00000,-2880.00000,	2	
Tue Jun 13 12:12:48 2023,6261.0, 0.00000,-8688.00000,-1618.00000,1692.00000,-311.00000,-561.00000,-2509.00000,	2	
Tue Jun 13 12:12:48 2023,6262.0, 0.00000,-10628.00000,-1692.00000,2250.00000,318.00000,276.00000,-1513.00000,	2	
Tue Jun 13 12:12:48 2023,6263.0, 0.00000,-10142.00000,-1702.00000,1520.00000,830.00000,-485.00000,1095.00000,	2	
Tue Jun 13 12:12:48 2023,6264.0, 0.00000,-10142.00000,-1878.00000,1754.00000,859.00000,318.00000,2007.00000,	2	
Tue Jun 13 12:12:48 2023,6265.0, 0.00000,-12422.00000,-1136.00000,2658.00000,634.00000,3145.00000,3202.00000,	2	
Tue Jun 13 12:12:48 2023,6266.0, 0.00000,-18054.00000,-890.00000,3874.00000,1949.00000,5756.00000,6522.00000,	2	
Tue Jun 13 12:12:48 2023,6267.0, 0.00000,-27166.00000,-682.00000,5558.00000,4219.00000,7854.00000,13513.00000,	2	
Tue Jun 13 12:12:48 2023,6268.0, 0.00000,-31952.00000,-7058.00000,5538.00000,10107.00000,2378.00000,29807.00000,	2	
Tue Jun 13 12:12:48 2023,6269.0, 0.00000,-24950.00000,-15466.00000,1154.00000,14296.00000,-6918.00000,32767.00000,	2	
Tue Jun 13 12:12:48 2023,6270.0, 0.00000,-8040.00000,-15756.00000,-1384.00000,7095.00000,3425.00000,32767.00000,	2	
Tue Jun 13 12:12:48 2023,6271.0, 0.00000,-2336.00000,-10150.00000,6328.00000,2182.00000,6968.00000,32767.00000,	2	
Tue Jun 13 12:12:48 2023,6272.0, 0.00000,3170.00000,-5428.00000,4386.00000,12515.00000,1790.00000,32767.00000,	2	
Tue Jun 13 12:12:48 2023,6273.0, 0.00000,8088.00000,-590.00000,-2660.00000,10504.00000,816.00000,32767.00000,	2	
Tue Jun 13 12:12:48 2023,6274.0, 0.00000,3762.00000,1288.00000,-252.00000,9652.00000,-25.00000,25281.00000,	2	
Tue Jun 13 12:12:48 2023,6275.0, 0.00000,5384.00000,1234.00000,-3940.00000,10566.00000,-2014.00000,24833.00000,	2	
Tue Jun 13 12:12:48 2023,6276.0, 0.00000,10558.00000,3142.00000,-3972.00000,6206.00000,203.00000,18978.00000,	2	
Tue Jun 13 12:12:48 2023,6277.0, 0.00000,11316.00000,4566.00000,-4732.00000,5245.00000,-204.00000,9476.00000,	2	
Tue Jun 13 12:12:48 2023,6278.0, 0.00000,7584.00000,5276.00000,-5360.00000,2012.00000,-551.00000,704.00000,	2	
Tue Jun 13 12:12:48 2023,6279.0, 0.00000,4388.00000,5746.00000,-4832.00000,-273.00000,-2525.00000,-1452.00000,	2	
Tue Jun 13 12:12:48 2023,6280.0, 0.00000,7272.00000,5674.00000,-4892.00000,-1960.00000,-2632.00000,-6392.00000,	2	
Tue Jun 13 12:12:48 2023,6281.0, 0.00000,6400.00000,5140.00000,-5298.00000,-4218.00000,-2296.00000,-12978.00000,	2	
Tue Jun 13 12:12:48 2023,6282.0, 0.00000,6660.00000,3906.00000,-5446.00000,-7210.00000,-3159.00000,-18777.00000,	2	
Tue Jun 13 12:12:48 2023,6283.0, 0.00000,4872.00000,1870.00000,-3556.00000,-10470.00000,-3133.00000,-25770.00000,	2	
Tue Jun 13 12:12:48 2023,6284.0, 0.00000,1792.00000,-236.00000,-1282.00000,-12154.00000,-4771.00000,-30396.00000,	2	
Tue Jun 13 12:12:48 2023,6285.0, 0.00000,-1254.00000,-1942.00000,878.00000,-12841.00000,-7331.00000,-32768.00000,	2	
Tue Jun 13 12:12:48 2023,6286.0, 0.00000,-3618.00000,-3822.00000,2184.00000,-11870.00000,-7648.00000,-32768.00000,	2	
Tue Jun 13 12:12:48 2023,6287.0, 0.00000,-8952.00000,-3592.00000,5990.00000,-11771.00000,-4787.00000,-32768.00000,	2	
Tue Jun 13 12:12:48 2023,6288.0, 0.00000,-13940.00000,-2518.00000,6924.00000,-7310.00000,-4912.00000,-32768.00000,	2	
Tue Jun 13 12:12:48 2023,6289.0, 0.00000,-14588.00000,-1948.00000,4508.00000,-3033.00000,-6238.00000,-24673.00000,	2	
Tue Jun 13 12:12:49 2023,6290.0, 0.00000,-14318.00000,-450.00000,4084.00000,-4567.00000,-4041.00000,-20406.00000,	2	
Tue Jun 13 12:12:49 2023,6291.0, 0.00000,-14586.00000,-856.00000,4518.00000,-3613.00000,-2923.00000,-17380.00000,	2	
Tue Jun 13 12:12:49 2023,6292.0, 0.00000,-14452.00000,-8.00000,4496.00000,-2418.00000,-1916.00000,-12978.00000,	2	
Tue Jun 13 12:12:49 2023,6293.0, 0.00000,-13850.00000,14.00000,4266.00000,-1180.00000,-2751.00000,-8595.00000,	2	
Tue Jun 13 12:12:49 2023,6294.0, 0.00000,-12492.00000,248.00000,3194.00000,-978.00000,-2473.00000,-5276.00000,	2	
Tue Jun 13 12:12:49 2023,6295.0, 0.00000,-11418.00000,2.00000,2894.00000,-1048.00000,-1766.00000,-2944.00000,	2	
Tue Jun 13 12:12:49 2023,6296.0, 0.00000,-10122.00000,-44.00000,1996.00000,87.00000,-1759.00000,-1004.00000,	2	
Tue Jun 13 12:12:49 2023,6297.0, 0.00000,-9010.00000,20.00000,1320.00000,-58.00000,-999.00000,-644.00000,	2	
Tue Jun 13 12:12:49 2023,6298.0, 0.00000,-8936.00000,196.00000,1058.00000,-615.00000,-376.00000,-784.00000,	2	
Tue Jun 13 12:12:49 2023,6299.0, 0.00000,-9022.00000,318.00000,1660.00000,-1041.00000,-66.00000,-447.00000,	2	
Tue Jun 13 12:12:49 2023,6300.0, 0.00000,-8986.00000,146.00000,2010.00000,-411.00000,-1021.00000,-368.00000,	2	
Tue Jun 13 12:12:49 2023,6301.0, 0.00000,-8724.00000,220.00000,1920.00000,-436.00000,-775.00000,-101.00000,	2	
Tue Jun 13 12:12:49 2023,6302.0, 0.00000,-8432.00000,-322.00000,1542.00000,-212.00000,-710.00000,396.00000,	2	
Tue Jun 13 12:12:49 2023,6303.0, 0.00000,-7992.00000,-246.00000,1754.00000,-586.00000,282.00000,625.00000,	2	
Tue Jun 13 12:12:49 2023,6304.0, 0.00000,-7918.00000,-240.00000,1930.00000,-417.00000,630.00000,252.00000,	2	
Tue Jun 13 12:12:49 2023,6305.0, 0.00000,-7758.00000,-164.00000,2022.00000,-418.00000,334.00000,164.00000,	2	
Tue Jun 13 12:12:49 2023,6306.0, 0.00000,-7712.00000,-234.00000,2090.00000,-384.00000,-312.00000,24.00000,	2	
Tue Jun 13 12:12:49 2023,6307.0, 0.00000,-7270.00000,-234.00000,2046.00000,-620.00000,-709.00000,-178.00000,	2	
Tue Jun 13 12:12:49 2023,6308.0, 0.00000,-7330.00000,-266.00000,2122.00000,-570.00000,-838.00000,-897.00000,	2	
Tue Jun 13 12:12:49 2023,6309.0, 0.00000,-7770.00000,-256.00000,2326.00000,-334.00000,-769.00000,-1178.00000,	2	
Tue Jun 13 12:12:49 2023,6310.0, 0.00000,-7788.00000,-334.00000,1926.00000,94.00000,-1213.00000,-937.00000,	2	
Tue Jun 13 12:12:49 2023,6311.0, 0.00000,-7510.00000,-456.00000,1536.00000,-129.00000,-1111.00000,-1023.00000,	2	
Tue Jun 13 12:12:49 2023,6312.0, 0.00000,-7622.00000,-414.00000,1592.00000,-514.00000,-610.00000,-1283.00000,	2	
Tue Jun 13 12:12:49 2023,6313.0, 0.00000,-7696.00000,-370.00000,1924.00000,-461.00000,-340.00000,-1474.00000,	2	
Tue Jun 13 12:12:49 2023,6314.0, 0.00000,-8112.00000,-346.00000,2306.00000,-303.00000,-113.00000,-1465.00000,	2	
Tue Jun 13 12:12:49 2023,6315.0, 0.00000,-9988.00000,92.00000,3390.00000,-189.00000,1125.00000,-1244.00000,	2	
Tue Jun 13 12:12:49 2023,6316.0, 0.00000,-14188.00000,1016.00000,5148.00000,829.00000,4262.00000,367.00000,	2	
Tue Jun 13 12:12:49 2023,6317.0, 0.00000,-21112.00000,990.00000,6472.00000,3685.00000,6782.00000,4289.00000,	2	
Tue Jun 13 12:12:49 2023,6318.0, 0.00000,-25700.00000,-1168.00000,5244.00000,9055.00000,2996.00000,14416.00000,	2	
Tue Jun 13 12:12:49 2023,6319.0, 0.00000,-24054.00000,-6996.00000,-986.00000,11370.00000,2258.00000,28121.00000,	2	
Tue Jun 13 12:12:49 2023,6320.0, 0.00000,-20534.00000,-8380.00000,1014.00000,3572.00000,4762.00000,32767.00000,	2	
Tue Jun 13 12:12:49 2023,6321.0, 0.00000,-18160.00000,-11418.00000,5978.00000,3790.00000,5830.00000,32767.00000,	2	
Tue Jun 13 12:12:49 2023,6322.0, 0.00000,-10096.00000,-12244.00000,7654.00000,9480.00000,456.00000,32767.00000,	2	
Tue Jun 13 12:12:49 2023,6323.0, 0.00000,1370.00000,-9190.00000,5794.00000,13407.00000,-663.00000,32767.00000,	2	
Tue Jun 13 12:12:49 2023,6324.0, 0.00000,9328.00000,-2942.00000,338.00000,15554.00000,2524.00000,32767.00000,	2	
Tue Jun 13 12:12:49 2023,6325.0, 0.00000,10704.00000,1428.00000,-2784.00000,11697.00000,701.00000,27322.00000,	2	
Tue Jun 13 12:12:49 2023,6326.0, 0.00000,13540.00000,2266.00000,-4766.00000,10197.00000,250.00000,19736.00000,	2	
Tue Jun 13 12:12:49 2023,6327.0, 0.00000,13248.00000,3640.00000,-6728.00000,6617.00000,-218.00000,8547.00000,	2	
Tue Jun 13 12:12:49 2023,6328.0, 0.00000,7210.00000,4086.00000,-5734.00000,2083.00000,-6.00000,1335.00000,	2	
Tue Jun 13 12:12:49 2023,6329.0, 0.00000,3668.00000,4746.00000,-4548.00000,964.00000,-2842.00000,383.00000,	2	
Tue Jun 13 12:12:49 2023,6330.0, 0.00000,3886.00000,5566.00000,-4128.00000,-41.00000,-3566.00000,-1941.00000,	2	
Tue Jun 13 12:12:49 2023,6331.0, 0.00000,2682.00000,6046.00000,-4264.00000,-370.00000,-2992.00000,-5540.00000,	2	
Tue Jun 13 12:12:49 2023,6332.0, 0.00000,1734.00000,6676.00000,-4764.00000,-2802.00000,-3023.00000,-8358.00000,	2	
Tue Jun 13 12:12:49 2023,6333.0, 0.00000,-32.00000,6556.00000,-3528.00000,-5706.00000,-2269.00000,-11638.00000,	2	
Tue Jun 13 12:12:49 2023,6334.0, 0.00000,-4.00000,6168.00000,-2528.00000,-6890.00000,-2678.00000,-12419.00000,	2	
Tue Jun 13 12:12:49 2023,6335.0, 0.00000,3118.00000,5216.00000,-2174.00000,-7539.00000,-2832.00000,-15684.00000,	2	
Tue Jun 13 12:12:49 2023,6336.0, 0.00000,3208.00000,3698.00000,-2192.00000,-9492.00000,-2399.00000,-21000.00000,	2	
Tue Jun 13 12:12:49 2023,6337.0, 0.00000,1180.00000,1882.00000,-940.00000,-9669.00000,-2041.00000,-25250.00000,	2	
Tue Jun 13 12:12:49 2023,6338.0, 0.00000,-2134.00000,912.00000,1138.00000,-10325.00000,-3589.00000,-27337.00000,	2	
Tue Jun 13 12:12:49 2023,6339.0, 0.00000,-5988.00000,236.00000,1956.00000,-9659.00000,-4841.00000,-27815.00000,	2	
Tue Jun 13 12:12:49 2023,6340.0, 0.00000,-8506.00000,154.00000,2954.00000,-8651.00000,-6395.00000,-25284.00000,	2	
Tue Jun 13 12:12:49 2023,6341.0, 0.00000,-8928.00000,1124.00000,4388.00000,-8145.00000,-5684.00000,-22400.00000,	2	
Tue Jun 13 12:12:49 2023,6342.0, 0.00000,-9846.00000,512.00000,4436.00000,-6067.00000,-4795.00000,-21394.00000,	2	
Tue Jun 13 12:12:49 2023,6343.0, 0.00000,-10378.00000,46.00000,3096.00000,-4378.00000,-3529.00000,-19175.00000,	2	
Tue Jun 13 12:12:49 2023,6344.0, 0.00000,-11984.00000,1338.00000,4206.00000,-5749.00000,-556.00000,-18307.00000,	2	
Tue Jun 13 12:12:49 2023,6345.0, 0.00000,-15692.00000,1916.00000,6112.00000,-4703.00000,180.00000,-16226.00000,	2	
Tue Jun 13 12:12:49 2023,6346.0, 0.00000,-16250.00000,1450.00000,4910.00000,-471.00000,-2671.00000,-8897.00000,	2	
Tue Jun 13 12:12:49 2023,6347.0, 0.00000,-12304.00000,980.00000,2522.00000,846.00000,-4691.00000,-2759.00000,	2	
Tue Jun 13 12:12:49 2023,6348.0, 0.00000,-9024.00000,676.00000,834.00000,-54.00000,-3241.00000,-2070.00000,	2	
Tue Jun 13 12:12:49 2023,6349.0, 0.00000,-7796.00000,798.00000,472.00000,-1530.00000,-1394.00000,-2854.00000,	2	
Tue Jun 13 12:12:49 2023,6350.0, 0.00000,-7858.00000,1032.00000,1358.00000,-1952.00000,-1367.00000,-3282.00000,	2	
Tue Jun 13 12:12:49 2023,6351.0, 0.00000,-8894.00000,1814.00000,2294.00000,-2124.00000,-998.00000,-3642.00000,	2	
Tue Jun 13 12:12:50 2023,6352.0, 0.00000,-10082.00000,1406.00000,2572.00000,-861.00000,-1325.00000,-2674.00000,	2	
Tue Jun 13 12:12:50 2023,6353.0, 0.00000,-9410.00000,1328.00000,1766.00000,-505.00000,-1935.00000,-1022.00000,	2	
Tue Jun 13 12:12:50 2023,6354.0, 0.00000,-8366.00000,600.00000,1930.00000,-666.00000,-1085.00000,-527.00000,	2	
Tue Jun 13 12:12:50 2023,6355.0, 0.00000,-7780.00000,392.00000,1620.00000,-1047.00000,-721.00000,-414.00000,	2	
Tue Jun 13 12:12:50 2023,6356.0, 0.00000,-7538.00000,496.00000,2344.00000,-1637.00000,28.00000,-805.00000,	2	
Tue Jun 13 12:12:50 2023,6357.0, 0.00000,-7970.00000,408.00000,2830.00000,-795.00000,-318.00000,-1032.00000,	2	
Tue Jun 13 12:12:50 2023,6358.0, 0.00000,-8356.00000,586.00000,3010.00000,-248.00000,-312.00000,-1139.00000,	2	
Tue Jun 13 12:12:50 2023,6359.0, 0.00000,-8978.00000,510.00000,2690.00000,321.00000,-787.00000,-690.00000,	2	
Tue Jun 13 12:12:50 2023,6360.0, 0.00000,-8616.00000,320.00000,1910.00000,342.00000,-1177.00000,309.00000,	2	
Tue Jun 13 12:12:50 2023,6361.0, 0.00000,-7618.00000,276.00000,1588.00000,-118.00000,-893.00000,570.00000,	2	
Tue Jun 13 12:12:50 2023,6362.0, 0.00000,-6778.00000,402.00000,1726.00000,-676.00000,-441.00000,6.00000,	2	
Tue Jun 13 12:12:50 2023,6363.0, 0.00000,-6956.00000,552.00000,2268.00000,-612.00000,-232.00000,-771.00000,	2	
Tue Jun 13 12:12:50 2023,6364.0, 0.00000,-7316.00000,712.00000,2400.00000,-163.00000,-542.00000,-1126.00000,	2	
Tue Jun 13 12:12:50 2023,6365.0, 0.00000,-7976.00000,690.00000,2232.00000,298.00000,-880.00000,-1198.00000,	2	
Tue Jun 13 12:12:50 2023,6366.0, 0.00000,-8728.00000,870.00000,2362.00000,120.00000,-380.00000,-878.00000,	2	
Tue Jun 13 12:12:50 2023,6367.0, 0.00000,-10478.00000,1304.00000,3440.00000,256.00000,1021.00000,-184.00000,	2	
Tue Jun 13 12:12:50 2023,6368.0, 0.00000,-14772.00000,2168.00000,5560.00000,1279.00000,4068.00000,1751.00000,	2	
Tue Jun 13 12:12:50 2023,6369.0, 0.00000,-20516.00000,2526.00000,7570.00000,5116.00000,4596.00000,6312.00000,	2	
Tue Jun 13 12:12:50 2023,6370.0, 0.00000,-25028.00000,-784.00000,6750.00000,11586.00000,1926.00000,15654.00000,	2	
Tue Jun 13 12:12:50 2023,6371.0, 0.00000,-20876.00000,-6570.00000,652.00000,14976.00000,875.00000,29591.00000,	2	
Tue Jun 13 12:12:50 2023,6372.0, 0.00000,-16702.00000,-6228.00000,1464.00000,7088.00000,6994.00000,32767.00000,	2	
Tue Jun 13 12:12:50 2023,6373.0, 0.00000,-14442.00000,-8728.00000,3356.00000,5855.00000,7241.00000,32767.00000,	2	
Tue Jun 13 12:12:50 2023,6374.0, 0.00000,-5150.00000,-6466.00000,2304.00000,4577.00000,4731.00000,32767.00000,	2	
Tue Jun 13 12:12:50 2023,6375.0, 0.00000,4556.00000,-2450.00000,1850.00000,4789.00000,4058.00000,32767.00000,	2	
Tue Jun 13 12:12:50 2023,6376.0, 0.00000,7348.00000,2040.00000,1622.00000,7266.00000,2295.00000,28262.00000,	2	
Tue Jun 13 12:12:50 2023,6377.0, 0.00000,4124.00000,2872.00000,-404.00000,10031.00000,1494.00000,21529.00000,	2	
Tue Jun 13 12:12:50 2023,6378.0, 0.00000,7824.00000,3092.00000,-2828.00000,8566.00000,-26.00000,18262.00000,	2	
Tue Jun 13 12:12:50 2023,6379.0, 0.00000,9536.00000,4294.00000,-3784.00000,4616.00000,738.00000,10113.00000,	2	
Tue Jun 13 12:12:50 2023,6380.0, 0.00000,7068.00000,5208.00000,-2328.00000,2821.00000,-50.00000,3709.00000,	2	
Tue Jun 13 12:12:50 2023,6381.0, 0.00000,3878.00000,5808.00000,-2398.00000,2624.00000,-1261.00000,615.00000,	2	
Tue Jun 13 12:12:50 2023,6382.0, 0.00000,2718.00000,5958.00000,-2892.00000,1726.00000,-2054.00000,-1625.00000,	2	
Tue Jun 13 12:12:50 2023,6383.0, 0.00000,3436.00000,6302.00000,-3806.00000,154.00000,-2644.00000,-4032.00000,	2	
Tue Jun 13 12:12:50 2023,6384.0, 0.00000,3640.00000,6362.00000,-3642.00000,-2002.00000,-2681.00000,-8274.00000,	2	
Tue Jun 13 12:12:50 2023,6385.0, 0.00000,2758.00000,5948.00000,-3542.00000,-3404.00000,-2822.00000,-11899.00000,	2	
Tue Jun 13 12:12:50 2023,6386.0, 0.00000,3358.00000,5002.00000,-3294.00000,-5329.00000,-3280.00000,-16004.00000,	2	
Tue Jun 13 12:12:50 2023,6387.0, 0.00000,1050.00000,3866.00000,-1708.00000,-7130.00000,-2993.00000,-21009.00000,	2	
Tue Jun 13 12:12:50 2023,6388.0, 0.00000,-1726.00000,2578.00000,-758.00000,-7446.00000,-3831.00000,-23175.00000,	2	
Tue Jun 13 12:12:50 2023,6389.0, 0.00000,-1830.00000,1824.00000,-186.00000,-8553.00000,-5536.00000,-23035.00000,	2	
Tue Jun 13 12:12:50 2023,6390.0, 0.00000,-2728.00000,564.00000,1068.00000,-8722.00000,-5410.00000,-24634.00000,	2	
Tue Jun 13 12:12:50 2023,6391.0, 0.00000,-6898.00000,380.00000,3878.00000,-9439.00000,-3742.00000,-27107.00000,	2	
Tue Jun 13 12:12:50 2023,6392.0, 0.00000,-13034.00000,1524.00000,5962.00000,-6905.00000,-4801.00000,-25813.00000,	2	
Tue Jun 13 12:12:50 2023,6393.0, 0.00000,-14382.00000,2098.00000,4408.00000,-2467.00000,-7899.00000,-17770.00000,	2	
Tue Jun 13 12:12:50 2023,6394.0, 0.00000,-10260.00000,1750.00000,1382.00000,-1737.00000,-7231.00000,-11401.00000,	2	
Tue Jun 13 12:12:50 2023,6395.0, 0.00000,-7986.00000,1292.00000,1242.00000,-4260.00000,-2404.00000,-11806.00000,	2	
Tue Jun 13 12:12:50 2023,6396.0, 0.00000,-10356.00000,1836.00000,4028.00000,-6322.00000,2132.00000,-14331.00000,	2	
Tue Jun 13 12:12:50 2023,6397.0, 0.00000,-14642.00000,2314.00000,6112.00000,-3424.00000,269.00000,-11448.00000,	2	
Tue Jun 13 12:12:50 2023,6398.0, 0.00000,-14650.00000,2454.00000,4524.00000,842.00000,-2715.00000,-4813.00000,	2	
Tue Jun 13 12:12:50 2023,6399.0, 0.00000,-11530.00000,1736.00000,1864.00000,1049.00000,-4031.00000,-260.00000,	2	
Tue Jun 13 12:12:50 2023,6400.0, 0.00000,-8288.00000,1568.00000,624.00000,-478.00000,-3232.00000,313.00000,	2	
Tue Jun 13 12:12:50 2023,6401.0, 0.00000,-7258.00000,1668.00000,904.00000,-1806.00000,-1262.00000,-1353.00000,	2	
Tue Jun 13 12:12:50 2023,6402.0, 0.00000,-7350.00000,1750.00000,1132.00000,-1957.00000,-1064.00000,-1969.00000,	2	
Tue Jun 13 12:12:50 2023,6403.0, 0.00000,-7670.00000,2336.00000,1966.00000,-2431.00000,-548.00000,-2364.00000,	2	
Tue Jun 13 12:12:50 2023,6404.0, 0.00000,-8756.00000,2216.00000,2714.00000,-1700.00000,-549.00000,-2463.00000,	2	
Tue Jun 13 12:12:50 2023,6405.0, 0.00000,-8856.00000,2100.00000,2434.00000,-777.00000,-991.00000,-1712.00000,	2	
Tue Jun 13 12:12:50 2023,6406.0, 0.00000,-8330.00000,1476.00000,1944.00000,-534.00000,-1237.00000,-803.00000,	2	
Tue Jun 13 12:12:50 2023,6407.0, 0.00000,-7442.00000,1282.00000,1958.00000,-1209.00000,-769.00000,-542.00000,	2	
Tue Jun 13 12:12:50 2023,6408.0, 0.00000,-6844.00000,990.00000,2174.00000,-1355.00000,-455.00000,-1110.00000,	2	
Tue Jun 13 12:12:50 2023,6409.0, 0.00000,-6868.00000,1300.00000,2530.00000,-1467.00000,-269.00000,-2114.00000,	2	
Tue Jun 13 12:12:50 2023,6410.0, 0.00000,-7758.00000,1274.00000,3202.00000,-1089.00000,-506.00000,-2664.00000,	2	
Tue Jun 13 12:12:50 2023,6411.0, 0.00000,-8122.00000,1278.00000,2762.00000,-296.00000,-1293.00000,-2189.00000,	2	
Tue Jun 13 12:12:50 2023,6412.0, 0.00000,-8398.00000,1294.00000,2570.00000,-389.00000,-1013.00000,-1896.00000,	2	
Tue Jun 13 12:12:50 2023,6413.0, 0.00000,-8646.00000,1030.00000,2336.00000,-113.00000,-761.00000,-1314.00000,	2	
Tue Jun 13 12:12:50 2023,6414.0, 0.00000,-8558.00000,1116.00000,2506.00000,-272.00000,-196.00000,-821.00000,	2	
Tue Jun 13 12:12:51 2023,6415.0, 0.00000,-9784.00000,1220.00000,3222.00000,75.00000,580.00000,-455.00000,	2	
Tue Jun 13 12:12:51 2023,6416.0, 0.00000,-13272.00000,2398.00000,5208.00000,401.00000,3483.00000,618.00000,	2	
Tue Jun 13 12:12:51 2023,6417.0, 0.00000,-19156.00000,2386.00000,6880.00000,3437.00000,5160.00000,4341.00000,	2	
Tue Jun 13 12:12:51 2023,6418.0, 0.00000,-21732.00000,778.00000,5318.00000,8375.00000,2584.00000,13684.00000,	2	
Tue Jun 13 12:12:51 2023,6419.0, 0.00000,-21196.00000,-3110.00000,1768.00000,10834.00000,2136.00000,24315.00000,	2	
Tue Jun 13 12:12:51 2023,6420.0, 0.00000,-17416.00000,-5484.00000,708.00000,7594.00000,2390.00000,32717.00000,	2	
Tue Jun 13 12:12:51 2023,6421.0, 0.00000,-13830.00000,-5484.00000,4106.00000,3422.00000,4578.00000,32767.00000,	2	
Tue Jun 13 12:12:51 2023,6422.0, 0.00000,-12296.00000,-4788.00000,7200.00000,6263.00000,3419.00000,32767.00000,	2	
Tue Jun 13 12:12:51 2023,6423.0, 0.00000,-4142.00000,-5122.00000,3034.00000,13381.00000,-1896.00000,32767.00000,	2	
Tue Jun 13 12:12:51 2023,6424.0, 0.00000,7568.00000,-1402.00000,-2362.00000,10471.00000,3944.00000,32767.00000,	2	
Tue Jun 13 12:12:51 2023,6425.0, 0.00000,11906.00000,2406.00000,168.00000,8954.00000,3196.00000,25057.00000,	2	
Tue Jun 13 12:12:51 2023,6426.0, 0.00000,11114.00000,3582.00000,-3144.00000,10202.00000,1959.00000,15505.00000,	2	
Tue Jun 13 12:12:51 2023,6427.0, 0.00000,10244.00000,3750.00000,-5386.00000,6102.00000,744.00000,8489.00000,	2	
Tue Jun 13 12:12:51 2023,6428.0, 0.00000,6144.00000,4690.00000,-4234.00000,1179.00000,-22.00000,2485.00000,	2	
Tue Jun 13 12:12:51 2023,6429.0, 0.00000,4032.00000,5196.00000,-2554.00000,875.00000,-2260.00000,907.00000,	2	
Tue Jun 13 12:12:51 2023,6430.0, 0.00000,3818.00000,5856.00000,-2818.00000,115.00000,-3016.00000,-1588.00000,	2	
Tue Jun 13 12:12:51 2023,6431.0, 0.00000,2748.00000,6264.00000,-2824.00000,-611.00000,-2797.00000,-4476.00000,	2	
Tue Jun 13 12:12:51 2023,6432.0, 0.00000,2482.00000,6612.00000,-3054.00000,-2184.00000,-1962.00000,-7182.00000,	2	
Tue Jun 13 12:12:51 2023,6433.0, 0.00000,1922.00000,6522.00000,-2372.00000,-3060.00000,-1771.00000,-10607.00000,	2	
Tue Jun 13 12:12:51 2023,6434.0, 0.00000,2400.00000,5868.00000,-2974.00000,-3709.00000,-1841.00000,-13725.00000,	2	
Tue Jun 13 12:12:51 2023,6435.0, 0.00000,1812.00000,4788.00000,-2890.00000,-6621.00000,-1863.00000,-17787.00000,	2	
Tue Jun 13 12:12:51 2023,6436.0, 0.00000,354.00000,3802.00000,-1546.00000,-9194.00000,-1938.00000,-21053.00000,	2	
Tue Jun 13 12:12:51 2023,6437.0, 0.00000,-1448.00000,2786.00000,10.00000,-8125.00000,-3142.00000,-22202.00000,	2	
Tue Jun 13 12:12:51 2023,6438.0, 0.00000,-2094.00000,1482.00000,-490.00000,-7883.00000,-4233.00000,-23354.00000,	2	
Tue Jun 13 12:12:51 2023,6439.0, 0.00000,-2944.00000,134.00000,-98.00000,-9231.00000,-4878.00000,-24476.00000,	2	
Tue Jun 13 12:12:51 2023,6440.0, 0.00000,-6736.00000,632.00000,2850.00000,-11602.00000,-2905.00000,-27060.00000,	2	
Tue Jun 13 12:12:51 2023,6441.0, 0.00000,-11254.00000,732.00000,4860.00000,-9750.00000,-4478.00000,-25249.00000,	2	
Tue Jun 13 12:12:51 2023,6442.0, 0.00000,-11968.00000,1040.00000,5000.00000,-6487.00000,-5205.00000,-19783.00000,	2	
Tue Jun 13 12:12:51 2023,6443.0, 0.00000,-13758.00000,2660.00000,6624.00000,-6064.00000,-1211.00000,-17894.00000,	2	
Tue Jun 13 12:12:51 2023,6444.0, 0.00000,-16432.00000,1496.00000,5690.00000,-2077.00000,-1634.00000,-13451.00000,	2	
Tue Jun 13 12:12:51 2023,6445.0, 0.00000,-13966.00000,1584.00000,2826.00000,-1167.00000,-3010.00000,-5885.00000,	2	
Tue Jun 13 12:12:51 2023,6446.0, 0.00000,-9432.00000,1442.00000,2410.00000,-2316.00000,-2405.00000,-3347.00000,	2	
Tue Jun 13 12:12:51 2023,6447.0, 0.00000,-7662.00000,1732.00000,2472.00000,-2682.00000,-1431.00000,-4011.00000,	2	
Tue Jun 13 12:12:51 2023,6448.0, 0.00000,-9612.00000,2438.00000,4462.00000,-2206.00000,-516.00000,-5489.00000,	2	
Tue Jun 13 12:12:51 2023,6449.0, 0.00000,-10886.00000,2168.00000,3528.00000,1026.00000,-2586.00000,-3120.00000,	2	
Tue Jun 13 12:12:51 2023,6450.0, 0.00000,-9356.00000,2016.00000,1514.00000,1072.00000,-2992.00000,-1151.00000,	2	
Tue Jun 13 12:12:51 2023,6451.0, 0.00000,-8372.00000,1490.00000,908.00000,-433.00000,-1249.00000,-1067.00000,	2	
Tue Jun 13 12:12:51 2023,6452.0, 0.00000,-8074.00000,1546.00000,1956.00000,-1520.00000,-14.00000,-1007.00000,	2	
Tue Jun 13 12:12:51 2023,6453.0, 0.00000,-8072.00000,1152.00000,2568.00000,-665.00000,-129.00000,-882.00000,	2	
Tue Jun 13 12:12:51 2023,6454.0, 0.00000,-7780.00000,1556.00000,2740.00000,-720.00000,115.00000,-752.00000,	2	
Tue Jun 13 12:12:51 2023,6455.0, 0.00000,-8082.00000,1378.00000,3096.00000,90.00000,-356.00000,-958.00000,	2	
Tue Jun 13 12:12:51 2023,6456.0, 0.00000,-8296.00000,1174.00000,2414.00000,701.00000,-1249.00000,-757.00000,	2	
Tue Jun 13 12:12:51 2023,6457.0, 0.00000,-7986.00000,1096.00000,1732.00000,284.00000,-1184.00000,-786.00000,	2	
Tue Jun 13 12:12:51 2023,6458.0, 0.00000,-7708.00000,1020.00000,1630.00000,-369.00000,-693.00000,-756.00000,	2	
Tue Jun 13 12:12:51 2023,6459.0, 0.00000,-7354.00000,1072.00000,1916.00000,-842.00000,-384.00000,-891.00000,	2	
Tue Jun 13 12:12:51 2023,6460.0, 0.00000,-7572.00000,1014.00000,2346.00000,-480.00000,-309.00000,-1227.00000,	2	
Tue Jun 13 12:12:51 2023,6461.0, 0.00000,-7678.00000,1136.00000,2380.00000,-49.00000,-608.00000,-1101.00000,	2	
Tue Jun 13 12:12:51 2023,6462.0, 0.00000,-7588.00000,1044.00000,1948.00000,87.00000,-679.00000,-1227.00000,	2	
Tue Jun 13 12:12:51 2023,6463.0, 0.00000,-7652.00000,1136.00000,2100.00000,-191.00000,-508.00000,-1391.00000,	2	
Tue Jun 13 12:12:51 2023,6464.0, 0.00000,-8142.00000,1182.00000,2196.00000,-44.00000,-357.00000,-1447.00000,	2	
Tue Jun 13 12:12:51 2023,6465.0, 0.00000,-9652.00000,1472.00000,2920.00000,-181.00000,301.00000,-973.00000,	2	
Tue Jun 13 12:12:51 2023,6466.0, 0.00000,-12626.00000,2466.00000,4752.00000,137.00000,2320.00000,520.00000,	2	
Tue Jun 13 12:12:51 2023,6467.0, 0.00000,-17114.00000,2050.00000,6270.00000,2875.00000,3694.00000,4087.00000,	2	
Tue Jun 13 12:12:51 2023,6468.0, 0.00000,-20064.00000,1412.00000,6258.00000,6531.00000,2179.00000,11358.00000,	2	
Tue Jun 13 12:12:51 2023,6469.0, 0.00000,-20764.00000,-1708.00000,3688.00000,10162.00000,1567.00000,20793.00000,	2	
Tue Jun 13 12:12:51 2023,6470.0, 0.00000,-17652.00000,-3652.00000,2658.00000,9496.00000,1918.00000,29815.00000,	2	
Tue Jun 13 12:12:51 2023,6471.0, 0.00000,-13544.00000,-5562.00000,2764.00000,9421.00000,3700.00000,32767.00000,	2	
Tue Jun 13 12:12:51 2023,6472.0, 0.00000,-7418.00000,-3758.00000,998.00000,5527.00000,4475.00000,32767.00000,	2	
Tue Jun 13 12:12:51 2023,6473.0, 0.00000,-1740.00000,-1910.00000,4276.00000,3087.00000,158.00000,32767.00000,	2	
Tue Jun 13 12:12:51 2023,6474.0, 0.00000,3146.00000,828.00000,2158.00000,10087.00000,93.00000,29869.00000,	2	
Tue Jun 13 12:12:51 2023,6475.0, 0.00000,4568.00000,2700.00000,-3086.00000,9279.00000,3557.00000,23074.00000,	2	
Tue Jun 13 12:12:51 2023,6476.0, 0.00000,6064.00000,4242.00000,-1950.00000,4868.00000,3445.00000,18249.00000,	2	
Tue Jun 13 12:12:52 2023,6477.0, 0.00000,7268.00000,4818.00000,-242.00000,5500.00000,1013.00000,12793.00000,	2	
Tue Jun 13 12:12:52 2023,6478.0, 0.00000,6638.00000,5086.00000,-2340.00000,5166.00000,-907.00000,6930.00000,	2	
Tue Jun 13 12:12:52 2023,6479.0, 0.00000,4880.00000,5776.00000,-3204.00000,3080.00000,-1094.00000,2336.00000,	2	
Tue Jun 13 12:12:52 2023,6480.0, 0.00000,2248.00000,6162.00000,-2500.00000,1201.00000,-2284.00000,-84.00000,	2	
Tue Jun 13 12:12:52 2023,6481.0, 0.00000,2526.00000,6514.00000,-2646.00000,438.00000,-3452.00000,-1698.00000,	2	
Tue Jun 13 12:12:52 2023,6482.0, 0.00000,4512.00000,6624.00000,-3248.00000,-1391.00000,-3095.00000,-5194.00000,	2	
Tue Jun 13 12:12:52 2023,6483.0, 0.00000,4828.00000,6216.00000,-2896.00000,-2923.00000,-3040.00000,-10359.00000,	2	
Tue Jun 13 12:12:52 2023,6484.0, 0.00000,4964.00000,4942.00000,-3464.00000,-4130.00000,-3056.00000,-15530.00000,	2	
Tue Jun 13 12:12:52 2023,6485.0, 0.00000,3906.00000,3302.00000,-2572.00000,-6452.00000,-3180.00000,-21363.00000,	2	
Tue Jun 13 12:12:52 2023,6486.0, 0.00000,1134.00000,1448.00000,-1158.00000,-7576.00000,-4299.00000,-25155.00000,	2	
Tue Jun 13 12:12:52 2023,6487.0, 0.00000,-2260.00000,16.00000,810.00000,-9442.00000,-5300.00000,-27989.00000,	2	
Tue Jun 13 12:12:52 2023,6488.0, 0.00000,-8774.00000,472.00000,4132.00000,-10148.00000,-6926.00000,-29016.00000,	2	
Tue Jun 13 12:12:52 2023,6489.0, 0.00000,-11762.00000,886.00000,4198.00000,-6832.00000,-10899.00000,-23275.00000,	2	
Tue Jun 13 12:12:52 2023,6490.0, 0.00000,-8892.00000,982.00000,3186.00000,-5733.00000,-10437.00000,-17551.00000,	2	
Tue Jun 13 12:12:52 2023,6491.0, 0.00000,-7726.00000,870.00000,4036.00000,-5964.00000,-5071.00000,-18572.00000,	2	
Tue Jun 13 12:12:52 2023,6492.0, 0.00000,-11672.00000,1056.00000,4930.00000,-5144.00000,-47.00000,-20107.00000,	2	
Tue Jun 13 12:12:52 2023,6493.0, 0.00000,-14966.00000,1442.00000,5194.00000,-3526.00000,587.00000,-16699.00000,	2	
Tue Jun 13 12:12:52 2023,6494.0, 0.00000,-16366.00000,2112.00000,5496.00000,-2159.00000,-556.00000,-10178.00000,	2	
Tue Jun 13 12:12:52 2023,6495.0, 0.00000,-15418.00000,2042.00000,4592.00000,-840.00000,-2086.00000,-3663.00000,	2	
Tue Jun 13 12:12:52 2023,6496.0, 0.00000,-11328.00000,1456.00000,2804.00000,348.00000,-3271.00000,839.00000,	2	
Tue Jun 13 12:12:52 2023,6497.0, 0.00000,-8074.00000,1384.00000,1204.00000,-144.00000,-2046.00000,937.00000,	2	
Tue Jun 13 12:12:52 2023,6498.0, 0.00000,-7380.00000,1854.00000,1350.00000,-1819.00000,-899.00000,-166.00000,	2	
Tue Jun 13 12:12:52 2023,6499.0, 0.00000,-7176.00000,1994.00000,2008.00000,-1513.00000,-1581.00000,-737.00000,	2	
Tue Jun 13 12:12:52 2023,6500.0, 0.00000,-7458.00000,2380.00000,2104.00000,-1373.00000,-1427.00000,-1601.00000,	2	
Tue Jun 13 12:12:52 2023,6501.0, 0.00000,-8390.00000,2364.00000,2720.00000,-1148.00000,-1195.00000,-1598.00000,	2	
Tue Jun 13 12:12:52 2023,6502.0, 0.00000,-7832.00000,1956.00000,2348.00000,-693.00000,-1584.00000,-750.00000,	2	
Tue Jun 13 12:12:52 2023,6503.0, 0.00000,-7468.00000,1756.00000,2554.00000,-1575.00000,-593.00000,-1100.00000,	2	
Tue Jun 13 12:12:52 2023,6504.0, 0.00000,-7876.00000,1710.00000,3458.00000,-1368.00000,-351.00000,-916.00000,	2	
Tue Jun 13 12:12:52 2023,6505.0, 0.00000,-7284.00000,1436.00000,3424.00000,-201.00000,-615.00000,-885.00000,	2	
Tue Jun 13 12:12:52 2023,6506.0, 0.00000,-7518.00000,1404.00000,2856.00000,54.00000,-270.00000,-1496.00000,	2	
Tue Jun 13 12:12:52 2023,6507.0, 0.00000,-8314.00000,1410.00000,3018.00000,-142.00000,-178.00000,-1239.00000,	2	
Tue Jun 13 12:12:52 2023,6508.0, 0.00000,-7860.00000,1230.00000,2502.00000,115.00000,-573.00000,-555.00000,	2	
Tue Jun 13 12:12:52 2023,6509.0, 0.00000,-7316.00000,1312.00000,2056.00000,-327.00000,-395.00000,-829.00000,	2	
Tue Jun 13 12:12:52 2023,6510.0, 0.00000,-7974.00000,1458.00000,2876.00000,-817.00000,-120.00000,-1226.00000,	2	
Tue Jun 13 12:12:52 2023,6511.0, 0.00000,-8342.00000,1648.00000,3114.00000,-244.00000,-429.00000,-807.00000,	2	
Tue Jun 13 12:12:52 2023,6512.0, 0.00000,-9004.00000,1694.00000,2902.00000,500.00000,-892.00000,-67.00000,	2	
Tue Jun 13 12:12:52 2023,6513.0, 0.00000,-8974.00000,1756.00000,2598.00000,621.00000,-678.00000,996.00000,	2	
Tue Jun 13 12:12:52 2023,6514.0, 0.00000,-10466.00000,2190.00000,4076.00000,552.00000,1420.00000,1638.00000,	2	
Tue Jun 13 12:12:52 2023,6515.0, 0.00000,-17116.00000,3174.00000,7650.00000,2308.00000,5167.00000,3086.00000,	2	
Tue Jun 13 12:12:52 2023,6516.0, 0.00000,-25342.00000,2044.00000,9286.00000,8227.00000,3181.00000,10348.00000,	2	
Tue Jun 13 12:12:52 2023,6517.0, 0.00000,-25364.00000,-4144.00000,3138.00000,14741.00000,-1004.00000,26566.00000,	2	
Tue Jun 13 12:12:52 2023,6518.0, 0.00000,-13446.00000,-8338.00000,-2590.00000,11561.00000,554.00000,32767.00000,	2	
Tue Jun 13 12:12:52 2023,6519.0, 0.00000,-4594.00000,-3020.00000,1442.00000,-1254.00000,7629.00000,32767.00000,	2	
Tue Jun 13 12:12:52 2023,6520.0, 0.00000,-2754.00000,-754.00000,7468.00000,3811.00000,3786.00000,31606.00000,	2	
Tue Jun 13 12:12:52 2023,6521.0, 0.00000,-176.00000,1036.00000,3476.00000,9835.00000,-1151.00000,28899.00000,	2	
Tue Jun 13 12:12:52 2023,6522.0, 0.00000,-872.00000,2298.00000,80.00000,9590.00000,-1587.00000,24354.00000,	2	
Tue Jun 13 12:12:52 2023,6523.0, 0.00000,1844.00000,2768.00000,-1340.00000,8339.00000,-632.00000,23692.00000,	2	
Tue Jun 13 12:12:52 2023,6524.0, 0.00000,7832.00000,4444.00000,-574.00000,6781.00000,-1584.00000,18757.00000,	2	
Tue Jun 13 12:12:52 2023,6525.0, 0.00000,9172.00000,5342.00000,-2354.00000,5789.00000,-94.00000,9625.00000,	2	
Tue Jun 13 12:12:52 2023,6526.0, 0.00000,4920.00000,5636.00000,-2624.00000,3283.00000,-313.00000,3214.00000,	2	
Tue Jun 13 12:12:52 2023,6527.0, 0.00000,3014.00000,6034.00000,-2340.00000,2066.00000,-1615.00000,1577.00000,	2	
Tue Jun 13 12:12:52 2023,6528.0, 0.00000,3664.00000,6288.00000,-2526.00000,761.00000,-2229.00000,-939.00000,	2	
Tue Jun 13 12:12:52 2023,6529.0, 0.00000,4336.00000,6364.00000,-2984.00000,-529.00000,-2321.00000,-4685.00000,	2	
Tue Jun 13 12:12:52 2023,6530.0, 0.00000,4136.00000,6178.00000,-3164.00000,-2741.00000,-2157.00000,-8966.00000,	2	
Tue Jun 13 12:12:52 2023,6531.0, 0.00000,3592.00000,5358.00000,-2866.00000,-4015.00000,-2420.00000,-13058.00000,	2	
Tue Jun 13 12:12:52 2023,6532.0, 0.00000,2810.00000,4440.00000,-1710.00000,-5219.00000,-2758.00000,-17937.00000,	2	
Tue Jun 13 12:12:52 2023,6533.0, 0.00000,288.00000,3430.00000,-1596.00000,-6349.00000,-3629.00000,-20897.00000,	2	
Tue Jun 13 12:12:52 2023,6534.0, 0.00000,-1468.00000,2124.00000,-564.00000,-9558.00000,-3688.00000,-22589.00000,	2	
Tue Jun 13 12:12:52 2023,6535.0, 0.00000,-5138.00000,1290.00000,2248.00000,-9360.00000,-4558.00000,-24080.00000,	2	
Tue Jun 13 12:12:52 2023,6536.0, 0.00000,-6500.00000,1446.00000,1912.00000,-8086.00000,-5546.00000,-21894.00000,	2	
Tue Jun 13 12:12:52 2023,6537.0, 0.00000,-6270.00000,1068.00000,2444.00000,-8358.00000,-4708.00000,-21107.00000,	2	
Tue Jun 13 12:12:52 2023,6538.0, 0.00000,-7916.00000,920.00000,3904.00000,-8045.00000,-3327.00000,-21097.00000,	2	
Tue Jun 13 12:12:52 2023,6539.0, 0.00000,-10858.00000,1558.00000,5478.00000,-7251.00000,-1979.00000,-20536.00000,	2	
Tue Jun 13 12:12:53 2023,6540.0, 0.00000,-13754.00000,1798.00000,5952.00000,-5343.00000,-2436.00000,-17410.00000,	2	
Tue Jun 13 12:12:53 2023,6541.0, 0.00000,-14156.00000,2152.00000,6080.00000,-3512.00000,-3178.00000,-12077.00000,	2	
Tue Jun 13 12:12:53 2023,6542.0, 0.00000,-13808.00000,1850.00000,5408.00000,-1726.00000,-2280.00000,-7711.00000,	2	
Tue Jun 13 12:12:53 2023,6543.0, 0.00000,-11392.00000,1652.00000,3212.00000,-621.00000,-1964.00000,-3794.00000,	2	
Tue Jun 13 12:12:53 2023,6544.0, 0.00000,-8960.00000,1770.00000,2584.00000,-1592.00000,-943.00000,-2477.00000,	2	
Tue Jun 13 12:12:53 2023,6545.0, 0.00000,-8034.00000,1944.00000,2588.00000,-2074.00000,-1133.00000,-2445.00000,	2	
Tue Jun 13 12:12:53 2023,6546.0, 0.00000,-8114.00000,2210.00000,3068.00000,-2031.00000,-1578.00000,-2844.00000,	2	
Tue Jun 13 12:12:53 2023,6547.0, 0.00000,-9314.00000,2502.00000,3388.00000,-1314.00000,-1373.00000,-3123.00000,	2	
Tue Jun 13 12:12:53 2023,6548.0, 0.00000,-9356.00000,2198.00000,2912.00000,-285.00000,-1993.00000,-1770.00000,	2	
Tue Jun 13 12:12:53 2023,6549.0, 0.00000,-8516.00000,1576.00000,1788.00000,-274.00000,-1581.00000,-900.00000,	2	
Tue Jun 13 12:12:53 2023,6550.0, 0.00000,-7878.00000,1506.00000,2248.00000,-1910.00000,-126.00000,-594.00000,	2	
Tue Jun 13 12:12:53 2023,6551.0, 0.00000,-7764.00000,1422.00000,3290.00000,-1662.00000,277.00000,-582.00000,	2	
Tue Jun 13 12:12:53 2023,6552.0, 0.00000,-7394.00000,1526.00000,3412.00000,-808.00000,37.00000,-605.00000,	2	
Tue Jun 13 12:12:53 2023,6553.0, 0.00000,-7166.00000,1310.00000,2918.00000,-290.00000,-383.00000,-965.00000,	2	
Tue Jun 13 12:12:53 2023,6554.0, 0.00000,-7224.00000,1346.00000,2986.00000,-769.00000,-660.00000,-1304.00000,	2	
Tue Jun 13 12:12:53 2023,6555.0, 0.00000,-7180.00000,1296.00000,3118.00000,-625.00000,-786.00000,-1483.00000,	2	
Tue Jun 13 12:12:53 2023,6556.0, 0.00000,-7394.00000,1260.00000,3008.00000,-635.00000,-608.00000,-1689.00000,	2	
Tue Jun 13 12:12:53 2023,6557.0, 0.00000,-7338.00000,1014.00000,2756.00000,-475.00000,-795.00000,-1499.00000,	2	
Tue Jun 13 12:12:53 2023,6558.0, 0.00000,-6780.00000,930.00000,2522.00000,-715.00000,-896.00000,-1563.00000,	2	
Tue Jun 13 12:12:53 2023,6559.0, 0.00000,-6554.00000,842.00000,2610.00000,-648.00000,-845.00000,-2239.00000,	2	
Tue Jun 13 12:12:53 2023,6560.0, 0.00000,-6296.00000,754.00000,2316.00000,-685.00000,-1134.00000,-2893.00000,	2	
Tue Jun 13 12:12:53 2023,6561.0, 0.00000,-7072.00000,774.00000,2596.00000,-1187.00000,-931.00000,-3867.00000,	2	
Tue Jun 13 12:12:53 2023,6562.0, 0.00000,-9200.00000,996.00000,3670.00000,-1162.00000,-342.00000,-3900.00000,	2	
Tue Jun 13 12:12:53 2023,6563.0, 0.00000,-10732.00000,1392.00000,4584.00000,-384.00000,222.00000,-2132.00000,	2	
Tue Jun 13 12:12:53 2023,6564.0, 0.00000,-15004.00000,2214.00000,7416.00000,536.00000,2933.00000,-168.00000,	2	
Tue Jun 13 12:12:53 2023,6565.0, 0.00000,-21956.00000,1482.00000,9686.00000,5025.00000,3467.00000,4628.00000,	2	
Tue Jun 13 12:12:53 2023,6566.0, 0.00000,-25268.00000,-1860.00000,5416.00000,11733.00000,162.00000,16462.00000,	2	
Tue Jun 13 12:12:53 2023,6567.0, 0.00000,-23224.00000,-4764.00000,2084.00000,10678.00000,2031.00000,30140.00000,	2	
Tue Jun 13 12:12:53 2023,6568.0, 0.00000,-17490.00000,-7678.00000,3198.00000,6829.00000,5556.00000,32767.00000,	2	
Tue Jun 13 12:12:53 2023,6569.0, 0.00000,-12380.00000,-6270.00000,8502.00000,6369.00000,5178.00000,32767.00000,	2	
Tue Jun 13 12:12:53 2023,6570.0, 0.00000,-4842.00000,-6522.00000,8346.00000,15134.00000,2629.00000,32767.00000,	2	
Tue Jun 13 12:12:53 2023,6571.0, 0.00000,3102.00000,-4510.00000,1390.00000,16505.00000,1918.00000,32767.00000,	2	
Tue Jun 13 12:12:53 2023,6572.0, 0.00000,9668.00000,972.00000,-2824.00000,11754.00000,5508.00000,30394.00000,	2	
Tue Jun 13 12:12:53 2023,6573.0, 0.00000,8766.00000,3664.00000,-1138.00000,9490.00000,3156.00000,19200.00000,	2	
Tue Jun 13 12:12:53 2023,6574.0, 0.00000,9650.00000,3464.00000,-3482.00000,8940.00000,320.00000,14638.00000,	2	
Tue Jun 13 12:12:53 2023,6575.0, 0.00000,9630.00000,4124.00000,-5236.00000,4292.00000,-907.00000,7370.00000,	2	
Tue Jun 13 12:12:53 2023,6576.0, 0.00000,6934.00000,4860.00000,-3532.00000,1587.00000,-2154.00000,2009.00000,	2	
Tue Jun 13 12:12:53 2023,6577.0, 0.00000,4452.00000,5566.00000,-3574.00000,628.00000,-3762.00000,-1315.00000,	2	
Tue Jun 13 12:12:53 2023,6578.0, 0.00000,2258.00000,6096.00000,-3222.00000,-510.00000,-3799.00000,-3654.00000,	2	
Tue Jun 13 12:12:53 2023,6579.0, 0.00000,1164.00000,6610.00000,-3546.00000,-2171.00000,-3299.00000,-4836.00000,	2	
Tue Jun 13 12:12:53 2023,6580.0, 0.00000,516.00000,7066.00000,-2064.00000,-4035.00000,-2747.00000,-7096.00000,	2	
Tue Jun 13 12:12:53 2023,6581.0, 0.00000,642.00000,6826.00000,-1548.00000,-3866.00000,-2721.00000,-9470.00000,	2	
Tue Jun 13 12:12:53 2023,6582.0, 0.00000,3246.00000,6244.00000,-2462.00000,-5542.00000,-2441.00000,-12820.00000,	2	
Tue Jun 13 12:12:53 2023,6583.0, 0.00000,3286.00000,4796.00000,-1776.00000,-7956.00000,-1976.00000,-18320.00000,	2	
Tue Jun 13 12:12:53 2023,6584.0, 0.00000,460.00000,3158.00000,-498.00000,-9155.00000,-2439.00000,-21521.00000,	2	
Tue Jun 13 12:12:53 2023,6585.0, 0.00000,-3724.00000,2472.00000,1554.00000,-9434.00000,-3659.00000,-23527.00000,	2	
Tue Jun 13 12:12:53 2023,6586.0, 0.00000,-5040.00000,2326.00000,1576.00000,-8187.00000,-5088.00000,-21715.00000,	2	
Tue Jun 13 12:12:53 2023,6587.0, 0.00000,-4340.00000,1516.00000,2170.00000,-8038.00000,-4890.00000,-20646.00000,	2	
Tue Jun 13 12:12:53 2023,6588.0, 0.00000,-6012.00000,1272.00000,3166.00000,-8417.00000,-3791.00000,-21785.00000,	2	
Tue Jun 13 12:12:53 2023,6589.0, 0.00000,-7974.00000,1322.00000,4354.00000,-8026.00000,-2761.00000,-21208.00000,	2	
Tue Jun 13 12:12:53 2023,6590.0, 0.00000,-11190.00000,1910.00000,6394.00000,-6969.00000,-2887.00000,-20460.00000,	2	
Tue Jun 13 12:12:53 2023,6591.0, 0.00000,-14482.00000,2622.00000,6846.00000,-3401.00000,-3419.00000,-16331.00000,	2	
Tue Jun 13 12:12:53 2023,6592.0, 0.00000,-13984.00000,2198.00000,4932.00000,-660.00000,-4832.00000,-10122.00000,	2	
Tue Jun 13 12:12:53 2023,6593.0, 0.00000,-10998.00000,1964.00000,2994.00000,-670.00000,-4103.00000,-6085.00000,	2	
Tue Jun 13 12:12:53 2023,6594.0, 0.00000,-9130.00000,1906.00000,2158.00000,-1643.00000,-1623.00000,-5520.00000,	2	
Tue Jun 13 12:12:53 2023,6595.0, 0.00000,-9232.00000,2270.00000,3048.00000,-2827.00000,-199.00000,-5528.00000,	2	
Tue Jun 13 12:12:53 2023,6596.0, 0.00000,-10354.00000,2458.00000,4040.00000,-1572.00000,-929.00000,-3963.00000,	2	
Tue Jun 13 12:12:53 2023,6597.0, 0.00000,-9780.00000,2470.00000,3140.00000,-406.00000,-1935.00000,-2029.00000,	2	
Tue Jun 13 12:12:53 2023,6598.0, 0.00000,-9604.00000,2568.00000,2886.00000,-998.00000,-1741.00000,-1507.00000,	2	
Tue Jun 13 12:12:53 2023,6599.0, 0.00000,-9094.00000,1982.00000,2668.00000,-644.00000,-2286.00000,-97.00000,	2	
Tue Jun 13 12:12:53 2023,6600.0, 0.00000,-7704.00000,1870.00000,1978.00000,-881.00000,-1206.00000,391.00000,	2	
Tue Jun 13 12:12:53 2023,6601.0, 0.00000,-7352.00000,1954.00000,2818.00000,-1548.00000,-74.00000,200.00000,	2	
Tue Jun 13 12:12:54 2023,6602.0, 0.00000,-6898.00000,1700.00000,3130.00000,-534.00000,-514.00000,9.00000,	2	
Tue Jun 13 12:12:54 2023,6603.0, 0.00000,-6192.00000,1814.00000,2706.00000,-335.00000,-343.00000,-1005.00000,	2	
Tue Jun 13 12:12:54 2023,6604.0, 0.00000,-6976.00000,1732.00000,2968.00000,-805.00000,-231.00000,-1933.00000,	2	
Tue Jun 13 12:12:54 2023,6605.0, 0.00000,-7408.00000,1820.00000,2726.00000,-827.00000,-748.00000,-1826.00000,	2	
Tue Jun 13 12:12:54 2023,6606.0, 0.00000,-7672.00000,1896.00000,3116.00000,-944.00000,-550.00000,-1912.00000,	2	
Tue Jun 13 12:12:54 2023,6607.0, 0.00000,-8014.00000,1502.00000,2820.00000,-581.00000,-866.00000,-1471.00000,	2	
Tue Jun 13 12:12:54 2023,6608.0, 0.00000,-7376.00000,1392.00000,2424.00000,-919.00000,-883.00000,-1169.00000,	2	
Tue Jun 13 12:12:54 2023,6609.0, 0.00000,-7386.00000,1316.00000,2786.00000,-1376.00000,-574.00000,-1502.00000,	2	
Tue Jun 13 12:12:54 2023,6610.0, 0.00000,-8116.00000,1542.00000,3650.00000,-1047.00000,-428.00000,-1409.00000,	2	
Tue Jun 13 12:12:54 2023,6611.0, 0.00000,-10036.00000,2160.00000,5012.00000,-165.00000,581.00000,-894.00000,	2	
Tue Jun 13 12:12:54 2023,6612.0, 0.00000,-14600.00000,3764.00000,7896.00000,1005.00000,3733.00000,1065.00000,	2	
Tue Jun 13 12:12:54 2023,6613.0, 0.00000,-22734.00000,2764.00000,11312.00000,6246.00000,1719.00000,5866.00000,	2	
Tue Jun 13 12:12:54 2023,6614.0, 0.00000,-25688.00000,-1612.00000,6660.00000,15151.00000,-2681.00000,19651.00000,	2	
Tue Jun 13 12:12:54 2023,6615.0, 0.00000,-19996.00000,-6784.00000,-548.00000,13443.00000,3297.00000,32767.00000,	2	
Tue Jun 13 12:12:54 2023,6616.0, 0.00000,-13952.00000,-6442.00000,1466.00000,3556.00000,9238.00000,32767.00000,	2	
Tue Jun 13 12:12:54 2023,6617.0, 0.00000,-11356.00000,-5988.00000,10846.00000,6021.00000,6700.00000,32767.00000,	2	
Tue Jun 13 12:12:54 2023,6618.0, 0.00000,-2374.00000,-3358.00000,7552.00000,12962.00000,1803.00000,32767.00000,	2	
Tue Jun 13 12:12:54 2023,6619.0, 0.00000,2142.00000,-1488.00000,2552.00000,16091.00000,-1045.00000,32767.00000,	2	
Tue Jun 13 12:12:54 2023,6620.0, 0.00000,7332.00000,10.00000,-2354.00000,17958.00000,1605.00000,31662.00000,	2	
Tue Jun 13 12:12:54 2023,6621.0, 0.00000,9088.00000,2690.00000,-4760.00000,12452.00000,3112.00000,22685.00000,	2	
Tue Jun 13 12:12:54 2023,6622.0, 0.00000,11208.00000,3332.00000,-4264.00000,8269.00000,1710.00000,17214.00000,	2	
Tue Jun 13 12:12:54 2023,6623.0, 0.00000,11700.00000,4052.00000,-4284.00000,5778.00000,-544.00000,7966.00000,	2	
Tue Jun 13 12:12:54 2023,6624.0, 0.00000,6228.00000,4762.00000,-4260.00000,3033.00000,-1680.00000,1361.00000,	2	
Tue Jun 13 12:12:54 2023,6625.0, 0.00000,4116.00000,5428.00000,-3792.00000,1208.00000,-3172.00000,342.00000,	2	
Tue Jun 13 12:12:54 2023,6626.0, 0.00000,3780.00000,6076.00000,-3556.00000,226.00000,-3313.00000,-2390.00000,	2	
Tue Jun 13 12:12:54 2023,6627.0, 0.00000,2450.00000,6584.00000,-3668.00000,-1494.00000,-2441.00000,-4947.00000,	2	
Tue Jun 13 12:12:54 2023,6628.0, 0.00000,570.00000,7074.00000,-2358.00000,-3014.00000,-1577.00000,-7170.00000,	2	
Tue Jun 13 12:12:54 2023,6629.0, 0.00000,-1002.00000,7360.00000,-1626.00000,-3543.00000,-1828.00000,-8077.00000,	2	
Tue Jun 13 12:12:54 2023,6630.0, 0.00000,-900.00000,7704.00000,-1514.00000,-4648.00000,-1822.00000,-8405.00000,	2	
Tue Jun 13 12:12:54 2023,6631.0, 0.00000,396.00000,7324.00000,-1538.00000,-4853.00000,-1293.00000,-9689.00000,	2	
Tue Jun 13 12:12:54 2023,6632.0, 0.00000,2090.00000,6266.00000,-2446.00000,-5772.00000,-1560.00000,-11857.00000,	2	
Tue Jun 13 12:12:54 2023,6633.0, 0.00000,3022.00000,5112.00000,-2084.00000,-7470.00000,-1144.00000,-15578.00000,	2	
Tue Jun 13 12:12:54 2023,6634.0, 0.00000,1764.00000,3956.00000,-1494.00000,-7305.00000,-2275.00000,-19182.00000,	2	
Tue Jun 13 12:12:54 2023,6635.0, 0.00000,126.00000,2446.00000,-716.00000,-8355.00000,-3452.00000,-21736.00000,	2	
Tue Jun 13 12:12:54 2023,6636.0, 0.00000,-2436.00000,1762.00000,550.00000,-10098.00000,-4308.00000,-23491.00000,	2	
Tue Jun 13 12:12:54 2023,6637.0, 0.00000,-5460.00000,1560.00000,2716.00000,-11251.00000,-4486.00000,-24265.00000,	2	
Tue Jun 13 12:12:54 2023,6638.0, 0.00000,-9514.00000,1728.00000,4768.00000,-10127.00000,-5936.00000,-22850.00000,	2	
Tue Jun 13 12:12:54 2023,6639.0, 0.00000,-9186.00000,1840.00000,3938.00000,-6756.00000,-7127.00000,-17754.00000,	2	
Tue Jun 13 12:12:54 2023,6640.0, 0.00000,-6674.00000,1588.00000,3482.00000,-6762.00000,-4921.00000,-15727.00000,	2	
Tue Jun 13 12:12:54 2023,6641.0, 0.00000,-7124.00000,938.00000,3942.00000,-6405.00000,-1635.00000,-17577.00000,	2	
Tue Jun 13 12:12:54 2023,6642.0, 0.00000,-11000.00000,1750.00000,5354.00000,-6662.00000,832.00000,-18660.00000,	2	
Tue Jun 13 12:12:54 2023,6643.0, 0.00000,-15570.00000,2602.00000,7318.00000,-5290.00000,65.00000,-16062.00000,	2	
Tue Jun 13 12:12:54 2023,6644.0, 0.00000,-16598.00000,2604.00000,6752.00000,-967.00000,-2988.00000,-8116.00000,	2	
Tue Jun 13 12:12:54 2023,6645.0, 0.00000,-12818.00000,2060.00000,3984.00000,1091.00000,-4545.00000,-1570.00000,	2	
Tue Jun 13 12:12:54 2023,6646.0, 0.00000,-9072.00000,1728.00000,1542.00000,-11.00000,-3195.00000,-449.00000,	2	
Tue Jun 13 12:12:54 2023,6647.0, 0.00000,-7590.00000,1928.00000,1526.00000,-2176.00000,-749.00000,-1003.00000,	2	
Tue Jun 13 12:12:54 2023,6648.0, 0.00000,-7304.00000,2036.00000,2218.00000,-2134.00000,-1074.00000,-833.00000,	2	
Tue Jun 13 12:12:54 2023,6649.0, 0.00000,-6170.00000,2448.00000,2262.00000,-1811.00000,-1635.00000,-1196.00000,	2	
Tue Jun 13 12:12:54 2023,6650.0, 0.00000,-6368.00000,2464.00000,2920.00000,-1909.00000,-1353.00000,-3023.00000,	2	
Tue Jun 13 12:12:54 2023,6651.0, 0.00000,-8032.00000,2434.00000,3242.00000,-1878.00000,-1064.00000,-3933.00000,	2	
Tue Jun 13 12:12:54 2023,6652.0, 0.00000,-8722.00000,2032.00000,3322.00000,-1412.00000,-1142.00000,-2822.00000,	2	
Tue Jun 13 12:12:54 2023,6653.0, 0.00000,-8542.00000,1696.00000,3118.00000,-1516.00000,-1093.00000,-1717.00000,	2	
Tue Jun 13 12:12:54 2023,6654.0, 0.00000,-8010.00000,1354.00000,3190.00000,-1535.00000,-942.00000,-1264.00000,	2	
Tue Jun 13 12:12:54 2023,6655.0, 0.00000,-7682.00000,1166.00000,3404.00000,-1064.00000,-757.00000,-1503.00000,	2	
Tue Jun 13 12:12:54 2023,6656.0, 0.00000,-8222.00000,1594.00000,3952.00000,-993.00000,-30.00000,-1759.00000,	2	
Tue Jun 13 12:12:54 2023,6657.0, 0.00000,-10738.00000,1840.00000,5204.00000,-147.00000,493.00000,-880.00000,	2	
Tue Jun 13 12:12:54 2023,6658.0, 0.00000,-12522.00000,2534.00000,6112.00000,1680.00000,1370.00000,2345.00000,	2	
Tue Jun 13 12:12:54 2023,6659.0, 0.00000,-17998.00000,3482.00000,9198.00000,3811.00000,4406.00000,4687.00000,	2	
Tue Jun 13 12:12:54 2023,6660.0, 0.00000,-22736.00000,638.00000,7854.00000,10882.00000,-334.00000,13110.00000,	2	
Tue Jun 13 12:12:54 2023,6661.0, 0.00000,-21130.00000,-3524.00000,1358.00000,12775.00000,-643.00000,25520.00000,	2	
Tue Jun 13 12:12:54 2023,6662.0, 0.00000,-16310.00000,-3576.00000,2208.00000,5045.00000,6025.00000,32647.00000,	2	
Tue Jun 13 12:12:54 2023,6663.0, 0.00000,-16294.00000,-5698.00000,8464.00000,5710.00000,4869.00000,32767.00000,	2	
Tue Jun 13 12:12:55 2023,6664.0, 0.00000,-10288.00000,-6660.00000,7958.00000,13696.00000,1396.00000,32767.00000,	2	
Tue Jun 13 12:12:55 2023,6665.0, 0.00000,3508.00000,-3994.00000,2016.00000,14120.00000,1723.00000,32767.00000,	2	
Tue Jun 13 12:12:55 2023,6666.0, 0.00000,8532.00000,186.00000,836.00000,12834.00000,3592.00000,29604.00000,	2	
Tue Jun 13 12:12:55 2023,6667.0, 0.00000,6252.00000,2430.00000,-258.00000,12429.00000,2353.00000,22447.00000,	2	
Tue Jun 13 12:12:55 2023,6668.0, 0.00000,5414.00000,2576.00000,-1250.00000,12330.00000,351.00000,19111.00000,	2	
Tue Jun 13 12:12:55 2023,6669.0, 0.00000,10544.00000,3140.00000,-4786.00000,9512.00000,-98.00000,15957.00000,	2	
Tue Jun 13 12:12:55 2023,6670.0, 0.00000,11156.00000,4304.00000,-4164.00000,5092.00000,-825.00000,5952.00000,	2	
Tue Jun 13 12:12:55 2023,6671.0, 0.00000,5624.00000,5008.00000,-3742.00000,3413.00000,-1628.00000,363.00000,	2	
Tue Jun 13 12:12:55 2023,6672.0, 0.00000,3606.00000,5658.00000,-3696.00000,1730.00000,-2160.00000,-864.00000,	2	
Tue Jun 13 12:12:55 2023,6673.0, 0.00000,3002.00000,6258.00000,-3460.00000,341.00000,-2259.00000,-3279.00000,	2	
Tue Jun 13 12:12:55 2023,6674.0, 0.00000,1554.00000,6748.00000,-3358.00000,-1565.00000,-2051.00000,-5419.00000,	2	
Tue Jun 13 12:12:55 2023,6675.0, 0.00000,580.00000,7204.00000,-2628.00000,-2546.00000,-1754.00000,-7052.00000,	2	
Tue Jun 13 12:12:55 2023,6676.0, 0.00000,70.00000,7444.00000,-2812.00000,-3664.00000,-1316.00000,-8158.00000,	2	
Tue Jun 13 12:12:55 2023,6677.0, 0.00000,1340.00000,7108.00000,-3062.00000,-4688.00000,-1275.00000,-9701.00000,	2	
Tue Jun 13 12:12:55 2023,6678.0, 0.00000,2628.00000,6272.00000,-3604.00000,-7413.00000,-1203.00000,-12393.00000,	2	
Tue Jun 13 12:12:55 2023,6679.0, 0.00000,3224.00000,4952.00000,-2278.00000,-8837.00000,-1028.00000,-16584.00000,	2	
Tue Jun 13 12:12:55 2023,6680.0, 0.00000,1668.00000,3626.00000,-1434.00000,-9186.00000,-1669.00000,-20019.00000,	2	
Tue Jun 13 12:12:55 2023,6681.0, 0.00000,-342.00000,2630.00000,-380.00000,-9939.00000,-3125.00000,-21853.00000,	2	
Tue Jun 13 12:12:55 2023,6682.0, 0.00000,-3006.00000,2174.00000,2278.00000,-11686.00000,-3923.00000,-23856.00000,	2	
Tue Jun 13 12:12:55 2023,6683.0, 0.00000,-8130.00000,2100.00000,4018.00000,-10788.00000,-5230.00000,-23603.00000,	2	
Tue Jun 13 12:12:55 2023,6684.0, 0.00000,-8350.00000,2560.00000,3338.00000,-7957.00000,-6410.00000,-17951.00000,	2	
Tue Jun 13 12:12:55 2023,6685.0, 0.00000,-4910.00000,1910.00000,2594.00000,-7959.00000,-5050.00000,-15980.00000,	2	
Tue Jun 13 12:12:55 2023,6686.0, 0.00000,-4456.00000,1086.00000,3564.00000,-8841.00000,-1447.00000,-18815.00000,	2	
Tue Jun 13 12:12:55 2023,6687.0, 0.00000,-7866.00000,986.00000,5626.00000,-8601.00000,318.00000,-21645.00000,	2	
Tue Jun 13 12:12:55 2023,6688.0, 0.00000,-12654.00000,2010.00000,7608.00000,-6717.00000,422.00000,-20571.00000,	2	
Tue Jun 13 12:12:55 2023,6689.0, 0.00000,-16600.00000,2342.00000,8008.00000,-2886.00000,-2454.00000,-15010.00000,	2	
Tue Jun 13 12:12:55 2023,6690.0, 0.00000,-15458.00000,2220.00000,5058.00000,795.00000,-5489.00000,-6355.00000,	2	
Tue Jun 13 12:12:55 2023,6691.0, 0.00000,-10808.00000,1772.00000,2276.00000,-73.00000,-5060.00000,-2135.00000,	2	
Tue Jun 13 12:12:55 2023,6692.0, 0.00000,-8154.00000,1776.00000,1298.00000,-2103.00000,-1414.00000,-2648.00000,	2	
Tue Jun 13 12:12:55 2023,6693.0, 0.00000,-7720.00000,2036.00000,2260.00000,-3536.00000,600.00000,-3728.00000,	2	
Tue Jun 13 12:12:55 2023,6694.0, 0.00000,-8636.00000,2590.00000,3672.00000,-3015.00000,223.00000,-3348.00000,	2	
Tue Jun 13 12:12:55 2023,6695.0, 0.00000,-9314.00000,2638.00000,4462.00000,-1377.00000,-1459.00000,-2448.00000,	2	
Tue Jun 13 12:12:55 2023,6696.0, 0.00000,-8796.00000,2072.00000,2744.00000,87.00000,-2358.00000,-1080.00000,	2	
Tue Jun 13 12:12:55 2023,6697.0, 0.00000,-8056.00000,1750.00000,2578.00000,-1109.00000,-810.00000,-523.00000,	2	
Tue Jun 13 12:12:55 2023,6698.0, 0.00000,-7902.00000,1650.00000,3232.00000,-1558.00000,-123.00000,-294.00000,	2	
Tue Jun 13 12:12:55 2023,6699.0, 0.00000,-7396.00000,1466.00000,3680.00000,-1014.00000,-37.00000,-305.00000,	2	
Tue Jun 13 12:12:55 2023,6700.0, 0.00000,-7038.00000,1326.00000,2946.00000,-369.00000,-505.00000,-698.00000,	2	
Tue Jun 13 12:12:55 2023,6701.0, 0.00000,-7068.00000,1556.00000,3426.00000,-1100.00000,-145.00000,-1417.00000,	2	
Tue Jun 13 12:12:55 2023,6702.0, 0.00000,-8396.00000,1514.00000,3892.00000,-533.00000,-246.00000,-1803.00000,	2	
Tue Jun 13 12:12:55 2023,6703.0, 0.00000,-8392.00000,1396.00000,2946.00000,-56.00000,-882.00000,-605.00000,	2	
Tue Jun 13 12:12:55 2023,6704.0, 0.00000,-8244.00000,1682.00000,3320.00000,-539.00000,72.00000,-71.00000,	2	
Tue Jun 13 12:12:55 2023,6705.0, 0.00000,-8778.00000,1656.00000,4244.00000,101.00000,489.00000,646.00000,	2	
Tue Jun 13 12:12:55 2023,6706.0, 0.00000,-10780.00000,2306.00000,5472.00000,1066.00000,1674.00000,1396.00000,	2	
Tue Jun 13 12:12:55 2023,6707.0, 0.00000,-15756.00000,2570.00000,7344.00000,2891.00000,3832.00000,3464.00000,	2	
Tue Jun 13 12:12:55 2023,6708.0, 0.00000,-21212.00000,1912.00000,8454.00000,6939.00000,1952.00000,9333.00000,	2	
Tue Jun 13 12:12:55 2023,6709.0, 0.00000,-21416.00000,-1922.00000,3472.00000,11975.00000,649.00000,21167.00000,	2	
Tue Jun 13 12:12:55 2023,6710.0, 0.00000,-15992.00000,-3798.00000,1838.00000,7514.00000,3033.00000,30494.00000,	2	
Tue Jun 13 12:12:55 2023,6711.0, 0.00000,-14706.00000,-4174.00000,7466.00000,4634.00000,4481.00000,32767.00000,	2	
Tue Jun 13 12:12:55 2023,6712.0, 0.00000,-11064.00000,-4192.00000,7552.00000,12008.00000,1125.00000,32767.00000,	2	
Tue Jun 13 12:12:55 2023,6713.0, 0.00000,-1464.00000,-3466.00000,2646.00000,14909.00000,963.00000,32767.00000,	2	
Tue Jun 13 12:12:55 2023,6714.0, 0.00000,4274.00000,-350.00000,-154.00000,13033.00000,2757.00000,32767.00000,	2	
Tue Jun 13 12:12:55 2023,6715.0, 0.00000,8950.00000,2552.00000,-372.00000,11205.00000,2257.00000,26632.00000,	2	
Tue Jun 13 12:12:55 2023,6716.0, 0.00000,12028.00000,3926.00000,-2614.00000,11207.00000,930.00000,16944.00000,	2	
Tue Jun 13 12:12:55 2023,6717.0, 0.00000,7980.00000,4270.00000,-5974.00000,6501.00000,-159.00000,8413.00000,	2	
Tue Jun 13 12:12:55 2023,6718.0, 0.00000,5478.00000,4660.00000,-3924.00000,2591.00000,-2091.00000,6067.00000,	2	
Tue Jun 13 12:12:55 2023,6719.0, 0.00000,5996.00000,5450.00000,-3298.00000,1566.00000,-3232.00000,3152.00000,	2	
Tue Jun 13 12:12:55 2023,6720.0, 0.00000,5304.00000,5800.00000,-2920.00000,502.00000,-3099.00000,-1060.00000,	2	
Tue Jun 13 12:12:55 2023,6721.0, 0.00000,3664.00000,6296.00000,-3020.00000,-632.00000,-2288.00000,-4571.00000,	2	
Tue Jun 13 12:12:55 2023,6722.0, 0.00000,1526.00000,6644.00000,-2642.00000,-2623.00000,-1853.00000,-7496.00000,	2	
Tue Jun 13 12:12:55 2023,6723.0, 0.00000,162.00000,6904.00000,-1966.00000,-4074.00000,-1959.00000,-8877.00000,	2	
Tue Jun 13 12:12:55 2023,6724.0, 0.00000,-72.00000,6834.00000,-1410.00000,-5317.00000,-1805.00000,-10554.00000,	2	
Tue Jun 13 12:12:55 2023,6725.0, 0.00000,-1326.00000,6586.00000,-106.00000,-6569.00000,-1918.00000,-12507.00000,	2	
Tue Jun 13 12:12:56 2023,6726.0, 0.00000,-1768.00000,6282.00000,-44.00000,-6281.00000,-2176.00000,-12800.00000,	2	
Tue Jun 13 12:12:56 2023,6727.0, 0.00000,-676.00000,5404.00000,-40.00000,-6610.00000,-2257.00000,-13809.00000,	2	
Tue Jun 13 12:12:56 2023,6728.0, 0.00000,-390.00000,4542.00000,-712.00000,-6508.00000,-1450.00000,-15781.00000,	2	
Tue Jun 13 12:12:56 2023,6729.0, 0.00000,-686.00000,3630.00000,-526.00000,-8030.00000,-1244.00000,-18085.00000,	2	
Tue Jun 13 12:12:56 2023,6730.0, 0.00000,-1580.00000,2444.00000,932.00000,-8747.00000,-2271.00000,-19737.00000,	2	
Tue Jun 13 12:12:56 2023,6731.0, 0.00000,-5386.00000,2550.00000,4004.00000,-9859.00000,-2665.00000,-22388.00000,	2	
Tue Jun 13 12:12:56 2023,6732.0, 0.00000,-10514.00000,2372.00000,5206.00000,-8625.00000,-5320.00000,-21293.00000,	2	
Tue Jun 13 12:12:56 2023,6733.0, 0.00000,-10238.00000,2914.00000,4722.00000,-6244.00000,-6869.00000,-14822.00000,	2	
Tue Jun 13 12:12:56 2023,6734.0, 0.00000,-7262.00000,2218.00000,3472.00000,-5125.00000,-4667.00000,-12712.00000,	2	
Tue Jun 13 12:12:56 2023,6735.0, 0.00000,-6352.00000,1690.00000,2982.00000,-5898.00000,-1002.00000,-14029.00000,	2	
Tue Jun 13 12:12:56 2023,6736.0, 0.00000,-9630.00000,2484.00000,5706.00000,-7026.00000,2247.00000,-16032.00000,	2	
Tue Jun 13 12:12:56 2023,6737.0, 0.00000,-13870.00000,2412.00000,6712.00000,-3327.00000,-464.00000,-13035.00000,	2	
Tue Jun 13 12:12:56 2023,6738.0, 0.00000,-13180.00000,2888.00000,4956.00000,-1258.00000,-3300.00000,-5701.00000,	2	
Tue Jun 13 12:12:56 2023,6739.0, 0.00000,-10132.00000,2112.00000,3436.00000,-939.00000,-3541.00000,-2493.00000,	2	
Tue Jun 13 12:12:56 2023,6740.0, 0.00000,-7940.00000,2208.00000,2376.00000,-2011.00000,-1718.00000,-2897.00000,	2	
Tue Jun 13 12:12:56 2023,6741.0, 0.00000,-7578.00000,2090.00000,2542.00000,-2480.00000,-761.00000,-3758.00000,	2	
Tue Jun 13 12:12:56 2023,6742.0, 0.00000,-7516.00000,2220.00000,2944.00000,-2571.00000,-943.00000,-3569.00000,	2	
Tue Jun 13 12:12:56 2023,6743.0, 0.00000,-8326.00000,2484.00000,4366.00000,-2256.00000,-854.00000,-3421.00000,	2	
Tue Jun 13 12:12:56 2023,6744.0, 0.00000,-9174.00000,2496.00000,4286.00000,-507.00000,-1737.00000,-2190.00000,	2	
Tue Jun 13 12:12:56 2023,6745.0, 0.00000,-7996.00000,1844.00000,2972.00000,318.00000,-1716.00000,-784.00000,	2	
Tue Jun 13 12:12:56 2023,6746.0, 0.00000,-7194.00000,1594.00000,2436.00000,-776.00000,-564.00000,-842.00000,	2	
Tue Jun 13 12:12:56 2023,6747.0, 0.00000,-6808.00000,1532.00000,2746.00000,-1568.00000,-155.00000,-1280.00000,	2	
Tue Jun 13 12:12:56 2023,6748.0, 0.00000,-6598.00000,1408.00000,3512.00000,-1437.00000,-267.00000,-2263.00000,	2	
Tue Jun 13 12:12:56 2023,6749.0, 0.00000,-6960.00000,1572.00000,3544.00000,-1060.00000,-447.00000,-3035.00000,	2	
Tue Jun 13 12:12:56 2023,6750.0, 0.00000,-7728.00000,1636.00000,3904.00000,-1158.00000,-418.00000,-3174.00000,	2	
Tue Jun 13 12:12:56 2023,6751.0, 0.00000,-8476.00000,1438.00000,4078.00000,-580.00000,-740.00000,-2383.00000,	2	
Tue Jun 13 12:12:56 2023,6752.0, 0.00000,-8416.00000,1384.00000,3806.00000,47.00000,-489.00000,-1363.00000,	2	
Tue Jun 13 12:12:56 2023,6753.0, 0.00000,-7820.00000,932.00000,3076.00000,291.00000,-501.00000,-667.00000,	2	
Tue Jun 13 12:12:56 2023,6754.0, 0.00000,-6910.00000,922.00000,3068.00000,-498.00000,-169.00000,-777.00000,	2	
Tue Jun 13 12:12:56 2023,6755.0, 0.00000,-7712.00000,1388.00000,4192.00000,-520.00000,77.00000,-1443.00000,	2	
Tue Jun 13 12:12:56 2023,6756.0, 0.00000,-10120.00000,1890.00000,5448.00000,640.00000,264.00000,-836.00000,	2	
Tue Jun 13 12:12:56 2023,6757.0, 0.00000,-15468.00000,3124.00000,8878.00000,1789.00000,2449.00000,1240.00000,	2	
Tue Jun 13 12:12:56 2023,6758.0, 0.00000,-23174.00000,1782.00000,10334.00000,9142.00000,249.00000,8294.00000,	2	
Tue Jun 13 12:12:56 2023,6759.0, 0.00000,-23016.00000,-3942.00000,2568.00000,15493.00000,-582.00000,22505.00000,	2	
Tue Jun 13 12:12:56 2023,6760.0, 0.00000,-12694.00000,-4852.00000,-2470.00000,7466.00000,5732.00000,31900.00000,	2	
Tue Jun 13 12:12:56 2023,6761.0, 0.00000,-9670.00000,-2368.00000,6028.00000,390.00000,8168.00000,29599.00000,	2	
Tue Jun 13 12:12:56 2023,6762.0, 0.00000,-8098.00000,-1204.00000,9264.00000,10013.00000,4762.00000,32563.00000,	2	
Tue Jun 13 12:12:56 2023,6763.0, 0.00000,-2350.00000,-2410.00000,2230.00000,14922.00000,116.00000,32767.00000,	2	
Tue Jun 13 12:12:56 2023,6764.0, 0.00000,4186.00000,1288.00000,-1308.00000,8682.00000,65.00000,27511.00000,	2	
Tue Jun 13 12:12:56 2023,6765.0, 0.00000,3798.00000,2710.00000,-1602.00000,8132.00000,2739.00000,20052.00000,	2	
Tue Jun 13 12:12:56 2023,6766.0, 0.00000,5550.00000,4358.00000,-130.00000,5303.00000,586.00000,15510.00000,	2	
Tue Jun 13 12:12:56 2023,6767.0, 0.00000,7892.00000,5638.00000,-1230.00000,5596.00000,487.00000,9664.00000,	2	
Tue Jun 13 12:12:56 2023,6768.0, 0.00000,6130.00000,5668.00000,-2226.00000,3469.00000,-139.00000,2561.00000,	2	
Tue Jun 13 12:12:56 2023,6769.0, 0.00000,3434.00000,5878.00000,-2560.00000,1556.00000,-2016.00000,-505.00000,	2	
Tue Jun 13 12:12:56 2023,6770.0, 0.00000,4276.00000,6210.00000,-2998.00000,-218.00000,-2741.00000,-4005.00000,	2	
Tue Jun 13 12:12:56 2023,6771.0, 0.00000,1804.00000,6220.00000,-1604.00000,-2578.00000,-2412.00000,-8842.00000,	2	
Tue Jun 13 12:12:56 2023,6772.0, 0.00000,-1976.00000,5988.00000,-824.00000,-3099.00000,-3277.00000,-9896.00000,	2	
Tue Jun 13 12:12:56 2023,6773.0, 0.00000,-1236.00000,6040.00000,-1200.00000,-4311.00000,-3726.00000,-10028.00000,	2	
Tue Jun 13 12:12:56 2023,6774.0, 0.00000,236.00000,5516.00000,-586.00000,-5374.00000,-2360.00000,-12951.00000,	2	
Tue Jun 13 12:12:56 2023,6775.0, 0.00000,498.00000,4294.00000,26.00000,-5196.00000,-1567.00000,-16476.00000,	2	
Tue Jun 13 12:12:56 2023,6776.0, 0.00000,-410.00000,2754.00000,130.00000,-5851.00000,-2504.00000,-19335.00000,	2	
Tue Jun 13 12:12:56 2023,6777.0, 0.00000,-3242.00000,1776.00000,1520.00000,-7156.00000,-3154.00000,-22201.00000,	2	
Tue Jun 13 12:12:56 2023,6778.0, 0.00000,-7478.00000,1358.00000,3110.00000,-7227.00000,-5076.00000,-22477.00000,	2	
Tue Jun 13 12:12:56 2023,6779.0, 0.00000,-9124.00000,1626.00000,4536.00000,-6888.00000,-6540.00000,-19302.00000,	2	
Tue Jun 13 12:12:56 2023,6780.0, 0.00000,-11034.00000,2562.00000,6222.00000,-6696.00000,-6238.00000,-17388.00000,	2	
Tue Jun 13 12:12:56 2023,6781.0, 0.00000,-11384.00000,1880.00000,4828.00000,-3322.00000,-5686.00000,-13542.00000,	2	
Tue Jun 13 12:12:56 2023,6782.0, 0.00000,-8596.00000,1598.00000,2296.00000,-3276.00000,-3388.00000,-10796.00000,	2	
Tue Jun 13 12:12:56 2023,6783.0, 0.00000,-7550.00000,1426.00000,2634.00000,-5077.00000,-571.00000,-11527.00000,	2	
Tue Jun 13 12:12:56 2023,6784.0, 0.00000,-8138.00000,1456.00000,3764.00000,-5185.00000,-382.00000,-11980.00000,	2	
Tue Jun 13 12:12:56 2023,6785.0, 0.00000,-9382.00000,1348.00000,4664.00000,-4405.00000,-1541.00000,-10833.00000,	2	
Tue Jun 13 12:12:56 2023,6786.0, 0.00000,-9930.00000,1508.00000,5052.00000,-3254.00000,-2168.00000,-9122.00000,	2	
Tue Jun 13 12:12:56 2023,6787.0, 0.00000,-10664.00000,1572.00000,5152.00000,-2115.00000,-1812.00000,-7711.00000,	2	
Tue Jun 13 12:12:56 2023,6788.0, 0.00000,-10622.00000,948.00000,4164.00000,-956.00000,-1546.00000,-5570.00000,	2	
Tue Jun 13 12:12:57 2023,6789.0, 0.00000,-9646.00000,490.00000,2968.00000,-800.00000,-1819.00000,-3905.00000,	2	
Tue Jun 13 12:12:57 2023,6790.0, 0.00000,-8718.00000,564.00000,2802.00000,-1467.00000,-1335.00000,-3113.00000,	2	
Tue Jun 13 12:12:57 2023,6791.0, 0.00000,-8098.00000,592.00000,3268.00000,-1699.00000,-1402.00000,-2697.00000,	2	
Tue Jun 13 12:12:57 2023,6792.0, 0.00000,-7580.00000,780.00000,3524.00000,-1457.00000,-1584.00000,-2648.00000,	2	
Tue Jun 13 12:12:57 2023,6793.0, 0.00000,-8098.00000,616.00000,3792.00000,-1017.00000,-1128.00000,-2928.00000,	2	
Tue Jun 13 12:12:57 2023,6794.0, 0.00000,-9112.00000,442.00000,3942.00000,-831.00000,-1053.00000,-2353.00000,	2	
Tue Jun 13 12:12:57 2023,6795.0, 0.00000,-8498.00000,328.00000,3702.00000,-360.00000,-737.00000,-1132.00000,	2	
Tue Jun 13 12:12:57 2023,6796.0, 0.00000,-7802.00000,-92.00000,3428.00000,-332.00000,-259.00000,-918.00000,	2	
Tue Jun 13 12:12:57 2023,6797.0, 0.00000,-7132.00000,-20.00000,3236.00000,-754.00000,-135.00000,-1075.00000,	2	
Tue Jun 13 12:12:57 2023,6798.0, 0.00000,-7042.00000,28.00000,3552.00000,-590.00000,-39.00000,-1608.00000,	2	
Tue Jun 13 12:12:57 2023,6799.0, 0.00000,-7196.00000,106.00000,3694.00000,-247.00000,-320.00000,-1828.00000,	2	
Tue Jun 13 12:12:57 2023,6800.0, 0.00000,-8010.00000,166.00000,3978.00000,-36.00000,-307.00000,-1955.00000,	2	
Tue Jun 13 12:12:57 2023,6801.0, 0.00000,-8616.00000,126.00000,3868.00000,594.00000,-814.00000,-1053.00000,	2	
Tue Jun 13 12:12:57 2023,6802.0, 0.00000,-8734.00000,86.00000,3658.00000,1032.00000,-716.00000,-249.00000,	2	
Tue Jun 13 12:12:57 2023,6803.0, 0.00000,-8860.00000,24.00000,3442.00000,796.00000,-100.00000,555.00000,	2	
Tue Jun 13 12:12:57 2023,6804.0, 0.00000,-10840.00000,488.00000,4944.00000,630.00000,1457.00000,1074.00000,	2	
Tue Jun 13 12:12:57 2023,6805.0, 0.00000,-14284.00000,958.00000,6394.00000,2133.00000,2793.00000,3601.00000,	2	
Tue Jun 13 12:12:57 2023,6806.0, 0.00000,-21780.00000,1536.00000,9170.00000,4020.00000,5000.00000,7335.00000,	2	
Tue Jun 13 12:12:57 2023,6807.0, 0.00000,-26398.00000,-2280.00000,7426.00000,11267.00000,2820.00000,19931.00000,	2	
Tue Jun 13 12:12:57 2023,6808.0, 0.00000,-21136.00000,-8594.00000,564.00000,11099.00000,3769.00000,32767.00000,	2	
Tue Jun 13 12:12:57 2023,6809.0, 0.00000,-13630.00000,-8566.00000,3446.00000,2621.00000,5933.00000,32767.00000,	2	
Tue Jun 13 12:12:57 2023,6810.0, 0.00000,-10542.00000,-7340.00000,8206.00000,6886.00000,3820.00000,32767.00000,	2	
Tue Jun 13 12:12:57 2023,6811.0, 0.00000,-3690.00000,-7216.00000,5064.00000,12925.00000,3373.00000,32767.00000,	2	
Tue Jun 13 12:12:57 2023,6812.0, 0.00000,7588.00000,-1478.00000,-1582.00000,7891.00000,3127.00000,32767.00000,	2	
Tue Jun 13 12:12:57 2023,6813.0, 0.00000,10688.00000,2658.00000,2472.00000,6834.00000,2795.00000,24104.00000,	2	
Tue Jun 13 12:12:57 2023,6814.0, 0.00000,6546.00000,3774.00000,-454.00000,9444.00000,689.00000,17639.00000,	2	
Tue Jun 13 12:12:57 2023,6815.0, 0.00000,7996.00000,3628.00000,-2190.00000,8381.00000,-141.00000,12799.00000,	2	
Tue Jun 13 12:12:57 2023,6816.0, 0.00000,8010.00000,4674.00000,-3356.00000,3913.00000,-989.00000,7622.00000,	2	
Tue Jun 13 12:12:57 2023,6817.0, 0.00000,7082.00000,5354.00000,-1584.00000,2239.00000,-2096.00000,2150.00000,	2	
Tue Jun 13 12:12:57 2023,6818.0, 0.00000,4656.00000,6020.00000,-2734.00000,1486.00000,-2962.00000,-2174.00000,	2	
Tue Jun 13 12:12:57 2023,6819.0, 0.00000,3908.00000,6336.00000,-3332.00000,-844.00000,-2828.00000,-5142.00000,	2	
Tue Jun 13 12:12:57 2023,6820.0, 0.00000,3088.00000,6358.00000,-2914.00000,-3047.00000,-3018.00000,-9221.00000,	2	
Tue Jun 13 12:12:57 2023,6821.0, 0.00000,3284.00000,5854.00000,-2998.00000,-4896.00000,-3680.00000,-12775.00000,	2	
Tue Jun 13 12:12:57 2023,6822.0, 0.00000,3208.00000,4356.00000,-2194.00000,-6963.00000,-3524.00000,-17984.00000,	2	
Tue Jun 13 12:12:57 2023,6823.0, 0.00000,1446.00000,2910.00000,-800.00000,-8138.00000,-4342.00000,-22252.00000,	2	
Tue Jun 13 12:12:57 2023,6824.0, 0.00000,-2916.00000,2036.00000,2944.00000,-9724.00000,-5628.00000,-26362.00000,	2	
Tue Jun 13 12:12:57 2023,6825.0, 0.00000,-9710.00000,1438.00000,4162.00000,-9155.00000,-8018.00000,-25045.00000,	2	
Tue Jun 13 12:12:57 2023,6826.0, 0.00000,-11166.00000,2136.00000,4672.00000,-7485.00000,-11383.00000,-17643.00000,	2	
Tue Jun 13 12:12:57 2023,6827.0, 0.00000,-6970.00000,2828.00000,3794.00000,-6283.00000,-9621.00000,-13329.00000,	2	
Tue Jun 13 12:12:57 2023,6828.0, 0.00000,-4448.00000,1934.00000,3744.00000,-6592.00000,-4706.00000,-14715.00000,	2	
Tue Jun 13 12:12:57 2023,6829.0, 0.00000,-5702.00000,1190.00000,4484.00000,-6269.00000,-66.00000,-18094.00000,	2	
Tue Jun 13 12:12:57 2023,6830.0, 0.00000,-10216.00000,1992.00000,6114.00000,-6069.00000,1957.00000,-18982.00000,	2	
Tue Jun 13 12:12:57 2023,6831.0, 0.00000,-14194.00000,2274.00000,6994.00000,-3962.00000,-232.00000,-15298.00000,	2	
Tue Jun 13 12:12:57 2023,6832.0, 0.00000,-15188.00000,2838.00000,6638.00000,-1951.00000,-2871.00000,-8616.00000,	2	
Tue Jun 13 12:12:57 2023,6833.0, 0.00000,-11734.00000,2118.00000,4990.00000,-215.00000,-4133.00000,-2534.00000,	2	
Tue Jun 13 12:12:57 2023,6834.0, 0.00000,-8546.00000,1854.00000,2858.00000,-108.00000,-2289.00000,-1734.00000,	2	
Tue Jun 13 12:12:57 2023,6835.0, 0.00000,-7290.00000,1924.00000,2144.00000,-1747.00000,109.00000,-2405.00000,	2	
Tue Jun 13 12:12:57 2023,6836.0, 0.00000,-6796.00000,2012.00000,2796.00000,-1886.00000,163.00000,-3246.00000,	2	
Tue Jun 13 12:12:57 2023,6837.0, 0.00000,-7334.00000,2108.00000,3350.00000,-1371.00000,-163.00000,-3545.00000,	2	
Tue Jun 13 12:12:57 2023,6838.0, 0.00000,-7428.00000,2380.00000,3464.00000,-1303.00000,-721.00000,-3675.00000,	2	
Tue Jun 13 12:12:57 2023,6839.0, 0.00000,-8628.00000,2222.00000,4022.00000,-1160.00000,-1160.00000,-3719.00000,	2	
Tue Jun 13 12:12:57 2023,6840.0, 0.00000,-9076.00000,1808.00000,3836.00000,-439.00000,-1505.00000,-1987.00000,	2	
Tue Jun 13 12:12:57 2023,6841.0, 0.00000,-8028.00000,1466.00000,3314.00000,-772.00000,-870.00000,-661.00000,	2	
Tue Jun 13 12:12:57 2023,6842.0, 0.00000,-7244.00000,1306.00000,3894.00000,-929.00000,-246.00000,-783.00000,	2	
Tue Jun 13 12:12:57 2023,6843.0, 0.00000,-6834.00000,834.00000,3288.00000,-508.00000,-97.00000,-751.00000,	2	
Tue Jun 13 12:12:57 2023,6844.0, 0.00000,-5930.00000,1160.00000,3266.00000,-1303.00000,149.00000,-1329.00000,	2	
Tue Jun 13 12:12:57 2023,6845.0, 0.00000,-6376.00000,1252.00000,3822.00000,-1102.00000,-42.00000,-2437.00000,	2	
Tue Jun 13 12:12:57 2023,6846.0, 0.00000,-7276.00000,1298.00000,4000.00000,-837.00000,-783.00000,-2753.00000,	2	
Tue Jun 13 12:12:57 2023,6847.0, 0.00000,-7872.00000,1276.00000,3742.00000,-310.00000,-1410.00000,-2569.00000,	2	
Tue Jun 13 12:12:57 2023,6848.0, 0.00000,-8432.00000,1236.00000,3636.00000,-468.00000,-1376.00000,-1952.00000,	2	
Tue Jun 13 12:12:57 2023,6849.0, 0.00000,-9886.00000,1716.00000,4856.00000,-430.00000,-346.00000,-1026.00000,	2	
Tue Jun 13 12:12:57 2023,6850.0, 0.00000,-12264.00000,1904.00000,6236.00000,1254.00000,-77.00000,1340.00000,	2	
Tue Jun 13 12:12:58 2023,6851.0, 0.00000,-15958.00000,2688.00000,8410.00000,3327.00000,1672.00000,4967.00000,	2	
Tue Jun 13 12:12:58 2023,6852.0, 0.00000,-22788.00000,1394.00000,9338.00000,8406.00000,1915.00000,11606.00000,	2	
Tue Jun 13 12:12:58 2023,6853.0, 0.00000,-24022.00000,-3056.00000,5476.00000,12910.00000,671.00000,24963.00000,	2	
Tue Jun 13 12:12:58 2023,6854.0, 0.00000,-16250.00000,-7268.00000,602.00000,9140.00000,5093.00000,32767.00000,	2	
Tue Jun 13 12:12:58 2023,6855.0, 0.00000,-10756.00000,-6164.00000,5260.00000,2043.00000,8277.00000,32767.00000,	2	
Tue Jun 13 12:12:58 2023,6856.0, 0.00000,-7476.00000,-3878.00000,10328.00000,8991.00000,2470.00000,32767.00000,	2	
Tue Jun 13 12:12:58 2023,6857.0, 0.00000,-356.00000,-1958.00000,2122.00000,14710.00000,-2009.00000,32767.00000,	2	
Tue Jun 13 12:12:58 2023,6858.0, 0.00000,5710.00000,488.00000,-1556.00000,11696.00000,523.00000,31657.00000,	2	
Tue Jun 13 12:12:58 2023,6859.0, 0.00000,7360.00000,2696.00000,674.00000,10647.00000,631.00000,23261.00000,	2	
Tue Jun 13 12:12:58 2023,6860.0, 0.00000,8112.00000,3804.00000,-762.00000,10614.00000,391.00000,17472.00000,	2	
Tue Jun 13 12:12:58 2023,6861.0, 0.00000,8784.00000,4096.00000,-2866.00000,8759.00000,-142.00000,11066.00000,	2	
Tue Jun 13 12:12:58 2023,6862.0, 0.00000,8158.00000,4968.00000,-3650.00000,4583.00000,-813.00000,4982.00000,	2	
Tue Jun 13 12:12:58 2023,6863.0, 0.00000,6162.00000,5410.00000,-3702.00000,2144.00000,-1393.00000,393.00000,	2	
Tue Jun 13 12:12:58 2023,6864.0, 0.00000,6110.00000,5866.00000,-3888.00000,-335.00000,-2048.00000,-3086.00000,	2	
Tue Jun 13 12:12:58 2023,6865.0, 0.00000,5800.00000,6102.00000,-3922.00000,-3258.00000,-2728.00000,-7695.00000,	2	
Tue Jun 13 12:12:58 2023,6866.0, 0.00000,5862.00000,5338.00000,-3840.00000,-5435.00000,-3270.00000,-12104.00000,	2	
Tue Jun 13 12:12:58 2023,6867.0, 0.00000,5468.00000,3980.00000,-3008.00000,-7836.00000,-3525.00000,-16922.00000,	2	
Tue Jun 13 12:12:58 2023,6868.0, 0.00000,3942.00000,2804.00000,-978.00000,-10437.00000,-3877.00000,-23373.00000,	2	
Tue Jun 13 12:12:58 2023,6869.0, 0.00000,-1290.00000,1438.00000,1694.00000,-11201.00000,-4722.00000,-27604.00000,	2	
Tue Jun 13 12:12:58 2023,6870.0, 0.00000,-6330.00000,1062.00000,3086.00000,-11076.00000,-6512.00000,-26762.00000,	2	
Tue Jun 13 12:12:58 2023,6871.0, 0.00000,-8170.00000,1118.00000,3808.00000,-9791.00000,-7288.00000,-23957.00000,	2	
Tue Jun 13 12:12:58 2023,6872.0, 0.00000,-7174.00000,1084.00000,3370.00000,-8901.00000,-6073.00000,-20455.00000,	2	
Tue Jun 13 12:12:58 2023,6873.0, 0.00000,-6578.00000,698.00000,4942.00000,-8833.00000,-2302.00000,-20053.00000,	2	
Tue Jun 13 12:12:58 2023,6874.0, 0.00000,-10520.00000,1348.00000,7258.00000,-8414.00000,297.00000,-21765.00000,	2	
Tue Jun 13 12:12:58 2023,6875.0, 0.00000,-15736.00000,2146.00000,8108.00000,-5576.00000,-26.00000,-18842.00000,	2	
Tue Jun 13 12:12:58 2023,6876.0, 0.00000,-16656.00000,2490.00000,7072.00000,-2588.00000,-2028.00000,-10400.00000,	2	
Tue Jun 13 12:12:58 2023,6877.0, 0.00000,-12852.00000,2270.00000,4788.00000,-1217.00000,-3181.00000,-3601.00000,	2	
Tue Jun 13 12:12:58 2023,6878.0, 0.00000,-9100.00000,1900.00000,3300.00000,-2269.00000,-2109.00000,-1901.00000,	2	
Tue Jun 13 12:12:58 2023,6879.0, 0.00000,-6650.00000,2152.00000,2756.00000,-3521.00000,-738.00000,-2517.00000,	2	
Tue Jun 13 12:12:58 2023,6880.0, 0.00000,-5984.00000,2168.00000,3164.00000,-3487.00000,-689.00000,-3981.00000,	2	
Tue Jun 13 12:12:58 2023,6881.0, 0.00000,-7334.00000,2696.00000,4374.00000,-2884.00000,-303.00000,-5335.00000,	2	
Tue Jun 13 12:12:58 2023,6882.0, 0.00000,-9590.00000,2696.00000,4848.00000,-1039.00000,-1527.00000,-4353.00000,	2	
Tue Jun 13 12:12:58 2023,6883.0, 0.00000,-8934.00000,2218.00000,3332.00000,-260.00000,-2157.00000,-2132.00000,	2	
Tue Jun 13 12:12:58 2023,6884.0, 0.00000,-7654.00000,1452.00000,2750.00000,-842.00000,-780.00000,-1540.00000,	2	
Tue Jun 13 12:12:58 2023,6885.0, 0.00000,-6764.00000,1256.00000,2666.00000,-1670.00000,405.00000,-2007.00000,	2	
Tue Jun 13 12:12:58 2023,6886.0, 0.00000,-7006.00000,1304.00000,3678.00000,-2550.00000,710.00000,-2422.00000,	2	
Tue Jun 13 12:12:58 2023,6887.0, 0.00000,-6876.00000,1388.00000,4212.00000,-1488.00000,-96.00000,-2648.00000,	2	
Tue Jun 13 12:12:58 2023,6888.0, 0.00000,-6854.00000,1324.00000,4266.00000,-1003.00000,-598.00000,-2773.00000,	2	
Tue Jun 13 12:12:58 2023,6889.0, 0.00000,-7692.00000,1512.00000,4472.00000,-654.00000,-524.00000,-3080.00000,	2	
Tue Jun 13 12:12:58 2023,6890.0, 0.00000,-8242.00000,1336.00000,4200.00000,89.00000,-754.00000,-2084.00000,	2	
Tue Jun 13 12:12:58 2023,6891.0, 0.00000,-8004.00000,1142.00000,3460.00000,212.00000,-506.00000,-1251.00000,	2	
Tue Jun 13 12:12:58 2023,6892.0, 0.00000,-7906.00000,1026.00000,3144.00000,-380.00000,-605.00000,-844.00000,	2	
Tue Jun 13 12:12:58 2023,6893.0, 0.00000,-7654.00000,1270.00000,4188.00000,-642.00000,-225.00000,-674.00000,	2	
Tue Jun 13 12:12:58 2023,6894.0, 0.00000,-10696.00000,2062.00000,6418.00000,160.00000,740.00000,-810.00000,	2	
Tue Jun 13 12:12:58 2023,6895.0, 0.00000,-17544.00000,2818.00000,10360.00000,2209.00000,2836.00000,1766.00000,	2	
Tue Jun 13 12:12:58 2023,6896.0, 0.00000,-24532.00000,1422.00000,11368.00000,9335.00000,-622.00000,9944.00000,	2	
Tue Jun 13 12:12:58 2023,6897.0, 0.00000,-26464.00000,-2872.00000,7442.00000,15669.00000,-2721.00000,24436.00000,	2	
Tue Jun 13 12:12:58 2023,6898.0, 0.00000,-16818.00000,-9976.00000,-1230.00000,15983.00000,-1339.00000,32767.00000,	2	
Tue Jun 13 12:12:58 2023,6899.0, 0.00000,-6066.00000,-5878.00000,270.00000,4085.00000,6092.00000,32767.00000,	2	
Tue Jun 13 12:12:58 2023,6900.0, 0.00000,-1092.00000,-1872.00000,6310.00000,5535.00000,5893.00000,32767.00000,	2	
Tue Jun 13 12:12:58 2023,6901.0, 0.00000,2478.00000,722.00000,2802.00000,10376.00000,-105.00000,30606.00000,	2	
Tue Jun 13 12:12:58 2023,6902.0, 0.00000,7658.00000,2856.00000,-1832.00000,9014.00000,-2800.00000,24277.00000,	2	
Tue Jun 13 12:12:58 2023,6903.0, 0.00000,9150.00000,4738.00000,-2250.00000,5488.00000,-3045.00000,14193.00000,	2	
Tue Jun 13 12:12:58 2023,6904.0, 0.00000,6668.00000,5088.00000,-970.00000,3700.00000,-2040.00000,7480.00000,	2	
Tue Jun 13 12:12:58 2023,6905.0, 0.00000,3458.00000,5344.00000,-384.00000,2831.00000,-2177.00000,3874.00000,	2	
Tue Jun 13 12:12:58 2023,6906.0, 0.00000,1156.00000,5520.00000,-154.00000,2209.00000,-2566.00000,2959.00000,	2	
Tue Jun 13 12:12:58 2023,6907.0, 0.00000,1392.00000,6122.00000,894.00000,1828.00000,-2399.00000,1808.00000,	2	
Tue Jun 13 12:12:58 2023,6908.0, 0.00000,670.00000,6588.00000,1678.00000,1859.00000,-2957.00000,-1249.00000,	2	
Tue Jun 13 12:12:58 2023,6909.0, 0.00000,-1590.00000,7180.00000,2252.00000,1355.00000,-3562.00000,-3881.00000,	2	
Tue Jun 13 12:12:58 2023,6910.0, 0.00000,-4096.00000,7402.00000,3204.00000,1315.00000,-3814.00000,-4386.00000,	2	
Tue Jun 13 12:12:58 2023,6911.0, 0.00000,-6116.00000,7424.00000,2972.00000,2369.00000,-4137.00000,-3169.00000,	2	
Tue Jun 13 12:12:58 2023,6912.0, 0.00000,-6384.00000,7518.00000,2316.00000,2853.00000,-3886.00000,-916.00000,	2	
Tue Jun 13 12:12:58 2023,6913.0, 0.00000,-5670.00000,7440.00000,1056.00000,3432.00000,-4551.00000,995.00000,	2	
Tue Jun 13 12:12:59 2023,6914.0, 0.00000,-4476.00000,7316.00000,-1578.00000,2725.00000,-6408.00000,2762.00000,	2	
Tue Jun 13 12:12:59 2023,6915.0, 0.00000,-2392.00000,7374.00000,-3154.00000,-983.00000,-7952.00000,2945.00000,	2	
Tue Jun 13 12:12:59 2023,6916.0, 0.00000,-1272.00000,6150.00000,-3118.00000,-4446.00000,-8196.00000,2030.00000,	2	
Tue Jun 13 12:12:59 2023,6917.0, 0.00000,3688.00000,6670.00000,-4088.00000,-7383.00000,-10413.00000,630.00000,	2	
Tue Jun 13 12:12:59 2023,6918.0, 0.00000,9498.00000,5756.00000,-2796.00000,-10762.00000,-6791.00000,-6294.00000,	2	
Tue Jun 13 12:12:59 2023,6919.0, 0.00000,9130.00000,3368.00000,-1190.00000,-11859.00000,-4197.00000,-15564.00000,	2	
Tue Jun 13 12:12:59 2023,6920.0, 0.00000,4066.00000,1386.00000,852.00000,-15696.00000,-221.00000,-24038.00000,	2	
Tue Jun 13 12:12:59 2023,6921.0, 0.00000,-1490.00000,-178.00000,4914.00000,-17713.00000,4229.00000,-27717.00000,	2	
Tue Jun 13 12:12:59 2023,6922.0, 0.00000,-8950.00000,368.00000,8868.00000,-17171.00000,6348.00000,-27091.00000,	2	
Tue Jun 13 12:12:59 2023,6923.0, 0.00000,-14186.00000,2432.00000,9576.00000,-11570.00000,3659.00000,-23868.00000,	2	
Tue Jun 13 12:12:59 2023,6924.0, 0.00000,-13180.00000,2720.00000,7354.00000,-3301.00000,680.00000,-15290.00000,	2	
Tue Jun 13 12:12:59 2023,6925.0, 0.00000,-9066.00000,2828.00000,5284.00000,1090.00000,166.00000,-8462.00000,	2	
Tue Jun 13 12:12:59 2023,6926.0, 0.00000,-7858.00000,2236.00000,4036.00000,-258.00000,3152.00000,-6816.00000,	2	
Tue Jun 13 12:12:59 2023,6927.0, 0.00000,-7038.00000,2482.00000,4662.00000,-2784.00000,6226.00000,-8368.00000,	2	
Tue Jun 13 12:12:59 2023,6928.0, 0.00000,-11428.00000,3618.00000,7318.00000,-3588.00000,6979.00000,-9485.00000,	2	
Tue Jun 13 12:12:59 2023,6929.0, 0.00000,-13782.00000,3164.00000,7496.00000,-209.00000,1784.00000,-6314.00000,	2	
Tue Jun 13 12:12:59 2023,6930.0, 0.00000,-12058.00000,2974.00000,4552.00000,2983.00000,-3356.00000,-392.00000,	2	
Tue Jun 13 12:12:59 2023,6931.0, 0.00000,-8316.00000,2330.00000,2024.00000,1816.00000,-2817.00000,2119.00000,	2	
Tue Jun 13 12:12:59 2023,6932.0, 0.00000,-6680.00000,2196.00000,1522.00000,-1451.00000,757.00000,793.00000,	2	
Tue Jun 13 12:12:59 2023,6933.0, 0.00000,-7250.00000,2572.00000,3198.00000,-2016.00000,2152.00000,645.00000,	2	
Tue Jun 13 12:12:59 2023,6934.0, 0.00000,-6884.00000,2900.00000,3824.00000,-828.00000,750.00000,1228.00000,	2	
Tue Jun 13 12:12:59 2023,6935.0, 0.00000,-6466.00000,2924.00000,4178.00000,-701.00000,391.00000,862.00000,	2	
Tue Jun 13 12:12:59 2023,6936.0, 0.00000,-6712.00000,2874.00000,4438.00000,-438.00000,-398.00000,650.00000,	2	
Tue Jun 13 12:12:59 2023,6937.0, 0.00000,-5908.00000,2360.00000,4164.00000,759.00000,-1863.00000,494.00000,	2	
Tue Jun 13 12:12:59 2023,6938.0, 0.00000,-5352.00000,2298.00000,2938.00000,901.00000,-1400.00000,-607.00000,	2	
Tue Jun 13 12:12:59 2023,6939.0, 0.00000,-6484.00000,2330.00000,2786.00000,-196.00000,-164.00000,-1049.00000,	2	
Tue Jun 13 12:12:59 2023,6940.0, 0.00000,-7560.00000,2660.00000,3662.00000,-246.00000,289.00000,-110.00000,	2	
Tue Jun 13 12:12:59 2023,6941.0, 0.00000,-7106.00000,2686.00000,4068.00000,990.00000,113.00000,595.00000,	2	
Tue Jun 13 12:12:59 2023,6942.0, 0.00000,-6470.00000,2470.00000,3300.00000,1281.00000,-365.00000,191.00000,	2	
Tue Jun 13 12:12:59 2023,6943.0, 0.00000,-5984.00000,2328.00000,2834.00000,77.00000,-911.00000,-377.00000,	2	
Tue Jun 13 12:12:59 2023,6944.0, 0.00000,-6158.00000,2404.00000,3194.00000,-964.00000,-937.00000,-931.00000,	2	
Tue Jun 13 12:12:59 2023,6945.0, 0.00000,-7018.00000,2660.00000,4226.00000,-738.00000,-667.00000,-1100.00000,	2	
Tue Jun 13 12:12:59 2023,6946.0, 0.00000,-7712.00000,2810.00000,4214.00000,429.00000,-1048.00000,-886.00000,	2	
Tue Jun 13 12:12:59 2023,6947.0, 0.00000,-7944.00000,2564.00000,3518.00000,937.00000,-1483.00000,-54.00000,	2	
Tue Jun 13 12:12:59 2023,6948.0, 0.00000,-7502.00000,2416.00000,3052.00000,580.00000,-1165.00000,496.00000,	2	
Tue Jun 13 12:12:59 2023,6949.0, 0.00000,-7050.00000,2302.00000,3150.00000,-24.00000,-277.00000,353.00000,	2	
Tue Jun 13 12:12:59 2023,6950.0, 0.00000,-6808.00000,2484.00000,3546.00000,-315.00000,-69.00000,117.00000,	2	
Tue Jun 13 12:12:59 2023,6951.0, 0.00000,-6986.00000,2610.00000,3944.00000,160.00000,-143.00000,-101.00000,	2	
Tue Jun 13 12:12:59 2023,6952.0, 0.00000,-7150.00000,2750.00000,3966.00000,730.00000,-608.00000,217.00000,	2	
Tue Jun 13 12:12:59 2023,6953.0, 0.00000,-7188.00000,2744.00000,3242.00000,1166.00000,-774.00000,409.00000,	2	
Tue Jun 13 12:12:59 2023,6954.0, 0.00000,-6792.00000,2540.00000,2882.00000,677.00000,-470.00000,430.00000,	2	
Tue Jun 13 12:12:59 2023,6955.0, 0.00000,-6234.00000,2546.00000,3088.00000,-132.00000,-43.00000,-184.00000,	2	
Tue Jun 13 12:12:59 2023,6956.0, 0.00000,-6648.00000,2564.00000,3702.00000,-443.00000,-551.00000,-531.00000,	2	
Tue Jun 13 12:12:59 2023,6957.0, 0.00000,-6812.00000,2680.00000,4042.00000,-114.00000,-1269.00000,-275.00000,	2	
Tue Jun 13 12:12:59 2023,6958.0, 0.00000,-6634.00000,2584.00000,3974.00000,292.00000,-1325.00000,-403.00000,	2	
Tue Jun 13 12:12:59 2023,6959.0, 0.00000,-6752.00000,2618.00000,3862.00000,528.00000,-795.00000,-615.00000,	2	
Tue Jun 13 12:12:59 2023,6960.0, 0.00000,-7268.00000,2514.00000,3996.00000,603.00000,-418.00000,-647.00000,	2	
Tue Jun 13 12:12:59 2023,6961.0, 0.00000,-7824.00000,2594.00000,4164.00000,967.00000,-369.00000,-83.00000,	2	
Tue Jun 13 12:12:59 2023,6962.0, 0.00000,-7642.00000,2492.00000,3780.00000,1531.00000,-737.00000,578.00000,	2	
Tue Jun 13 12:12:59 2023,6963.0, 0.00000,-6884.00000,2446.00000,3010.00000,1228.00000,-432.00000,556.00000,	2	
Tue Jun 13 12:12:59 2023,6964.0, 0.00000,-6846.00000,2466.00000,3118.00000,501.00000,49.00000,-171.00000,	2	
Tue Jun 13 12:12:59 2023,6965.0, 0.00000,-7178.00000,2556.00000,3284.00000,383.00000,-334.00000,-268.00000,	2	
Tue Jun 13 12:12:59 2023,6966.0, 0.00000,-7184.00000,2592.00000,3134.00000,513.00000,-750.00000,-92.00000,	2	
Tue Jun 13 12:12:59 2023,6967.0, 0.00000,-7252.00000,2552.00000,2948.00000,498.00000,-666.00000,167.00000,	2	
Tue Jun 13 12:12:59 2023,6968.0, 0.00000,-7192.00000,2464.00000,2840.00000,531.00000,-504.00000,483.00000,	2	
Tue Jun 13 12:12:59 2023,6969.0, 0.00000,-6912.00000,2400.00000,2668.00000,398.00000,-347.00000,494.00000,	2	
Tue Jun 13 12:12:59 2023,6970.0, 0.00000,-6988.00000,2462.00000,2814.00000,-135.00000,-90.00000,341.00000,	2	
Tue Jun 13 12:12:59 2023,6971.0, 0.00000,-6982.00000,2484.00000,3156.00000,-45.00000,-331.00000,378.00000,	2	
Tue Jun 13 12:12:59 2023,6972.0, 0.00000,-6760.00000,2526.00000,2962.00000,-113.00000,-460.00000,354.00000,	2	
Tue Jun 13 12:12:59 2023,6973.0, 0.00000,-6784.00000,2604.00000,2986.00000,-263.00000,-317.00000,233.00000,	2	
Tue Jun 13 12:12:59 2023,6974.0, 0.00000,-6874.00000,2688.00000,3078.00000,-185.00000,-287.00000,465.00000,	2	
Tue Jun 13 12:12:59 2023,6975.0, 0.00000,-6822.00000,2704.00000,3046.00000,-17.00000,-212.00000,501.00000,	2	
Tue Jun 13 12:13:00 2023,6976.0, 0.00000,-6954.00000,2784.00000,2888.00000,-25.00000,-348.00000,558.00000,	2	
Tue Jun 13 12:13:00 2023,6977.0, 0.00000,-6776.00000,2880.00000,3046.00000,-237.00000,-452.00000,659.00000,	2	
Tue Jun 13 12:13:00 2023,6978.0, 0.00000,-6560.00000,2870.00000,3046.00000,-423.00000,-608.00000,535.00000,	2	
Tue Jun 13 12:13:00 2023,6979.0, 0.00000,-6514.00000,2848.00000,3176.00000,-511.00000,-666.00000,114.00000,	2	
Tue Jun 13 12:13:00 2023,6980.0, 0.00000,-6658.00000,2924.00000,3262.00000,-591.00000,-635.00000,-70.00000,	2	
Tue Jun 13 12:13:00 2023,6981.0, 0.00000,-6868.00000,2954.00000,3456.00000,-462.00000,-728.00000,-106.00000,	2	
Tue Jun 13 12:13:00 2023,6982.0, 0.00000,-7092.00000,2940.00000,3450.00000,-115.00000,-909.00000,156.00000,	2	
Tue Jun 13 12:13:00 2023,6983.0, 0.00000,-6994.00000,2872.00000,3458.00000,99.00000,-788.00000,383.00000,	2	
Tue Jun 13 12:13:00 2023,6984.0, 0.00000,-6572.00000,2790.00000,3018.00000,12.00000,-651.00000,368.00000,	2	
Tue Jun 13 12:13:00 2023,6985.0, 0.00000,-6542.00000,2846.00000,3320.00000,-329.00000,-515.00000,4.00000,	2	
Tue Jun 13 12:13:00 2023,6986.0, 0.00000,-6826.00000,2814.00000,3460.00000,-96.00000,-911.00000,-72.00000,	2	
Tue Jun 13 12:13:00 2023,6987.0, 0.00000,-6686.00000,2932.00000,3080.00000,-180.00000,-913.00000,-25.00000,	2	
Tue Jun 13 12:13:00 2023,6988.0, 0.00000,-6606.00000,2908.00000,3370.00000,-211.00000,-695.00000,-212.00000,	2	
Tue Jun 13 12:13:00 2023,6989.0, 0.00000,-6702.00000,2780.00000,3446.00000,138.00000,-717.00000,-245.00000,	2	
Tue Jun 13 12:13:00 2023,6990.0, 0.00000,-6788.00000,2822.00000,3254.00000,311.00000,-742.00000,-308.00000,	2	
Tue Jun 13 12:13:00 2023,6991.0, 0.00000,-6942.00000,2842.00000,3264.00000,258.00000,-713.00000,-254.00000,	2	
Tue Jun 13 12:13:00 2023,6992.0, 0.00000,-6780.00000,2768.00000,2812.00000,291.00000,-844.00000,-232.00000,	2	
Tue Jun 13 12:13:00 2023,6993.0, 0.00000,-6696.00000,2804.00000,3068.00000,-376.00000,-503.00000,-574.00000,	2	
Tue Jun 13 12:13:00 2023,6994.0, 0.00000,-7146.00000,2892.00000,3574.00000,-113.00000,-727.00000,-641.00000,	2	
Tue Jun 13 12:13:00 2023,6995.0, 0.00000,-7198.00000,2796.00000,3348.00000,209.00000,-1027.00000,-341.00000,	2	
