aX,aY,aZ,gX,gY,gZ
0.346,0.655,-1.969,-44.922,2.380,1.526
0.353,0.668,-2.172,-57.556,-7.385,-9.521
0.311,0.622,-2.309,-76.355,-25.696,-24.292
0.230,0.559,-2.360,-103.333,-45.471,-38.940
0.170,0.506,-2.348,-134.216,-62.500,-46.265
0.141,0.433,-2.252,-162.048,-76.843,-47.485
0.131,0.395,-2.165,-186.157,-88.135,-45.288
0.175,0.334,-2.053,-205.444,-99.731,-42.542
0.197,0.300,-1.897,-222.961,-112.915,-40.405
0.100,0.266,-1.754,-238.770,-123.657,-42.297
0.176,0.210,-1.583,-246.216,-148.132,-41.504
0.123,0.185,-1.457,-244.995,-182.739,-30.090
0.218,0.207,-1.229,-248.962,-176.636,-32.288
0.172,0.202,-1.076,-262.268,-163.025,-44.128
0.138,0.133,-0.921,-280.884,-148.437,-42.725
0.101,0.081,-0.765,-294.250,-150.635,-33.142
0.062,0.048,-0.596,-300.110,-163.635,-23.560
0.094,0.097,-0.348,-301.086,-183.411,-13.489
-0.044,-0.036,-0.258,-297.913,-219.543,3.540
-0.021,-0.036,-0.103,-294.067,-244.995,11.292
-0.035,-0.024,0.078,-281.311,-243.225,15.869
0.021,-0.061,0.203,-269.531,-224.121,15.686
0.080,-0.111,0.313,-260.681,-197.510,10.254
0.087,-0.184,0.408,-249.390,-166.809,5.981
0.111,-0.257,0.483,-236.084,-139.954,7.996
0.147,-0.334,0.556,-220.154,-124.268,16.724
0.164,-0.383,0.620,-201.843,-118.469,26.978
0.198,-0.400,0.669,-182.068,-115.295,35.767
0.221,-0.454,0.710,-162.109,-110.168,40.100
0.248,-0.476,0.754,-144.348,-102.600,38.147
0.270,-0.503,0.792,-127.136,-94.238,34.790
0.311,-0.528,0.823,-109.924,-85.388,32.898
0.358,-0.548,0.863,-92.041,-77.271,33.875
0.438,-0.542,0.857,-74.768,-67.505,36.987
0.521,-0.527,0.864,-57.190,-56.030,39.124
0.600,-0.532,0.891,-40.771,-43.884,40.527
0.689,-0.543,0.908,-25.879,-29.175,40.771
0.784,-0.542,0.827,-13.672,-11.780,39.551
0.824,-0.505,0.783,-3.052,5.127,32.166
0.876,-0.506,0.743,10.925,22.888,22.522
0.914,-0.524,0.677,25.513,43.701,16.541
0.927,-0.539,0.607,37.964,52.856,8.667
0.916,-0.548,0.515,51.758,58.777,0.854
0.902,-0.563,0.441,65.063,65.369,-4.578
0.906,-0.578,0.352,73.914,70.923,-9.460
0.888,-0.597,0.281,79.407,72.571,-15.930
0.844,-0.624,0.207,83.801,75.378,-22.644
0.811,-0.645,0.121,87.158,80.811,-27.100
0.790,-0.675,0.061,89.661,84.045,-29.419
0.759,-0.692,0.009,91.431,85.815,-30.518
0.736,-0.704,-0.035,92.529,85.327,-30.762
0.709,-0.710,-0.070,93.811,83.435,-30.151
0.692,-0.698,-0.100,94.666,82.214,-29.236
0.654,-0.711,-0.118,94.849,80.750,-28.564
0.632,-0.710,-0.136,94.482,80.017,-27.893
0.598,-0.693,-0.159,94.299,79.956,-26.123
0.582,-0.651,-0.179,95.215,78.613,-23.804
0.570,-0.601,-0.207,97.961,78.979,-20.691
0.562,-0.566,-0.255,100.159,82.886,-18.555
0.562,-0.561,-0.315,101.379,88.684,-17.578
0.547,-0.535,-0.377,101.990,92.957,-16.968
0.539,-0.527,-0.428,102.905,94.849,-16.418
0.525,-0.509,-0.471,103.699,93.872,-16.602
0.529,-0.502,-0.511,103.760,90.027,-16.235
0.511,-0.487,-0.527,103.699,84.351,-16.663
0.494,-0.479,-0.548,102.722,79.773,-16.968
0.494,-0.472,-0.561,101.990,76.172,-16.663
0.479,-0.452,-0.573,101.074,73.364,-16.052
0.476,-0.448,-0.602,98.938,72.083,-15.686
0.464,-0.443,-0.624,97.107,70.923,-14.648
0.464,-0.419,-0.635,95.337,69.458,-13.062
0.460,-0.408,-0.649,93.323,68.909,-12.329
0.458,-0.388,-0.680,91.919,68.359,-12.695
0.455,-0.373,-0.706,93.201,66.833,-13.000
0.447,-0.381,-0.736,95.520,64.453,-14.221
0.445,-0.375,-0.750,97.595,60.974,-15.076
0.453,-0.385,-0.792,99.304,56.580,-15.625
0.433,-0.381,-0.804,98.572,52.979,-16.724
0.401,-0.385,-0.811,94.910,51.941,-16.663
0.406,-0.395,-0.860,89.905,54.810,-14.893
0.397,-0.374,-0.860,83.374,57.190,-12.329
0.398,-0.365,-0.868,76.599,59.692,-10.559
0.410,-0.362,-0.891,73.364,60.608,-10.010
0.399,-0.351,-0.908,73.792,57.434,-10.925
0.380,-0.341,-0.930,75.745,53.955,-12.024
0.401,-0.357,-0.972,77.759,50.842,-11.292
0.411,-0.358,-0.987,78.003,44.495,-10.498
0.397,-0.372,-0.982,74.951,38.818,-10.010
0.399,-0.380,-1.001,69.031,36.499,-8.911
0.402,-0.370,-0.982,62.134,36.316,-6.042
0.414,-0.345,-0.963,54.932,36.377,-3.296
0.424,-0.324,-0.946,49.988,37.170,-1.770
0.433,-0.315,-0.942,47.913,37.537,-2.014
0.435,-0.312,-0.948,49.133,35.645,-3.113
0.434,-0.310,-0.954,51.697,32.104,-4.517
0.425,-0.302,-0.969,53.833,28.503,-5.981
0.421,-0.304,-0.982,54.199,26.184,-7.019
0.413,-0.301,-0.997,53.345,25.330,-7.019
0.401,-0.294,-1.025,51.392,25.513,-7.080
0.382,-0.308,-1.018,48.889,25.574,-6.958
0.370,-0.285,-1.042,47.302,27.832,-4.761
0.381,-0.312,-1.034,43.884,33.508,-2.197
0.368,-0.301,-1.063,41.016,30.212,-5.249
0.353,-0.289,-1.049,40.405,27.039,-4.578
0.351,-0.307,-1.041,38.635,23.560,-2.441
0.341,-0.302,-1.042,37.048,19.165,-1.892
0.337,-0.284,-1.033,35.828,16.846,-1.770
0.325,-0.275,-1.028,33.325,18.188,-1.648
0.327,-0.268,-1.045,29.846,21.362,-1.648
0.335,-0.266,-1.050,26.733,23.254,-1.587
0.329,-0.257,-1.053,24.780,22.339,-1.892
0.318,-0.263,-1.052,22.278,20.020,-2.136
0.321,-0.264,-1.049,20.264,18.250,-1.343
0.318,-0.263,-1.044,18.921,15.503,-0.549
0.323,-0.263,-1.034,17.395,13.062,-0.122
0.322,-0.263,-1.023,15.747,12.329,-0.305
0.316,-0.268,-1.014,13.000,12.085,0.183
0.314,-0.263,-1.003,10.681,10.925,1.709
0.320,-0.256,-0.987,10.193,8.484,2.991

-0.382,0.006,-2.200,-86.853,-65.613,3.662
-0.391,-0.105,-2.232,-107.300,-90.881,11.047
-0.344,-0.108,-2.128,-134.338,-96.924,13.611
-0.308,-0.126,-1.993,-158.813,-101.257,14.771
-0.276,-0.127,-1.855,-178.589,-110.168,16.479
-0.252,-0.171,-1.680,-195.312,-121.521,21.484
-0.220,-0.159,-1.520,-211.060,-129.028,30.090
-0.166,-0.136,-1.325,-220.520,-135.376,40.833
-0.111,-0.127,-1.153,-228.699,-138.123,48.584
-0.023,-0.131,-1.026,-235.046,-136.475,53.589
0.072,-0.113,-0.890,-240.234,-134.583,57.617
0.143,-0.054,-0.790,-244.446,-133.240,60.791
0.232,-0.082,-0.700,-244.263,-130.493,61.340
0.281,-0.163,-0.595,-239.746,-128.845,60.303
0.305,-0.150,-0.505,-235.962,-129.456,59.937
0.361,-0.159,-0.398,-235.352,-127.441,58.777
0.394,-0.126,-0.302,-236.938,-122.803,57.312
0.429,-0.200,-0.200,-235.840,-114.563,56.641
0.465,-0.253,-0.113,-233.459,-104.797,54.871
0.484,-0.285,-0.017,-230.713,-97.229,52.246
0.487,-0.320,0.093,-224.731,-93.323,49.805
0.508,-0.316,0.258,-214.417,-91.614,47.913
0.516,-0.440,0.387,-199.646,-97.656,51.270
0.497,-0.390,0.460,-183.899,-116.211,49.927
0.475,-0.424,0.595,-160.034,-119.385,44.434
0.517,-0.461,0.705,-137.878,-107.117,40.588
0.550,-0.493,0.805,-123.657,-91.125,33.569
0.541,-0.544,0.863,-108.765,-70.801,27.893
0.545,-0.566,0.873,-91.553,-49.866,25.391
0.569,-0.582,0.866,-70.801,-34.119,26.306
0.590,-0.607,0.827,-44.922,-27.588,24.353
0.605,-0.645,0.746,-15.259,-27.405,19.104
0.590,-0.684,0.669,10.620,-28.625,11.108
0.551,-0.710,0.575,27.222,-24.963,4.089
0.536,-0.729,0.491,37.170,-15.747,0.793
0.533,-0.735,0.400,45.349,-5.981,0.610
0.535,-0.743,0.315,53.711,1.465,0.122
0.545,-0.732,0.209,60.974,8.545,-1.831
0.540,-0.751,0.132,67.993,15.259,-4.822
0.519,-0.763,0.031,72.815,22.583,-8.911
0.510,-0.790,-0.068,78.857,28.870,-11.230
0.501,-0.805,-0.157,84.717,34.912,-12.695
0.489,-0.829,-0.224,87.708,39.307,-13.611
0.475,-0.856,-0.276,87.341,42.542,-13.794
0.477,-0.867,-0.301,84.351,43.274,-12.146
0.475,-0.865,-0.307,78.491,42.114,-9.644
0.479,-0.850,-0.288,70.801,40.039,-7.141
0.480,-0.833,-0.255,63.538,38.635,-4.700
0.480,-0.805,-0.223,58.228,38.879,-2.869
0.493,-0.759,-0.191,56.396,39.795,-1.587
0.503,-0.730,-0.167,59.387,41.443,-1.709
0.506,-0.705,-0.161,66.345,44.617,-2.869
0.511,-0.681,-0.192,76.050,48.279,-3.662
0.522,-0.656,-0.233,86.304,51.331,-4.700
0.506,-0.642,-0.289,93.140,54.077,-6.531
0.501,-0.637,-0.337,95.093,57.251,-8.179
0.483,-0.630,-0.366,94.849,59.387,-9.033
0.465,-0.621,-0.388,93.750,60.669,-8.240
0.457,-0.608,-0.413,92.651,61.401,-6.714
0.456,-0.558,-0.437,91.675,61.340,-5.676
0.469,-0.520,-0.467,92.651,62.439,-6.409
0.441,-0.493,-0.498,95.215,64.209,-9.888
0.424,-0.479,-0.570,102.112,67.017,-14.160
0.404,-0.494,-0.648,107.666,66.772,-18.311
0.386,-0.507,-0.716,109.741,63.599,-20.752
0.361,-0.483,-0.778,108.582,59.692,-20.508
0.353,-0.476,-0.839,105.469,56.885,-19.165
0.336,-0.480,-0.876,100.708,54.443,-18.616
0.329,-0.480,-0.896,94.543,51.270,-18.494
0.328,-0.474,-0.905,89.417,46.326,-18.311
0.317,-0.475,-0.904,86.548,40.710,-18.738
0.304,-0.491,-0.909,84.106,36.011,-18.738
0.310,-0.482,-0.905,81.726,31.677,-16.846
0.299,-0.467,-0.904,79.651,29.175,-15.564
0.302,-0.467,-0.909,77.820,28.809,-14.832
0.302,-0.470,-0.920,76.416,29.663,-14.099
0.290,-0.491,-0.920,74.585,30.640,-13.611
0.287,-0.487,-0.935,70.068,31.433,-12.390
0.290,-0.482,-0.935,65.552,32.288,-9.827
0.244,-0.458,-0.952,63.354,31.738,-7.202
0.301,-0.450,-0.930,63.538,40.405,-1.343
0.319,-0.445,-0.954,59.692,44.189,-2.991
0.312,-0.428,-0.995,57.922,43.152,-7.080
0.328,-0.450,-1.010,58.899,40.161,-5.920
0.332,-0.445,-1.010,59.265,31.067,-4.883
0.318,-0.443,-1.008,57.373,22.583,-5.310
0.301,-0.448,-0.996,54.016,19.592,-5.188
0.313,-0.456,-0.983,49.683,21.912,-4.089
0.319,-0.446,-0.954,45.471,21.484,-4.089
0.307,-0.418,-0.930,43.457,21.057,-4.028
0.316,-0.401,-0.927,44.312,23.621,-4.028
0.307,-0.398,-0.940,46.143,24.597,-5.615
0.301,-0.397,-0.949,47.668,25.696,-7.141
0.298,-0.406,-0.981,48.462,26.672,-8.179
0.289,-0.409,-0.990,47.119,25.146,-9.277
0.282,-0.405,-0.991,45.349,22.400,-8.850
0.279,-0.399,-0.993,43.457,19.897,-6.714
0.275,-0.382,-0.977,41.809,17.273,-6.287
0.276,-0.380,-0.967,40.222,16.174,-7.385
0.267,-0.378,-0.959,38.696,15.930,-8.057
0.260,-0.376,-0.952,38.086,15.930,-8.118
0.242,-0.361,-0.959,37.537,16.174,-8.118
0.231,-0.361,-0.972,36.743,19.592,-7.141
0.225,-0.368,-0.995,34.729,21.851,-6.531
0.221,-0.358,-1.008,32.837,21.118,-6.104
0.206,-0.352,-1.020,32.227,18.433,-5.493
0.219,-0.340,-1.028,31.189,16.907,-4.944
0.202,-0.347,-1.026,28.931,15.442,-5.371
0.197,-0.344,-1.035,24.536,15.015,-4.822
0.189,-0.343,-1.035,20.935,14.343,-3.723
0.192,-0.339,-1.019,19.653,13.916,-3.174
0.191,-0.342,-1.031,18.677,12.329,-2.991
0.198,-0.350,-1.023,17.517,9.399,-2.808
0.207,-0.347,-1.003,17.517,6.165,-2.563
0.202,-0.351,-0.986,16.296,4.333,-1.770
0.213,-0.347,-0.962,14.587,5.066,-0.732
0.214,-0.344,-0.955,13.428,5.676,0.122
0.220,-0.331,-0.948,12.451,5.676,0.793
0.225,-0.333,-0.940,13.123,6.104,0.854

-0.360,0.572,-2.294,-17.151,-18.311,-2.563
-0.450,0.501,-2.542,-31.311,-46.997,-2.136
-0.452,0.478,-2.689,-57.800,-67.139,-5.066
-0.507,0.416,-2.674,-90.759,-92.834,-6.348
-0.419,0.323,-2.544,-127.747,-112.305,-2.625
-0.347,0.289,-2.278,-167.725,-126.404,1.282
-0.268,0.241,-2.014,-200.928,-139.893,4.883
-0.232,0.177,-1.739,-223.755,-154.358,8.240
-0.168,0.182,-1.494,-237.976,-166.016,12.939
-0.108,0.185,-1.303,-245.422,-175.110,15.869
-0.052,0.170,-1.144,-247.620,-182.251,16.479
0.026,0.200,-0.926,-246.643,-190.857,15.442
-0.004,0.096,-0.759,-241.394,-215.759,16.235
0.033,0.074,-0.594,-240.051,-227.966,18.616
0.075,0.058,-0.431,-246.887,-221.130,10.742
0.081,0.047,-0.260,-253.174,-209.473,8.179
0.116,0.021,-0.086,-254.333,-200.623,15.747
0.194,0.030,0.072,-248.901,-191.711,25.635
0.276,-0.002,0.185,-235.413,-183.044,30.212
0.349,-0.040,0.277,-216.919,-172.058,30.945
0.380,-0.063,0.338,-200.073,-158.875,27.405
0.389,-0.183,0.394,-186.218,-145.508,26.367
0.475,-0.173,0.440,-173.523,-137.573,24.719
0.500,-0.236,0.445,-154.480,-123.474,21.179
0.521,-0.291,0.469,-136.963,-100.830,19.531
0.547,-0.372,0.495,-124.878,-80.933,14.709
0.566,-0.440,0.539,-113.953,-62.927,10.925
0.577,-0.490,0.565,-99.670,-47.363,8.972
0.604,-0.513,0.557,-82.092,-35.706,7.019
0.631,-0.578,0.545,-60.913,-29.114,3.784
0.648,-0.605,0.495,-39.001,-24.902,-2.563
0.657,-0.636,0.435,-17.700,-19.653,-9.277
0.641,-0.690,0.351,-0.183,-12.451,-15.503
0.619,-0.727,0.252,11.353,-3.967,-19.043
0.607,-0.754,0.148,20.996,4.456,-19.470
0.587,-0.775,0.049,29.602,11.963,-19.104
0.573,-0.776,-0.044,36.865,18.494,-19.409
0.553,-0.780,-0.130,43.274,24.414,-19.653
0.549,-0.786,-0.218,48.340,29.053,-20.203
0.543,-0.784,-0.306,52.429,33.203,-19.897
0.539,-0.783,-0.384,56.458,36.560,-18.555
0.532,-0.792,-0.458,60.547,39.612,-16.418
0.523,-0.777,-0.537,63.904,41.382,-14.648
0.531,-0.760,-0.628,66.711,41.565,-12.695
0.511,-0.765,-0.687,66.711,41.626,-10.193
0.514,-0.762,-0.763,61.218,42.908,-7.141
0.522,-0.763,-0.790,52.856,41.504,-4.456
0.524,-0.766,-0.796,44.006,37.109,-2.319
0.525,-0.759,-0.774,36.255,30.762,-0.366
0.530,-0.756,-0.734,31.006,22.461,2.197
0.533,-0.742,-0.682,26.794,14.160,4.639
0.543,-0.732,-0.621,23.621,7.446,6.409
0.550,-0.712,-0.553,21.179,3.723,7.751
0.568,-0.684,-0.493,19.714,2.625,7.629
0.566,-0.675,-0.432,19.836,4.028,5.798
0.560,-0.659,-0.403,21.423,7.751,4.761
0.557,-0.643,-0.389,25.146,11.292,4.822
0.554,-0.622,-0.387,28.503,15.442,5.798
0.543,-0.599,-0.403,29.358,20.203,6.958
0.546,-0.591,-0.418,30.701,23.132,7.751
0.553,-0.573,-0.425,33.630,23.865,7.874
0.549,-0.557,-0.426,36.621,23.987,7.202
0.551,-0.550,-0.421,40.100,23.437,5.920
0.542,-0.533,-0.424,42.908,23.743,3.845
0.532,-0.524,-0.432,44.922,24.963,1.404
0.524,-0.522,-0.443,47.302,27.100,-0.305
0.514,-0.521,-0.451,51.208,29.236,-1.221
0.499,-0.506,-0.458,54.321,32.532,-2.197
0.489,-0.527,-0.494,56.030,37.048,-2.563
0.477,-0.523,-0.513,57.800,40.466,-2.625
0.466,-0.513,-0.538,58.044,43.335,-1.953
0.450,-0.523,-0.569,59.021,44.250,-0.916
0.435,-0.493,-0.593,60.547,43.579,0.671
0.451,-0.466,-0.598,62.683,43.152,2.258
0.443,-0.430,-0.617,65.430,43.701,2.136
0.443,-0.426,-0.643,69.641,45.166,-0.305
0.433,-0.434,-0.688,73.730,46.204,-2.441
0.429,-0.440,-0.734,74.402,47.302,-3.296
0.420,-0.458,-0.761,72.021,47.546,-3.174
0.409,-0.469,-0.789,67.139,47.607,-2.075
0.397,-0.454,-0.794,62.256,45.654,1.099
0.397,-0.435,-0.804,57.190,43.091,4.517
0.401,-0.406,-0.801,52.917,40.710,7.019
0.416,-0.388,-0.786,49.805,40.588,8.606
0.425,-0.342,-0.771,53.467,40.405,7.874
0.435,-0.309,-0.800,62.256,37.720,4.089
0.430,-0.317,-0.844,70.862,35.400,-0.183
0.411,-0.330,-0.899,72.571,35.278,-2.808
0.403,-0.345,-0.935,69.519,35.767,-3.113
0.402,-0.350,-0.942,65.796,35.400,-2.502
0.381,-0.345,-0.966,61.829,34.668,-1.709
0.374,-0.350,-0.989,57.617,33.264,-0.122
0.365,-0.344,-0.977,52.612,30.884,1.953
0.368,-0.329,-0.966,45.349,28.503,3.296
0.377,-0.314,-0.938,40.833,25.452,4.150
0.387,-0.291,-0.914,40.283,23.132,3.662
0.392,-0.266,-0.909,42.786,21.667,1.953
0.379,-0.267,-0.909,47.729,20.874,-1.526
0.380,-0.273,-0.933,50.171,21.667,-3.174
0.388,-0.280,-0.957,50.476,21.973,-3.479
0.374,-0.283,-0.963,49.316,21.423,-3.357
0.381,-0.275,-0.950,47.363,19.653,-3.174
0.370,-0.266,-0.943,44.556,18.860,-2.686
0.353,-0.264,-0.899,42.542,19.165,-2.319
0.354,-0.251,-0.937,43.152,23.926,1.770
0.329,-0.248,-0.938,41.138,30.701,2.136
0.340,-0.222,-0.975,38.513,34.851,1.648
0.334,-0.221,-1.002,37.781,36.194,3.113
0.327,-0.216,-1.016,36.438,35.950,2.991
0.325,-0.195,-1.028,35.217,33.936,2.258
0.317,-0.186,-1.037,35.767,30.518,0.610
0.301,-0.193,-1.055,34.790,29.297,-1.221
0.293,-0.205,-1.066,32.104,28.625,-1.587
0.291,-0.206,-1.058,29.846,26.001,-1.343
0.290,-0.210,-1.046,28.931,23.254,-0.427
0.291,-0.206,-1.043,28.381,21.423,-0.122
0.280,-0.212,-1.024,28.442,19.714,0.305
0.277,-0.204,-1.027,27.283,19.958,0.793
0.281,-0.198,-1.036,27.161,19.653,1.465

-0.431,0.317,-2.317,-82.092,-25.818,-23.010
-0.505,0.203,-2.477,-105.469,-37.354,-34.424
-0.581,0.110,-2.495,-136.536,-63.049,-31.433
-0.588,0.070,-2.406,-171.814,-91.675,-16.907
-0.605,0.014,-2.236,-209.534,-110.474,-1.404
-0.571,-0.015,-2.040,-246.277,-115.784,12.878
-0.534,-0.020,-1.825,-272.400,-118.835,25.269
-0.461,0.058,-1.584,-289.612,-122.925,34.851
-0.481,-0.078,-1.451,-292.236,-142.273,47.974
-0.329,-0.079,-1.191,-283.569,-157.532,62.683
-0.232,-0.040,-1.036,-286.865,-154.297,64.026
-0.151,-0.021,-0.855,-298.828,-140.991,66.101
0.027,-0.018,-0.699,-307.312,-128.296,76.721
0.053,0.038,-0.544,-310.425,-124.329,87.646
0.203,0.082,-0.427,-311.218,-120.911,96.680
0.346,0.128,-0.296,-306.458,-120.422,101.074
0.402,0.116,-0.128,-292.419,-125.610,97.595
0.466,0.010,-0.006,-274.109,-134.583,93.445
0.557,0.038,0.109,-253.967,-151.550,89.172
0.605,-0.004,0.231,-233.826,-150.208,78.430
0.661,-0.094,0.340,-219.177,-138.794,70.007
0.682,-0.134,0.484,-210.754,-126.099,61.218
0.726,-0.176,0.578,-200.073,-109.680,53.711
0.728,-0.242,0.698,-183.716,-93.506,46.143
0.762,-0.305,0.778,-164.307,-78.674,40.771
0.766,-0.350,0.814,-142.212,-70.007,32.959
0.757,-0.433,0.810,-115.784,-66.223,21.667
0.734,-0.531,0.797,-88.379,-66.040,7.568
0.688,-0.598,0.779,-62.561,-67.200,-3.723
0.641,-0.660,0.764,-41.565,-67.993,-11.536
0.588,-0.739,0.747,-24.353,-65.857,-15.686
0.525,-0.801,0.743,-10.254,-59.082,-16.785
0.496,-0.837,0.700,3.845,-49.622,-16.541
0.459,-0.885,0.646,19.104,-39.246,-17.517
0.411,-0.928,0.570,32.227,-28.625,-18.677
0.379,-0.934,0.478,44.312,-17.944,-17.273
0.370,-0.932,0.396,56.946,-9.827,-15.381
0.352,-0.935,0.310,67.261,-3.052,-15.198
0.336,-0.940,0.207,74.890,5.554,-14.526
0.336,-0.944,0.102,81.909,14.648,-12.329
0.346,-0.927,-0.004,88.196,22.766,-9.338
0.376,-0.871,-0.125,92.712,28.687,-6.714
0.388,-0.875,-0.208,93.750,33.691,-6.836
0.400,-0.887,-0.302,89.050,40.466,-7.996
0.414,-0.878,-0.370,84.290,46.204,-7.080
0.432,-0.872,-0.413,80.017,47.546,-5.554
0.439,-0.865,-0.435,73.608,46.082,-4.639
0.439,-0.868,-0.439,66.162,42.664,-3.967
0.441,-0.857,-0.422,60.120,37.598,-2.991
0.449,-0.834,-0.385,55.542,31.799,-1.709
0.462,-0.825,-0.340,52.307,27.344,-0.793
0.468,-0.815,-0.309,51.331,25.146,-0.793
0.469,-0.803,-0.293,52.124,23.804,-1.343
0.474,-0.784,-0.270,52.856,23.926,-1.526
0.470,-0.766,-0.256,52.307,26.550,-1.709
0.464,-0.760,-0.254,51.453,31.494,-1.831
0.464,-0.747,-0.259,52.551,36.560,-0.854
0.474,-0.716,-0.267,55.420,39.063,-0.366
0.478,-0.708,-0.270,58.777,39.917,-1.587
0.471,-0.694,-0.287,62.744,40.405,-3.174
0.466,-0.679,-0.299,67.932,40.161,-4.456
0.459,-0.679,-0.316,73.059,41.077,-6.653
0.442,-0.682,-0.342,76.050,43.213,-8.423
0.428,-0.667,-0.374,77.271,45.898,-8.484
0.425,-0.651,-0.387,77.698,48.889,-7.690
0.417,-0.642,-0.395,77.393,52.917,-7.141
0.407,-0.619,-0.416,77.454,56.885,-7.324
0.403,-0.584,-0.435,80.139,59.326,-8.728
0.396,-0.575,-0.457,83.618,61.462,-11.597
0.376,-0.571,-0.508,86.914,64.453,-15.320
0.346,-0.569,-0.568,91.553,65.247,-18.005
0.330,-0.571,-0.624,94.971,63.538,-18.860
0.312,-0.574,-0.661,95.276,61.218,-18.127
0.286,-0.575,-0.687,91.858,60.059,-16.357
0.268,-0.561,-0.719,87.036,60.974,-13.306
0.269,-0.535,-0.743,84.290,62.012,-10.559
0.263,-0.510,-0.765,82.153,62.683,-10.376
0.251,-0.502,-0.810,80.322,63.538,-12.329
0.232,-0.516,-0.849,82.764,61.707,-14.648
0.228,-0.518,-0.892,86.548,56.519,-15.625
0.212,-0.535,-0.923,88.196,49.011,-15.503
0.197,-0.528,-0.946,85.144,41.870,-14.282
0.194,-0.530,-0.956,81.665,34.546,-12.268
0.207,-0.522,-0.947,79.834,26.611,-10.132
0.229,-0.484,-0.925,78.308,19.531,-8.545
0.224,-0.495,-0.888,75.134,17.212,-9.766
0.218,-0.510,-0.887,71.045,21.729,-11.292
0.227,-0.516,-0.891,70.068,26.550,-10.742
0.236,-0.500,-0.891,70.618,27.832,-9.216
0.240,-0.485,-0.897,69.092,28.748,-7.935
0.253,-0.488,-0.903,67.017,30.396,-7.202
0.252,-0.475,-0.923,66.895,28.198,-7.080
0.257,-0.452,-0.928,66.467,26.855,-7.507
0.245,-0.431,-0.920,63.477,27.039,-9.521
0.227,-0.433,-0.940,59.814,30.273,-9.155
0.216,-0.439,-0.964,58.167,32.410,-6.958
0.222,-0.433,-0.986,56.702,31.433,-5.554
0.229,-0.399,-0.991,54.321,27.405,-4.883
0.203,-0.401,-0.982,53.528,21.545,-5.981
0.223,-0.415,-0.959,53.833,21.912,-6.592
0.209,-0.414,-0.941,51.758,20.996,-8.545
0.195,-0.397,-0.944,50.476,20.142,-8.667
0.211,-0.394,-0.922,51.270,19.470,-7.507
0.212,-0.382,-0.919,51.880,17.639,-8.545
0.195,-0.368,-0.926,50.964,17.151,-10.010
0.179,-0.359,-0.937,50.537,19.897,-9.583
0.166,-0.348,-0.963,48.950,25.269,-8.972
0.153,-0.349,-0.995,46.204,30.823,-7.751
0.144,-0.345,-1.018,43.518,33.325,-5.920
0.137,-0.331,-1.040,41.382,32.471,-4.639
0.116,-0.330,-1.038,39.490,29.419,-4.150
0.113,-0.323,-1.054,36.926,26.917,-3.357
0.116,-0.318,-1.047,35.767,24.109,-3.418
0.117,-0.319,-1.029,36.072,20.081,-4.395
0.113,-0.323,-1.026,35.400,16.785,-5.188
0.108,-0.323,-1.021,35.156,14.771,-4.761
0.113,-0.321,-1.021,34.973,14.038,-4.089
0.107,-0.329,-1.021,33.752,14.648,-3.906
0.109,-0.327,-1.027,31.738,15.930,-3.784

-0.252,0.181,-2.235,-134.216,-10.315,-15.442
-0.261,0.133,-2.202,-155.334,-23.071,-6.836
-0.265,0.103,-2.137,-180.603,-29.358,-0.183
-0.254,0.055,-2.051,-204.224,-33.203,5.188
-0.253,0.052,-1.959,-219.604,-43.213,10.132
-0.209,0.015,-1.665,-226.685,-57.922,15.991
-0.263,0.050,-1.709,-227.051,-85.693,24.780
-0.243,0.022,-1.619,-229.248,-95.093,26.123
-0.249,0.001,-1.460,-242.676,-96.680,17.761
-0.264,-0.003,-1.306,-259.583,-96.985,15.625
-0.246,-0.081,-1.099,-271.301,-106.323,22.461
-0.213,-0.089,-0.888,-278.503,-122.742,32.532
-0.198,-0.094,-0.694,-281.616,-142.700,42.969
-0.244,-0.058,-0.485,-282.410,-164.490,55.908
-0.109,-0.154,-0.282,-280.151,-197.510,72.205
-0.114,-0.094,-0.081,-277.405,-213.135,70.435
-0.051,-0.107,0.136,-269.287,-203.613,67.444
0.010,-0.149,0.276,-264.954,-184.509,62.500
0.042,-0.181,0.418,-256.958,-160.400,56.946
0.098,-0.219,0.530,-242.737,-129.700,54.688
0.177,-0.256,0.606,-223.938,-101.807,55.725
0.266,-0.339,0.650,-204.285,-82.947,57.251
0.324,-0.396,0.666,-183.105,-73.486,57.922
0.377,-0.451,0.698,-163.086,-69.336,57.617
0.423,-0.502,0.727,-147.278,-68.420,54.199
0.483,-0.562,0.787,-133.667,-70.190,48.584
0.518,-0.582,0.838,-120.605,-74.463,42.847
0.565,-0.600,0.904,-102.722,-76.843,40.649
0.630,-0.641,0.980,-81.299,-75.012,39.429
0.688,-0.689,1.004,-57.861,-71.533,36.865
0.710,-0.711,1.038,-33.142,-63.843,31.006
0.734,-0.728,1.005,-11.353,-46.997,22.156
0.748,-0.749,0.970,8.240,-25.330,11.536
0.736,-0.779,0.887,27.039,-3.540,0.732
0.682,-0.824,0.768,44.983,16.907,-9.644
0.620,-0.857,0.630,61.157,35.400,-18.433
0.564,-0.885,0.517,75.562,49.561,-24.719
0.501,-0.896,0.379,87.524,59.387,-28.442
0.446,-0.904,0.244,98.755,66.406,-30.334
0.404,-0.919,0.122,108.582,72.327,-30.823
0.373,-0.921,0.012,114.990,76.477,-30.334
0.353,-0.921,-0.078,118.713,77.942,-29.297
0.334,-0.916,-0.156,119.568,76.599,-27.832
0.314,-0.906,-0.213,118.042,74.707,-25.452
0.303,-0.881,-0.255,115.601,74.097,-21.545
0.301,-0.839,-0.296,113.159,74.585,-17.639
0.293,-0.796,-0.343,111.938,76.355,-15.015
0.291,-0.770,-0.406,112.366,78.491,-13.794
0.296,-0.735,-0.472,113.953,78.918,-12.878
0.312,-0.701,-0.532,116.089,75.256,-13.123
0.312,-0.679,-0.577,117.249,68.542,-14.343
0.298,-0.672,-0.620,115.234,61.890,-15.930
0.280,-0.662,-0.656,111.145,56.458,-16.052
0.278,-0.649,-0.666,106.995,50.964,-13.916
0.274,-0.624,-0.664,101.074,46.753,-10.742
0.272,-0.588,-0.668,94.238,44.617,-8.118
0.285,-0.559,-0.666,90.576,43.518,-6.531
0.280,-0.531,-0.661,89.722,43.152,-7.385
0.274,-0.524,-0.679,89.417,45.105,-10.376
0.264,-0.533,-0.709,91.125,46.753,-13.489
0.254,-0.533,-0.740,94.238,46.997,-14.587
0.240,-0.531,-0.776,94.666,46.387,-14.526
0.225,-0.542,-0.805,91.431,45.959,-13.672
0.220,-0.551,-0.818,86.365,44.556,-11.536
0.208,-0.546,-0.812,80.139,42.542,-9.338
0.202,-0.525,-0.796,73.853,40.955,-7.202
0.207,-0.518,-0.776,70.557,39.673,-5.371
0.211,-0.497,-0.775,71.350,38.452,-4.883
0.213,-0.479,-0.790,74.341,37.292,-5.676
0.213,-0.477,-0.825,77.087,37.598,-7.324
0.210,-0.480,-0.871,78.613,38.452,-8.545
0.181,-0.473,-0.926,78.796,38.696,-9.338
0.182,-0.490,-0.951,77.209,40.161,-8.179
0.175,-0.500,-0.990,73.853,41.077,-7.202
0.170,-0.505,-1.001,70.190,37.048,-6.104
0.177,-0.495,-1.001,66.528,29.175,-4.272
0.181,-0.496,-0.972,62.012,22.095,-3.357
0.185,-0.506,-0.949,57.678,18.188,-3.235
0.197,-0.514,-0.937,56.274,16.113,-2.991
0.211,-0.482,-0.911,56.274,14.832,-2.625
0.219,-0.466,-0.908,56.152,15.686,-3.052
0.218,-0.476,-0.918,56.152,19.775,-3.723
0.227,-0.480,-0.947,56.702,22.217,-4.089
0.231,-0.461,-0.959,57.434,21.179,-4.272
0.214,-0.455,-0.973,57.068,18.494,-4.578
0.197,-0.453,-0.985,53.955,18.372,-4.150
0.190,-0.447,-0.995,50.598,18.860,-3.296
0.190,-0.427,-1.002,49.255,17.578,-2.563
0.188,-0.407,-1.002,47.974,15.198,-2.869
0.178,-0.410,-0.974,45.898,12.939,-3.967
0.164,-0.393,-0.987,45.593,11.536,-4.822
0.163,-0.401,-0.980,46.570,14.832,-4.272
0.153,-0.390,-0.998,44.495,15.625,-5.066
0.149,-0.390,-1.000,42.114,15.503,-4.272
0.138,-0.387,-0.998,38.574,14.771,-3.235
0.131,-0.377,-0.994,34.546,13.916,-2.808
0.134,-0.370,-0.982,32.532,13.733,-2.258
0.133,-0.358,-0.977,31.494,13.916,-2.136
0.134,-0.355,-0.974,30.090,14.526,-2.136
0.135,-0.358,-0.981,29.297,14.343,-2.258
0.140,-0.350,-0.984,30.151,13.000,-2.747
0.136,-0.348,-0.982,30.334,11.780,-3.296
0.125,-0.357,-0.990,28.503,13.000,-3.357
0.122,-0.369,-0.990,26.184,14.587,-2.991
0.121,-0.370,-0.985,25.513,13.916,-2.197
0.119,-0.363,-0.981,25.452,11.597,-1.099
0.123,-0.364,-0.971,24.902,9.583,-0.122
0.128,-0.359,-0.964,23.682,9.094,0.000
0.137,-0.349,-0.954,23.560,9.338,0.427
0.145,-0.340,-0.951,24.048,9.033,0.610
0.145,-0.344,-0.949,23.926,9.399,0.488
0.140,-0.340,-0.950,23.010,10.254,0.732
0.137,-0.331,-0.955,22.522,11.780,1.404
0.137,-0.320,-0.969,23.071,13.123,1.526
0.141,-0.321,-0.975,23.804,13.428,1.221
0.138,-0.319,-0.988,23.865,12.878,0.549
0.129,-0.318,-0.997,23.499,11.719,-0.244
0.122,-0.317,-1.002,22.522,10.864,-0.549
0.122,-0.319,-1.005,20.996,10.681,-0.305

-0.165,-0.160,-2.219,-74.036,-13.794,-3.723
-0.173,-0.137,-2.056,-105.347,-41.321,0.610
-0.170,-0.122,-1.874,-135.132,-57.129,6.531
-0.136,-0.127,-1.704,-153.992,-62.683,12.634
-0.123,-0.129,-1.573,-162.842,-64.636,17.334
-0.112,-0.134,-1.494,-166.565,-67.993,22.522
-0.069,-0.174,-1.424,-165.771,-79.346,31.311
-0.044,-0.160,-1.347,-167.786,-76.172,31.128
-0.025,-0.158,-1.256,-176.819,-68.359,24.109
-0.032,-0.144,-1.183,-187.744,-63.232,24.292
-0.033,-0.158,-1.097,-194.641,-68.298,30.151
-0.012,-0.113,-1.010,-198.242,-78.125,36.011
0.017,-0.109,-0.936,-199.402,-92.896,40.039
0.005,-0.112,-0.829,-199.402,-109.131,40.588
-0.036,-0.136,-0.696,-199.158,-127.625,43.396
0.041,-0.103,-0.611,-199.280,-146.423,48.157
0.025,-0.069,-0.524,-201.721,-148.499,41.687
0.021,-0.113,-0.418,-203.003,-137.939,37.903
0.017,-0.114,-0.336,-206.665,-128.418,34.424
-0.003,-0.102,-0.245,-207.031,-115.479,31.311
-0.011,-0.133,-0.155,-204.529,-100.281,30.334
0.000,-0.169,-0.074,-200.806,-91.248,32.593
0.014,-0.229,0.015,-192.871,-90.393,35.889
0.019,-0.247,0.075,-183.167,-90.820,38.086
0.057,-0.318,0.129,-173.462,-87.708,40.588
0.115,-0.388,0.197,-166.626,-83.313,43.152
0.196,-0.445,0.271,-162.964,-80.383,45.959
0.297,-0.508,0.339,-157.898,-79.529,49.011
0.408,-0.503,0.425,-151.184,-80.505,49.927
0.503,-0.542,0.501,-141.418,-80.688,50.537
0.609,-0.592,0.603,-130.737,-79.468,50.537
0.704,-0.621,0.690,-119.751,-77.026,47.791
0.802,-0.650,0.782,-102.783,-74.280,42.114
0.843,-0.672,0.841,-82.092,-68.542,32.593
0.879,-0.705,0.882,-60.669,-55.786,21.057
0.913,-0.755,0.841,-38.452,-37.903,8.362
0.855,-0.828,0.868,-15.564,-21.790,-3.906
0.814,-0.886,0.778,2.258,-5.432,-12.573
0.754,-0.919,0.677,17.029,9.094,-18.188
0.687,-0.965,0.598,31.982,17.517,-22.278
0.623,-0.990,0.519,42.908,23.560,-24.536
0.576,-1.023,0.430,52.673,27.588,-25.085
0.522,-1.033,0.365,63.171,30.029,-24.658
0.478,-1.016,0.279,73.364,33.630,-23.682
0.440,-1.005,0.203,81.726,37.231,-23.437
0.407,-0.995,0.117,88.013,41.626,-23.437
0.378,-0.985,0.042,93.506,46.936,-22.644
0.356,-0.967,-0.039,97.900,51.453,-21.057
0.330,-0.944,-0.115,100.159,54.077,-19.653
0.322,-0.927,-0.181,100.891,55.420,-17.273
0.304,-0.881,-0.232,100.220,54.871,-14.832
0.303,-0.865,-0.267,97.168,54.626,-12.207
0.303,-0.838,-0.292,93.140,54.321,-9.460
0.306,-0.801,-0.311,90.393,54.199,-6.409
0.327,-0.769,-0.327,88.928,53.894,-4.272
0.341,-0.741,-0.343,88.989,52.673,-3.296
0.353,-0.718,-0.353,89.844,51.514,-3.174
0.359,-0.704,-0.363,90.820,50.842,-3.540
0.362,-0.680,-0.380,92.834,50.659,-4.395
0.354,-0.674,-0.398,94.177,50.781,-5.371
0.347,-0.662,-0.424,93.933,51.208,-5.737
0.345,-0.650,-0.437,94.299,49.866,-4.944
0.335,-0.626,-0.449,93.140,48.462,-4.211
0.332,-0.598,-0.467,91.431,47.974,-3.784
0.340,-0.559,-0.487,92.041,47.668,-3.662
0.346,-0.530,-0.507,94.299,48.035,-4.578
0.341,-0.511,-0.546,97.046,49.866,-7.751
0.340,-0.509,-0.594,100.952,51.636,-11.047
0.326,-0.512,-0.634,104.248,52.795,-14.404
0.297,-0.522,-0.686,104.614,54.749,-16.846
0.272,-0.536,-0.731,102.722,57.495,-16.968
0.266,-0.532,-0.757,99.854,57.312,-15.808
0.240,-0.519,-0.766,95.459,55.481,-15.259
0.230,-0.518,-0.765,92.468,52.917,-14.709
0.227,-0.498,-0.759,92.163,48.584,-14.587
0.216,-0.469,-0.768,94.727,44.434,-15.930
0.203,-0.455,-0.804,98.389,42.908,-18.066
0.208,-0.457,-0.846,101.257,42.969,-19.714
0.186,-0.458,-0.886,101.135,43.945,-20.752
0.161,-0.460,-0.940,97.778,47.241,-19.653
0.160,-0.452,-0.959,94.299,47.791,-17.273
0.172,-0.460,-0.978,92.468,42.114,-14.038
0.177,-0.451,-0.993,88.196,43.823,-13.489
0.173,-0.452,-0.990,82.153,40.771,-16.235
0.186,-0.457,-0.976,79.346,34.119,-16.602
0.179,-0.459,-0.957,79.346,26.184,-16.907
0.170,-0.462,-0.958,79.407,20.935,-16.602
0.177,-0.461,-0.958,78.613,19.592,-14.648
0.172,-0.433,-0.964,76.416,21.240,-12.329
0.172,-0.420,-0.980,72.388,27.039,-9.705
0.175,-0.415,-1.000,67.749,32.837,-8.057
0.191,-0.402,-1.018,64.636,34.058,-6.958
0.193,-0.378,-1.017,62.927,30.334,-7.507
0.187,-0.369,-1.020,61.707,25.146,-10.193
0.183,-0.381,-1.011,61.157,20.447,-12.756
0.171,-0.400,-0.978,61.279,15.564,-15.320
0.147,-0.387,-0.998,61.279,13.672,-15.686
0.156,-0.388,-0.992,59.814,18.372,-13.489
0.134,-0.376,-1.005,54.810,22.644,-12.390
0.125,-0.367,-1.024,50.720,26.917,-10.437
0.126,-0.341,-1.028,49.133,28.442,-7.935
0.124,-0.314,-1.043,48.401,27.466,-7.935
0.116,-0.320,-1.056,47.729,25.879,-9.460
0.119,-0.321,-1.074,47.546,23.132,-10.742
0.110,-0.308,-1.083,46.753,20.447,-11.292
0.097,-0.312,-1.101,43.335,19.958,-11.353
0.093,-0.318,-1.115,38.635,20.020,-10.132
0.090,-0.325,-1.111,34.485,18.921,-8.728
0.092,-0.329,-1.098,30.212,16.724,-7.935
0.091,-0.328,-1.076,26.062,14.038,-7.202
0.094,-0.336,-1.044,23.315,11.658,-6.165
0.101,-0.347,-1.007,21.729,9.155,-5.798
0.104,-0.350,-0.983,21.423,6.775,-5.432
0.110,-0.351,-0.963,21.790,5.859,-5.005
0.115,-0.347,-0.943,20.752,7.690,-4.639
0.117,-0.335,-0.937,19.470,10.864,-4.211
0.118,-0.326,-0.939,19.958,13.428,-3.845
0.119,-0.312,-0.951,21.606,14.587,-3.723
0.116,-0.294,-0.974,22.888,15.747,-4.211

-0.363,0.171,-2.169,-62.988,-34.363,5.127
-0.450,0.142,-2.259,-85.327,-33.875,3.235
-0.506,0.082,-2.314,-116.821,-35.156,7.568
-0.482,0.054,-2.334,-151.367,-44.922,21.973
-0.457,0.061,-2.237,-182.800,-61.096,37.231
-0.426,0.104,-2.138,-212.524,-76.050,48.035
-0.383,0.143,-2.000,-237.549,-85.266,54.504
-0.350,0.146,-1.878,-254.822,-90.454,56.335
-0.329,0.148,-1.796,-264.099,-100.220,57.312
-0.284,0.073,-1.618,-262.512,-126.892,61.768
-0.246,0.090,-1.445,-269.043,-133.240,58.472
-0.200,0.156,-1.294,-287.842,-128.601,47.119
-0.212,0.165,-1.101,-306.763,-123.901,45.105
-0.167,0.148,-0.953,-316.589,-125.244,52.002
-0.107,0.112,-0.776,-317.078,-131.836,61.218
-0.040,0.109,-0.588,-315.369,-145.020,71.167
-0.022,0.180,-0.411,-311.096,-163.635,81.909
0.088,0.116,-0.148,-303.284,-187.683,95.947
0.184,0.194,-0.020,-297.791,-197.388,88.928
0.249,0.109,0.184,-291.321,-179.199,80.688
0.338,0.062,0.345,-291.748,-161.194,73.547
0.401,0.026,0.552,-289.001,-143.066,67.505
0.464,-0.026,0.769,-276.550,-125.549,64.514
0.532,-0.112,0.962,-256.836,-114.685,61.951
0.565,-0.176,1.111,-229.675,-110.474,59.631
0.581,-0.253,1.207,-197.937,-107.910,55.847
0.600,-0.342,1.307,-165.100,-103.149,48.889
0.625,-0.418,1.369,-132.812,-96.008,39.734
0.632,-0.473,1.396,-102.661,-85.205,30.151
0.649,-0.539,1.391,-73.914,-70.068,21.667
0.651,-0.587,1.315,-45.593,-53.345,13.977
0.623,-0.643,1.204,-17.578,-32.227,7.568
0.605,-0.715,1.072,5.066,-9.766,1.282
0.580,-0.753,0.917,22.156,7.507,-5.310
0.544,-0.786,0.758,38.269,20.630,-12.817
0.496,-0.815,0.599,54.443,31.433,-20.142
0.448,-0.841,0.444,71.289,38.513,-26.428
0.404,-0.869,0.287,88.745,43.152,-31.555
0.360,-0.893,0.119,104.736,47.791,-35.339
0.319,-0.898,-0.055,117.615,53.406,-36.621
0.295,-0.907,-0.240,126.160,60.181,-36.133
0.274,-0.923,-0.407,127.869,66.589,-35.034
0.258,-0.948,-0.562,121.216,71.960,-33.203
0.253,-0.978,-0.668,108.582,74.402,-28.381
0.259,-0.992,-0.736,93.506,71.594,-21.606
0.284,-0.984,-0.765,77.820,63.049,-14.282
0.321,-0.975,-0.747,62.195,49.927,-7.629
0.350,-0.971,-0.679,49.133,34.546,-3.235
0.372,-0.959,-0.607,40.222,18.799,-0.854
0.392,-0.944,-0.519,35.706,4.089,1.587
0.417,-0.917,-0.430,33.081,-7.385,3.357
0.444,-0.889,-0.334,32.043,-15.564,4.272
0.450,-0.867,-0.240,32.715,-19.714,4.333
0.464,-0.849,-0.178,33.508,-18.433,3.845
0.471,-0.828,-0.122,36.621,-14.587,3.601
0.467,-0.803,-0.095,39.429,-7.019,3.418
0.494,-0.788,-0.056,42.786,2.502,3.601
0.504,-0.808,-0.073,47.607,11.536,5.005
0.457,-0.736,-0.122,52.856,14.648,3.174
0.455,-0.730,-0.160,58.960,25.146,1.770
0.466,-0.739,-0.179,60.852,36.072,-1.221
0.446,-0.719,-0.214,61.096,43.213,-3.418
0.427,-0.699,-0.233,63.904,43.762,-3.662
0.427,-0.679,-0.248,69.946,40.466,-3.723
0.422,-0.658,-0.264,78.308,36.316,-5.432
0.398,-0.640,-0.294,86.731,33.081,-9.094
0.373,-0.625,-0.332,93.018,32.104,-12.573
0.363,-0.629,-0.359,96.497,34.302,-14.160
0.356,-0.632,-0.398,97.290,39.978,-13.916
0.334,-0.633,-0.448,95.825,47.363,-13.367
0.313,-0.631,-0.492,93.628,53.284,-12.573
0.304,-0.606,-0.534,92.896,55.176,-11.536
0.319,-0.570,-0.553,93.689,53.711,-11.414
0.291,-0.573,-0.582,93.201,53.833,-13.977
0.270,-0.592,-0.613,92.896,56.763,-16.968
0.261,-0.607,-0.654,95.947,58.044,-18.250
0.253,-0.605,-0.697,99.121,55.786,-17.822
0.238,-0.604,-0.736,99.365,52.734,-16.479
0.220,-0.608,-0.756,97.229,49.194,-14.343
0.223,-0.599,-0.764,95.398,45.532,-11.902
0.231,-0.570,-0.774,93.689,41.748,-9.460
0.234,-0.546,-0.777,93.994,37.842,-8.606
0.231,-0.536,-0.802,93.811,36.865,-8.789
0.244,-0.533,-0.822,92.041,38.208,-8.972
0.236,-0.521,-0.852,89.844,40.039,-9.583
0.234,-0.517,-0.890,86.365,42.480,-11.047
0.223,-0.528,-0.920,83.374,44.434,-11.108
0.221,-0.532,-0.952,80.078,43.823,-10.376
0.226,-0.525,-0.960,76.416,40.344,-8.972
0.230,-0.510,-0.959,72.510,34.058,-7.690
0.221,-0.498,-0.950,69.214,27.283,-7.385
0.219,-0.491,-0.927,66.162,22.705,-7.507
0.217,-0.485,-0.906,62.805,21.423,-6.592
0.221,-0.478,-0.894,61.340,21.362,-6.042
0.226,-0.445,-0.902,62.134,20.386,-6.348
0.220,-0.414,-0.909,64.758,19.165,-7.324
0.184,-0.415,-0.937,64.453,21.606,-8.789
0.174,-0.402,-0.969,61.279,27.954,-9.094
0.160,-0.423,-1.050,59.509,31.250,-7.385
0.165,-0.432,-1.012,60.181,32.104,-4.333
0.178,-0.418,-1.046,55.725,33.569,-4.761
0.180,-0.414,-1.046,47.546,35.095,-4.883
0.178,-0.403,-1.038,42.236,30.212,-4.517
0.176,-0.389,-1.019,41.748,22.583,-4.028
0.175,-0.383,-1.011,43.396,16.479,-3.967
0.169,-0.385,-1.011,43.457,14.893,-5.432
0.158,-0.391,-1.022,42.542,16.907,-6.653
0.158,-0.390,-1.030,41.077,17.639,-6.531
0.156,-0.389,-1.027,39.429,16.602,-5.615
0.156,-0.391,-1.020,37.720,15.564,-5.249
0.147,-0.401,-1.020,35.645,15.198,-4.578
0.150,-0.402,-1.019,33.936,14.526,-3.906
0.143,-0.394,-1.000,31.494,14.709,-3.418
0.139,-0.390,-0.994,27.466,17.334,-2.930
0.141,-0.389,-0.995,25.085,19.226,-1.892
0.149,-0.382,-0.991,25.757,17.273,-1.160
0.154,-0.353,-0.996,27.039,13.977,-0.977
0.149,-0.347,-0.995,27.649,11.841,-2.197
0.146,-0.360,-0.998,26.550,11.719,-3.357

-0.402,0.403,-2.460,-30.884,35.278,-27.100
-0.581,0.570,-2.929,-45.105,37.415,-39.368
-0.767,0.663,-3.369,-72.571,31.128,-50.110
-0.880,0.500,-3.606,-111.084,4.150,-52.307
-0.953,0.261,-3.493,-159.058,-41.809,-40.771
-0.945,0.082,-3.087,-218.018,-89.478,-17.944
-0.834,-0.049,-2.479,-281.433,-120.667,10.620
-0.679,-0.115,-1.866,-335.937,-130.432,37.781
-0.499,-0.055,-1.346,-370.300,-131.714,60.059
-0.271,0.043,-0.962,-378.113,-136.169,78.857
-0.055,0.064,-0.613,-361.755,-150.452,92.896
0.198,0.085,-0.342,-344.055,-141.235,92.346
0.355,0.053,-0.155,-337.891,-131.042,80.078
0.484,0.038,0.051,-333.069,-125.244,76.477
0.592,0.062,0.255,-323.975,-128.113,79.346
0.666,0.123,0.478,-309.204,-135.742,80.872
0.747,-0.088,0.640,-286.255,-145.142,85.266
0.782,-0.005,0.724,-258.606,-161.133,78.857
0.776,-0.045,0.863,-227.234,-152.405,58.411
0.756,-0.214,0.928,-204.773,-119.446,37.720
0.702,-0.315,0.915,-193.115,-80.933,16.602
0.634,-0.452,0.917,-179.077,-43.701,5.249
0.560,-0.486,0.893,-164.185,-18.616,2.258
0.484,-0.513,0.870,-143.555,-10.986,3.784
0.422,-0.558,0.745,-116.943,-17.395,4.150
0.323,-0.648,0.662,-88.318,-27.832,2.319
0.244,-0.704,0.563,-67.932,-34.729,-0.488
0.214,-0.755,0.531,-53.284,-38.086,-2.380
0.169,-0.774,0.494,-42.358,-42.297,-3.601
0.141,-0.800,0.454,-31.494,-39.063,0.488
0.151,-0.821,0.424,-19.531,-33.264,7.446
0.179,-0.843,0.372,-8.850,-26.367,11.108
0.224,-0.858,0.294,0.366,-18.616,10.559
0.234,-0.886,0.285,11.353,-13.733,9.155
0.299,-0.891,0.204,21.851,-8.606,8.484
0.340,-0.912,0.155,31.311,-5.615,7.690
0.367,-0.932,0.091,36.987,-1.587,5.554
0.386,-0.949,0.032,40.710,5.188,4.272
0.405,-0.948,-0.036,44.250,12.512,2.808
0.419,-0.955,-0.098,46.143,19.958,0.427
0.416,-0.961,-0.171,46.753,26.917,-2.136
0.401,-0.973,-0.246,46.326,33.081,-3.418
0.396,-0.975,-0.316,44.861,35.889,-3.235
0.395,-0.973,-0.363,42.969,34.363,-1.831
0.390,-0.963,-0.387,39.734,29.846,0.000
0.391,-0.958,-0.386,36.133,23.499,2.014
0.399,-0.950,-0.365,32.532,16.296,3.967
0.420,-0.933,-0.331,29.663,8.911,6.226
0.434,-0.908,-0.296,28.564,2.380,7.507
0.440,-0.898,-0.248,26.123,-1.404,7.324
0.452,-0.883,-0.210,24.109,-3.052,7.141
0.451,-0.856,-0.176,25.696,-4.272,6.775
0.446,-0.827,-0.154,30.090,-4.639,6.104
0.437,-0.811,-0.152,34.241,-2.808,4.761
0.463,-0.813,-0.173,38.757,-0.183,4.822
0.444,-0.803,-0.158,43.518,-1.343,2.686
0.438,-0.798,-0.187,50.354,4.822,2.014
0.447,-0.802,-0.196,51.819,13.062,0.244
0.427,-0.795,-0.223,48.401,21.179,-1.526
0.414,-0.802,-0.237,45.044,25.391,-0.671
0.411,-0.794,-0.246,45.837,25.452,1.038
0.408,-0.777,-0.240,46.875,24.048,1.404
0.406,-0.769,-0.237,46.692,24.719,-0.061
0.403,-0.765,-0.240,48.584,25.330,-2.380
0.405,-0.758,-0.248,54.260,24.109,-3.601
0.414,-0.752,-0.263,61.279,21.545,-4.883
0.411,-0.758,-0.272,66.467,20.325,-6.897
0.403,-0.756,-0.294,68.481,21.667,-8.606
0.388,-0.759,-0.329,68.848,24.963,-9.338
0.367,-0.771,-0.347,68.481,28.442,-8.972
0.354,-0.757,-0.371,68.298,31.006,-6.592
0.347,-0.734,-0.402,67.444,33.203,-4.333
0.348,-0.712,-0.421,68.176,34.668,-3.479
0.351,-0.713,-0.449,68.665,36.682,-3.906
0.355,-0.707,-0.480,70.496,38.086,-5.310
0.350,-0.701,-0.506,73.792,36.255,-7.629
0.336,-0.701,-0.532,77.026,33.203,-10.315
0.321,-0.716,-0.562,78.613,31.067,-11.597
0.308,-0.720,-0.585,78.918,29.358,-10.925
0.303,-0.718,-0.590,77.393,27.405,-9.583
0.301,-0.709,-0.590,74.158,26.611,-7.751
0.299,-0.687,-0.582,70.679,26.733,-6.348
0.307,-0.668,-0.573,68.054,27.832,-5.493
0.316,-0.662,-0.564,67.200,29.297,-6.409
0.311,-0.655,-0.568,68.115,30.334,-8.057
0.299,-0.632,-0.585,70.862,29.846,-9.338
0.305,-0.616,-0.606,74.890,28.931,-9.705
0.303,-0.619,-0.631,77.515,29.114,-10.620
0.299,-0.622,-0.670,78.552,29.846,-11.414
0.294,-0.623,-0.700,79.285,28.625,-11.292
0.277,-0.622,-0.716,77.881,26.917,-10.620
0.256,-0.600,-0.730,72.876,28.198,-8.972
0.251,-0.588,-0.742,68.359,31.616,-7.141
0.260,-0.553,-0.759,66.833,32.898,-6.714
0.253,-0.533,-0.762,67.871,32.043,-8.789
0.243,-0.532,-0.789,69.519,31.372,-11.902
0.233,-0.536,-0.812,72.388,30.212,-13.733
0.231,-0.542,-0.828,74.951,27.405,-14.648
0.216,-0.552,-0.834,75.317,24.963,-14.404
0.222,-0.557,-0.850,73.181,24.353,-12.634
0.237,-0.547,-0.839,69.519,24.353,-10.620
0.243,-0.528,-0.831,64.819,24.597,-9.888
0.238,-0.512,-0.825,62.134,24.658,-10.437
0.226,-0.492,-0.816,63.293,22.705,-11.963
0.219,-0.499,-0.801,67.078,21.545,-11.475
0.209,-0.495,-0.813,67.688,27.893,-13.184
0.191,-0.490,-0.853,65.979,32.532,-16.418
0.181,-0.502,-0.877,66.101,34.485,-15.747
0.169,-0.496,-0.905,65.735,33.691,-13.733
0.167,-0.489,-0.931,64.392,31.677,-11.841
0.176,-0.478,-0.945,62.500,29.114,-9.521
0.172,-0.450,-0.980,60.852,24.963,-8.728
0.176,-0.436,-0.943,60.486,23.987,-8.667
0.176,-0.427,-0.932,58.350,24.597,-10.620
0.156,-0.412,-0.944,56.580,23.926,-12.512
0.156,-0.428,-0.954,57.617,24.475,-11.963
0.147,-0.426,-0.974,56.458,25.452,-10.925
0.137,-0.422,-0.992,54.016,27.100,-10.132
0.139,-0.418,-0.995,51.880,29.358,-9.277

-0.280,-0.107,-2.245,-94.604,-17.944,1.648
-0.294,-0.064,-2.253,-117.432,-28.625,8.240
-0.305,-0.037,-2.255,-140.564,-37.231,11.719
-0.299,-0.043,-2.225,-163.879,-42.542,13.428
-0.309,-0.038,-2.154,-185.913,-48.340,17.090
-0.289,-0.078,-2.067,-206.604,-56.213,21.118
-0.260,-0.096,-1.843,-224.060,-70.923,28.076
-0.243,-0.068,-1.729,-233.521,-97.107,39.612
-0.189,-0.047,-1.522,-246.338,-103.882,42.969
-0.175,0.050,-1.330,-268.311,-104.919,35.583
-0.174,0.004,-1.135,-282.959,-106.018,35.583
-0.122,-0.032,-0.908,-288.269,-114.258,45.044
-0.069,-0.021,-0.661,-293.945,-127.686,56.396
0.008,0.006,-0.403,-300.659,-140.259,67.078
-0.021,0.136,-0.182,-299.805,-154.663,78.491
0.162,0.001,0.061,-291.382,-175.537,92.712
0.233,0.033,0.264,-285.034,-178.101,83.923
0.290,-0.022,0.462,-275.879,-159.424,75.989
0.363,-0.055,0.653,-270.508,-142.883,65.979
0.398,-0.101,0.820,-259.888,-122.498,58.777
0.446,-0.116,0.950,-240.723,-96.863,55.359
0.504,-0.213,1.037,-218.506,-72.876,52.368
0.548,-0.285,1.062,-192.322,-59.204,49.866
0.578,-0.382,1.106,-161.194,-55.786,45.471
0.606,-0.444,1.090,-128.601,-53.101,37.659
0.613,-0.490,1.064,-101.013,-51.086,23.743
0.574,-0.544,1.006,-80.017,-48.096,10.254
0.551,-0.623,0.969,-59.814,-39.551,6.592
0.540,-0.698,0.925,-40.588,-32.898,6.470
0.531,-0.742,0.875,-22.095,-24.780,5.493
0.533,-0.791,0.787,-4.639,-14.282,2.808
0.523,-0.821,0.688,12.512,-3.296,-1.282
0.505,-0.837,0.564,31.006,7.935,-5.676
0.472,-0.869,0.413,49.011,17.883,-12.329
0.415,-0.916,0.264,63.354,24.536,-19.409
0.362,-0.958,0.118,74.524,28.687,-23.254
0.315,-0.988,-0.016,83.069,31.006,-24.109
0.289,-1.004,-0.136,87.402,33.569,-22.522
0.270,-1.012,-0.256,86.792,37.292,-20.081
0.264,-1.021,-0.346,82.947,40.039,-16.968
0.277,-1.018,-0.422,77.759,40.405,-13.000
0.290,-1.018,-0.443,70.496,37.720,-9.277
0.304,-1.006,-0.456,61.035,33.386,-6.165
0.316,-0.996,-0.432,53.345,27.405,-3.418
0.335,-0.974,-0.406,48.340,21.240,-0.061
0.367,-0.948,-0.356,45.593,15.198,3.723
0.401,-0.914,-0.323,43.518,10.742,6.287
0.430,-0.885,-0.272,43.030,7.874,7.629
0.458,-0.852,-0.245,43.274,6.653,7.141
0.465,-0.836,-0.211,43.701,8.057,5.554
0.470,-0.810,-0.212,45.105,11.475,3.784
0.471,-0.794,-0.208,47.485,14.099,1.831
0.418,-0.719,-0.250,50.110,17.334,-0.122
0.462,-0.776,-0.261,51.575,18.982,-0.183
0.443,-0.787,-0.280,55.237,15.686,-2.197
0.427,-0.764,-0.299,59.631,18.738,-2.808
0.419,-0.750,-0.318,58.350,24.414,-3.906
0.400,-0.756,-0.337,55.481,28.687,-4.700
0.388,-0.754,-0.342,56.274,28.809,-3.967
0.391,-0.731,-0.355,59.509,26.917,-3.479
0.383,-0.728,-0.364,61.768,25.085,-5.066
0.367,-0.732,-0.379,62.622,23.987,-8.484
0.361,-0.725,-0.388,64.941,22.827,-9.705
0.356,-0.716,-0.390,67.749,21.667,-9.644
0.350,-0.721,-0.401,69.885,21.729,-9.583
0.345,-0.722,-0.413,70.862,23.254,-9.521
0.335,-0.722,-0.433,70.679,25.818,-9.583
0.318,-0.720,-0.455,69.519,28.992,-8.972
0.318,-0.706,-0.472,69.458,30.884,-7.263
0.314,-0.680,-0.487,71.045,31.189,-6.409
0.304,-0.670,-0.531,72.876,33.875,-6.958
0.292,-0.677,-0.579,74.280,38.086,-8.179
0.288,-0.686,-0.625,74.890,41.077,-9.094
0.280,-0.699,-0.662,74.951,41.809,-9.644
0.268,-0.716,-0.696,73.608,41.199,-8.911
0.268,-0.726,-0.710,71.350,37.292,-7.141
0.272,-0.726,-0.701,68.970,30.579,-5.249
0.274,-0.722,-0.676,66.406,24.048,-4.089
0.280,-0.712,-0.639,64.087,19.104,-3.479
0.299,-0.686,-0.596,63.232,16.418,-3.174
0.303,-0.674,-0.568,65.308,16.602,-3.418
0.313,-0.658,-0.575,68.542,18.982,-3.967
0.323,-0.633,-0.595,71.289,22.217,-4.822
0.325,-0.621,-0.621,72.632,26.428,-5.798
0.318,-0.623,-0.668,70.862,32.227,-6.958
0.312,-0.607,-0.720,69.214,35.339,-7.385
0.295,-0.586,-0.762,68.726,35.400,-6.775
0.280,-0.576,-0.813,66.223,36.194,-5.920
0.269,-0.575,-0.846,62.561,36.194,-5.127
0.266,-0.555,-0.862,59.875,33.142,-5.005
0.264,-0.548,-0.862,58.044,28.137,-6.470
0.241,-0.563,-0.858,56.946,23.315,-9.521
0.229,-0.575,-0.847,56.641,19.287,-10.864
0.228,-0.579,-0.831,57.617,14.954,-10.437
0.225,-0.582,-0.818,57.556,12.329,-9.399
0.219,-0.583,-0.805,54.688,13.062,-7.874
0.216,-0.579,-0.788,50.720,15.869,-5.615
0.223,-0.566,-0.768,47.119,18.494,-3.906
0.229,-0.550,-0.761,46.265,19.836,-3.235
0.236,-0.541,-0.763,47.852,19.592,-3.174
0.248,-0.529,-0.762,49.988,18.127,-3.357
0.244,-0.518,-0.763,51.819,17.029,-3.967
0.231,-0.510,-0.785,52.734,19.104,-4.761
0.223,-0.512,-0.804,51.880,23.865,-5.127
0.217,-0.514,-0.842,49.744,28.687,-4.700
0.213,-0.512,-0.868,48.523,30.090,-3.906
0.216,-0.500,-0.877,47.424,27.710,-3.479
0.220,-0.482,-0.861,45.532,23.987,-3.662
0.189,-0.486,-0.867,44.312,20.203,-4.456
0.187,-0.490,-0.846,46.509,20.386,-4.150
0.192,-0.469,-0.849,48.096,20.874,-4.761
0.193,-0.465,-0.841,48.828,20.752,-5.432
0.178,-0.455,-0.855,50.964,21.118,-5.310
0.170,-0.457,-0.880,52.856,25.513,-4.272
0.165,-0.438,-0.917,52.490,27.344,-4.639
0.157,-0.422,-0.948,52.185,28.198,-4.578
0.149,-0.423,-0.976,50.598,29.297,-4.700
0.145,-0.409,-1.000,48.645,28.442,-5.371
0.142,-0.409,-1.001,47.119,25.879,-5.432

-0.396,-0.238,-2.205,-77.393,-7.263,-3.479
-0.434,-0.258,-2.319,-89.600,-27.588,2.258
-0.488,-0.231,-2.372,-112.366,-47.180,10.681
-0.481,-0.231,-2.344,-144.714,-59.204,19.531
-0.463,-0.208,-2.238,-181.152,-65.796,29.053
-0.412,-0.228,-2.139,-210.266,-72.815,38.574
-0.377,-0.190,-1.995,-230.042,-80.994,47.791
-0.353,-0.183,-1.886,-245.056,-89.355,55.298
-0.302,-0.152,-1.867,-254.578,-102.356,63.354
-0.251,-0.194,-1.521,-260.071,-122.437,69.580
-0.188,-0.159,-1.347,-268.982,-123.291,65.491
-0.182,-0.151,-1.193,-281.128,-116.821,59.692
-0.150,-0.173,-1.012,-294.678,-112.671,65.735
-0.093,-0.141,-0.784,-306.274,-115.112,79.529
-0.056,-0.083,-0.557,-311.951,-126.526,92.163
-0.045,-0.057,-0.346,-311.340,-139.709,102.478
-0.019,-0.055,-0.073,-303.406,-157.349,114.380
0.120,-0.020,0.177,-293.701,-175.415,121.704
0.171,0.027,0.430,-283.630,-175.842,109.253
0.240,0.020,0.630,-268.372,-159.973,102.112
0.303,0.059,0.807,-252.625,-138.916,93.018
0.401,0.002,0.946,-227.173,-108.276,84.045
0.464,-0.054,0.983,-199.585,-75.195,73.730
0.489,-0.129,0.976,-172.180,-50.537,65.186
0.515,-0.206,0.982,-144.958,-38.269,58.960
0.557,-0.260,0.990,-119.507,-33.691,52.246
0.560,-0.286,0.989,-97.534,-34.485,40.649
0.575,-0.296,0.951,-76.660,-34.058,29.297
0.564,-0.355,0.945,-52.429,-29.419,21.973
0.568,-0.421,0.928,-29.907,-24.353,16.846
0.590,-0.460,0.888,-9.888,-19.470,11.963
0.606,-0.508,0.851,11.536,-15.930,7.812
0.634,-0.521,0.761,33.142,-10.742,4.150
0.665,-0.542,0.671,50.964,-2.808,-0.488
0.689,-0.590,0.587,64.514,8.606,-7.385
0.679,-0.641,0.494,72.266,22.522,-16.052
0.628,-0.682,0.390,82.031,33.630,-24.475
0.570,-0.716,0.250,94.910,43.091,-32.288
0.519,-0.761,0.095,108.154,52.490,-39.551
0.453,-0.814,-0.052,116.577,61.279,-45.898
0.379,-0.871,-0.202,118.896,67.566,-49.866
0.316,-0.921,-0.326,119.385,67.993,-49.316
0.294,-0.930,-0.432,119.202,62.256,-44.800
0.269,-0.949,-0.482,115.173,52.307,-39.856
0.242,-0.952,-0.509,105.103,44.373,-34.973
0.245,-0.947,-0.510,96.497,40.039,-28.564
0.265,-0.934,-0.498,91.919,38.391,-22.644
0.291,-0.914,-0.495,88.745,39.429,-19.531
0.311,-0.894,-0.492,86.060,40.955,-18.555
0.323,-0.882,-0.497,88.135,41.260,-18.799
0.331,-0.858,-0.510,93.018,40.100,-20.142
0.330,-0.841,-0.553,98.572,37.537,-20.874
0.321,-0.836,-0.599,100.464,34.363,-21.606
0.306,-0.829,-0.640,95.032,31.433,-20.691
0.306,-0.821,-0.639,86.487,26.855,-17.212
0.308,-0.806,-0.616,76.965,21.606,-12.939
0.315,-0.777,-0.566,68.542,16.724,-8.484
0.328,-0.721,-0.512,61.951,13.672,-4.395
0.357,-0.664,-0.476,59.753,13.306,-3.601
0.359,-0.640,-0.451,63.232,15.259,-6.592
0.354,-0.634,-0.489,70.190,19.348,-11.902
0.345,-0.631,-0.533,77.759,23.071,-16.235
0.313,-0.637,-0.583,83.069,26.550,-19.775
0.276,-0.665,-0.646,83.130,31.860,-21.240
0.238,-0.677,-0.695,80.139,35.950,-20.081
0.202,-0.678,-0.781,76.599,34.851,-16.968
0.210,-0.686,-0.765,72.083,34.729,-12.573
0.212,-0.668,-0.756,64.575,31.250,-10.010
0.224,-0.614,-0.738,58.105,26.611,-7.996
0.222,-0.605,-0.706,54.688,24.170,-9.155
0.215,-0.615,-0.697,54.443,24.048,-12.207
0.227,-0.621,-0.700,58.594,23.193,-14.465
0.228,-0.612,-0.724,64.392,21.179,-15.259
0.231,-0.604,-0.737,67.505,19.592,-15.381
0.221,-0.620,-0.756,66.956,20.691,-15.869
0.217,-0.639,-0.787,63.232,25.208,-14.954
0.219,-0.641,-0.806,58.838,28.564,-13.428
0.210,-0.627,-0.817,56.396,28.564,-12.207
0.199,-0.615,-0.828,55.603,26.917,-11.292
0.192,-0.620,-0.834,55.542,25.146,-11.047
0.188,-0.623,-0.837,55.420,22.705,-10.986
0.186,-0.623,-0.838,55.908,20.203,-9.949
0.194,-0.608,-0.857,57.068,18.127,-8.850
0.205,-0.602,-0.857,56.824,16.968,-8.362
0.213,-0.607,-0.849,53.528,17.334,-7.935
0.215,-0.596,-0.850,50.171,17.334,-8.423
0.211,-0.584,-0.843,48.828,16.357,-8.606
0.216,-0.565,-0.831,49.500,14.832,-8.240
0.219,-0.551,-0.818,49.194,14.648,-9.094
0.209,-0.544,-0.820,49.805,15.198,-11.047
0.196,-0.538,-0.830,52.856,15.991,-12.329
0.177,-0.538,-0.847,55.298,16.418,-12.756
0.167,-0.547,-0.868,56.702,15.625,-12.085
0.174,-0.529,-0.885,56.885,13.000,-10.437
0.157,-0.497,-0.895,53.894,12.207,-9.460
0.147,-0.513,-0.877,46.814,17.700,-9.277
0.147,-0.521,-0.878,41.748,23.682,-9.521
0.140,-0.514,-0.890,39.795,24.109,-10.254
0.135,-0.503,-0.880,40.710,20.691,-9.705
0.132,-0.497,-0.879,42.419,16.174,-9.216
0.126,-0.500,-0.870,43.457,13.489,-9.033
0.121,-0.502,-0.862,43.213,13.489,-8.728
0.120,-0.493,-0.855,43.091,15.625,-8.362
0.113,-0.490,-0.865,42.664,19.226,-7.812
0.114,-0.484,-0.884,42.053,22.949,-6.775
0.119,-0.478,-0.906,42.358,24.109,-5.920
0.122,-0.471,-0.927,43.030,23.804,-5.554
0.125,-0.468,-0.945,42.908,23.010,-6.042
0.120,-0.468,-0.952,40.894,21.851,-6.470
0.110,-0.467,-0.953,38.391,20.813,-6.470
0.108,-0.468,-0.951,36.499,19.409,-5.859
0.106,-0.460,-0.943,35.339,17.883,-5.005
0.117,-0.456,-0.934,34.180,16.052,-4.028
0.115,-0.449,-0.921,32.898,15.015,-3.662
0.117,-0.435,-0.917,32.898,14.771,-3.540
0.122,-0.421,-0.914,33.691,15.198,-3.479
0.125,-0.416,-0.916,35.278,15.076,-4.272
0.117,-0.411,-0.925,36.499,14.587,-5.554
0.104,-0.399,-0.937,37.537,15.259,-6.104

-0.285,-0.197,-2.084,-217.285,-29.114,38.940
-0.375,-0.229,-2.042,-238.525,-55.847,48.279
-0.326,-0.250,-1.865,-258.484,-79.590,61.279
-0.304,-0.227,-1.657,-282.837,-92.529,67.078
-0.290,-0.249,-1.437,-310.913,-96.436,72.205
-0.263,-0.216,-1.166,-329.712,-105.652,85.327
-0.190,-0.166,-0.919,-336.731,-117.859,97.778
-0.117,-0.183,-0.686,-335.266,-126.831,104.919
-0.047,-0.154,-0.457,-330.933,-135.315,110.046
0.004,-0.146,-0.218,-327.942,-140.625,113.953
-0.025,-0.047,-0.031,-324.890,-140.076,118.896
0.132,-0.100,0.156,-317.261,-142.090,130.981
0.235,-0.013,0.293,-306.946,-137.573,127.258
0.326,-0.020,0.419,-292.786,-120.544,122.742
0.421,0.004,0.530,-282.288,-106.567,116.272
0.503,-0.019,0.586,-265.869,-88.135,107.239
0.566,-0.074,0.652,-245.300,-74.463,98.694
0.611,-0.102,0.710,-226.196,-68.298,91.919
0.638,-0.128,0.756,-206.238,-63.843,84.534
0.642,-0.193,0.803,-184.387,-61.218,74.646
0.637,-0.252,0.848,-161.011,-59.082,64.636
0.620,-0.281,0.901,-140.320,-56.641,54.626
0.615,-0.314,0.949,-122.620,-52.856,46.082
0.620,-0.357,0.989,-103.149,-49.377,38.757
0.591,-0.401,1.053,-80.078,-45.959,31.860
0.594,-0.459,1.038,-57.129,-37.842,24.109
0.589,-0.508,1.015,-34.546,-27.832,17.761
0.582,-0.546,0.986,-15.015,-19.043,11.169
0.584,-0.589,0.946,2.808,-10.559,4.089
0.572,-0.641,0.904,21.362,-3.784,-3.113
0.544,-0.683,0.820,39.429,3.723,-10.498
0.504,-0.734,0.724,54.688,12.146,-17.883
0.470,-0.788,0.641,66.101,21.423,-22.888
0.441,-0.821,0.527,75.317,29.297,-24.963
0.430,-0.843,0.418,85.388,33.875,-24.475
0.424,-0.863,0.302,93.323,36.804,-23.865
0.428,-0.891,0.206,97.656,38.635,-23.132
0.436,-0.904,0.123,99.304,40.100,-21.729
0.454,-0.896,0.080,99.731,40.894,-19.531
0.468,-0.879,0.024,98.389,42.175,-19.348
0.471,-0.887,-0.020,97.839,43.091,-20.508
0.462,-0.885,-0.064,96.985,43.640,-20.874
0.464,-0.878,-0.109,95.764,42.603,-19.653
0.465,-0.865,-0.131,92.712,40.161,-17.883
0.463,-0.863,-0.148,87.219,38.330,-16.052
0.465,-0.859,-0.144,83.374,35.950,-13.611
0.472,-0.832,-0.121,82.520,33.508,-10.376
0.478,-0.799,-0.138,83.435,33.325,-9.094
0.474,-0.788,-0.148,87.036,34.058,-9.949
0.486,-0.776,-0.160,92.407,33.508,-11.169
0.502,-0.731,-0.180,97.961,32.104,-12.634
0.491,-0.728,-0.196,102.295,32.104,-16.846
0.463,-0.743,-0.245,101.624,36.377,-21.545
0.446,-0.753,-0.302,98.755,40.833,-23.376
0.433,-0.759,-0.335,95.581,41.931,-23.010
0.415,-0.766,-0.358,88.074,40.039,-21.667
0.414,-0.770,-0.336,79.773,34.851,-17.822
0.421,-0.737,-0.302,74.463,28.687,-13.611
0.433,-0.689,-0.272,73.486,24.719,-11.719
0.441,-0.680,-0.229,77.148,23.010,-13.855
0.447,-0.672,-0.220,85.144,24.353,-18.433
0.435,-0.671,-0.233,95.886,28.320,-23.621
0.423,-0.677,-0.262,104.919,34.851,-27.588
0.401,-0.681,-0.323,110.229,42.297,-30.396
0.373,-0.694,-0.383,112.915,48.157,-31.433
0.343,-0.699,-0.465,109.985,51.331,-31.311
0.318,-0.714,-0.499,104.004,51.819,-29.785
0.300,-0.717,-0.512,95.947,50.964,-26.611
0.302,-0.695,-0.515,90.393,48.340,-23.010
0.305,-0.671,-0.503,89.539,45.471,-21.667
0.312,-0.667,-0.509,91.003,45.288,-23.132
0.293,-0.664,-0.537,95.337,47.180,-25.757
0.281,-0.657,-0.582,102.295,50.171,-28.137
0.281,-0.660,-0.642,109.131,51.331,-29.480
0.269,-0.671,-0.715,114.258,49.622,-30.701
0.236,-0.683,-0.786,115.295,45.776,-30.273
0.230,-0.672,-0.835,112.366,41.870,-27.283
0.236,-0.673,-0.862,106.750,37.292,-24.231
0.217,-0.678,-0.864,96.558,34.363,-22.522
0.212,-0.681,-0.857,85.449,33.508,-20.142
0.227,-0.664,-0.846,79.041,31.372,-17.517
0.236,-0.650,-0.830,76.355,28.259,-16.663
0.235,-0.641,-0.836,74.646,26.001,-17.029
0.236,-0.626,-0.843,75.684,24.536,-17.029
0.234,-0.608,-0.865,77.942,24.231,-17.517
0.231,-0.605,-0.899,77.637,26.733,-18.677
0.181,-0.619,-0.979,74.341,29.785,-19.470
0.188,-0.640,-0.980,70.984,31.921,-17.517
0.195,-0.651,-1.009,67.322,29.358,-15.320
0.193,-0.635,-1.000,62.622,25.452,-12.451
0.193,-0.639,-0.983,54.932,20.752,-9.766
0.193,-0.628,-0.968,46.326,16.846,-7.385
0.200,-0.626,-0.942,41.138,15.747,-5.310
0.204,-0.620,-0.919,37.109,15.442,-4.944
0.207,-0.611,-0.908,33.936,15.320,-4.822
0.210,-0.604,-0.903,33.142,14.954,-4.211
0.212,-0.598,-0.897,33.813,13.672,-3.967
0.229,-0.595,-0.896,33.569,12.146,-3.479
0.240,-0.585,-0.883,32.410,9.766,-2.991
0.236,-0.571,-0.864,30.334,8.728,-2.502
0.239,-0.556,-0.851,27.527,10.681,-2.136
0.236,-0.556,-0.839,25.635,14.832,-2.075
0.231,-0.551,-0.833,24.597,18.677,-2.686
0.229,-0.551,-0.832,24.902,21.057,-3.235
0.212,-0.554,-0.832,26.306,21.545,-3.601
0.203,-0.555,-0.835,27.832,21.118,-3.723
0.193,-0.551,-0.838,29.175,20.447,-3.723
0.180,-0.546,-0.845,29.541,20.203,-3.540
0.173,-0.543,-0.852,29.175,20.020,-3.235
0.171,-0.535,-0.855,28.809,18.799,-2.502
0.172,-0.509,-0.867,27.527,17.151,-2.014
0.171,-0.493,-0.873,25.879,16.052,-2.930
0.155,-0.496,-0.887,23.499,17.029,-5.005
0.146,-0.502,-0.901,21.912,18.311,-5.981
0.150,-0.503,-0.910,22.766,16.907,-5.432
0.147,-0.500,-0.917,23.499,13.184,-4.700
0.139,-0.501,-0.924,23.071,10.864,-4.517
0.134,-0.506,-0.927,21.790,10.193,-4.333
0.133,-0.506,-0.931,20.020,9.583,-3.906
