Wed Apr 26 09:53:51 2023,0.0, 0.00000,-6316.00000,2168.00000,4300.00000,-1157.00000,-2398.00000,2649.00000,1.80000,1.80000,	2	
Wed Apr 26 09:53:51 2023,1.0, 0.00000,-5754.00000,2796.00000,4752.00000,-1863.00000,-1052.00000,2276.00000,3.57000,3.57000,	2	
Wed Apr 26 09:53:51 2023,2.0, 0.00000,-6350.00000,2418.00000,4208.00000,628.00000,2252.00000,-609.00000,5.30000,5.30000,	2	
Wed Apr 26 09:53:52 2023,3.0, 0.00000,-6528.00000,2696.00000,3338.00000,109.00000,1320.00000,-1081.00000,6.99000,6.99000,	2	
Wed Apr 26 09:53:52 2023,4.0, 0.00000,-6566.00000,2194.00000,3684.00000,-1162.00000,1959.00000,-434.00000,8.65000,8.65000,	2	
Wed Apr 26 09:53:52 2023,5.0, 0.00000,-8476.00000,2094.00000,1406.00000,-862.00000,4915.00000,-1522.00000,10.28000,10.28000,	2	
Wed Apr 26 09:53:52 2023,6.0, 0.00000,-9054.00000,1176.00000,-662.00000,-5933.00000,6391.00000,-1433.00000,11.87000,11.87000,	2	
Wed Apr 26 09:53:52 2023,7.0, 0.00000,-8200.00000,-1074.00000,620.00000,-10605.00000,-1024.00000,-2773.00000,9.84000,13.44000,	2	
Wed Apr 26 09:53:52 2023,8.0, 0.00000,-5224.00000,-3770.00000,4178.00000,-15619.00000,-6999.00000,2763.00000,7.84000,14.97000,	2	
Wed Apr 26 09:53:52 2023,9.0, 0.00000,-4180.00000,-3898.00000,6700.00000,-4309.00000,-1588.00000,488.00000,5.88000,16.47000,	2	
Wed Apr 26 09:53:52 2023,10.0, 0.00000,-7436.00000,-1500.00000,3510.00000,3337.00000,2857.00000,-1166.00000,3.96000,17.94000,	2	
Wed Apr 26 09:53:52 2023,11.0, 0.00000,-4730.00000,-8094.00000,13740.00000,2473.00000,-7943.00000,1832.00000,2.08000,19.39000,	2	
Wed Apr 26 09:53:53 2023,12.0, 0.00000,2036.00000,-15808.00000,4848.00000,32767.00000,4107.00000,-11138.00000,0.24000,17.20000,	2	
Wed Apr 26 09:53:53 2023,13.0, 0.00000,-22068.00000,-11920.00000,-25576.00000,24777.00000,4452.00000,-4420.00000,-1.57000,18.65000,	2	
Wed Apr 26 09:53:53 2023,14.0, 0.00000,-4670.00000,-3522.00000,-1346.00000,-23483.00000,-44.00000,-2126.00000,-3.34000,20.08000,	2	
Wed Apr 26 09:53:53 2023,15.0, 0.00000,-9042.00000,-3092.00000,696.00000,-19470.00000,-1835.00000,-818.00000,-5.07000,21.48000,	2	
Wed Apr 26 09:53:53 2023,16.0, 0.00000,-8218.00000,-2344.00000,3378.00000,-13691.00000,420.00000,195.00000,-6.77000,22.85000,	2	
Wed Apr 26 09:53:53 2023,17.0, 0.00000,-7432.00000,-1300.00000,3232.00000,-8310.00000,-4762.00000,1113.00000,-8.43000,24.20000,	2	
Wed Apr 26 09:53:53 2023,18.0, 0.00000,-6706.00000,-858.00000,3652.00000,-3941.00000,-2117.00000,304.00000,-10.07000,25.51000,	2	
Wed Apr 26 09:53:53 2023,19.0, 0.00000,-7366.00000,-890.00000,3230.00000,-2329.00000,-951.00000,-197.00000,-11.67000,26.80000,	2	
Wed Apr 26 09:53:54 2023,20.0, 0.00000,-7050.00000,-1134.00000,3464.00000,-1259.00000,292.00000,-674.00000,-13.23000,28.07000,	2	
Wed Apr 26 09:53:54 2023,21.0, 0.00000,-7646.00000,-1038.00000,2620.00000,772.00000,239.00000,-651.00000,-14.77000,29.31000,	2	
Wed Apr 26 09:53:54 2023,22.0, 0.00000,-7666.00000,-870.00000,3226.00000,918.00000,-552.00000,-200.00000,-16.28000,30.52000,	2	
Wed Apr 26 09:53:54 2023,23.0, 0.00000,-4446.00000,-7778.00000,14710.00000,3839.00000,636.00000,5165.00000,-17.75000,31.71000,	2	
Wed Apr 26 09:53:54 2023,24.0, 0.00000,1190.00000,-11580.00000,4050.00000,32767.00000,6156.00000,-7377.00000,-19.20000,29.28000,	2	
Wed Apr 26 09:53:54 2023,25.0, 0.00000,-21006.00000,-10272.00000,-23506.00000,16558.00000,2445.00000,-1930.00000,-20.61000,30.49000,	2	
Wed Apr 26 09:53:54 2023,26.0, 0.00000,-5644.00000,-1216.00000,2530.00000,-17446.00000,719.00000,-1837.00000,-22.00000,31.68000,	2	
Wed Apr 26 09:53:54 2023,27.0, 0.00000,-9114.00000,-738.00000,-288.00000,-8925.00000,3561.00000,-1490.00000,-23.36000,32.85000,	2	
Wed Apr 26 09:53:54 2023,28.0, 0.00000,-7996.00000,362.00000,-944.00000,-9249.00000,2668.00000,1191.00000,-21.10000,34.00000,	2	
Wed Apr 26 09:53:55 2023,29.0, 0.00000,-7746.00000,60.00000,-1218.00000,-11264.00000,1906.00000,455.00000,-18.87000,35.12000,	2	
Wed Apr 26 09:53:55 2023,30.0, 0.00000,-8126.00000,-310.00000,114.00000,-10524.00000,-2891.00000,-245.00000,-20.30000,36.22000,	2	
Wed Apr 26 09:53:55 2023,31.0, 0.00000,-7242.00000,-106.00000,704.00000,-5996.00000,-6594.00000,-1429.00000,-21.69000,37.29000,	2	
Wed Apr 26 09:53:55 2023,32.0, 0.00000,-7158.00000,-2000.00000,3936.00000,-7177.00000,-6977.00000,-163.00000,-23.06000,38.35000,	2	
Wed Apr 26 09:53:55 2023,33.0, 0.00000,-6534.00000,-2050.00000,7208.00000,-1473.00000,-2912.00000,423.00000,-24.40000,39.38000,	2	
Wed Apr 26 09:53:55 2023,34.0, 0.00000,-2272.00000,-8844.00000,15492.00000,11111.00000,397.00000,750.00000,-25.71000,40.39000,	2	
Wed Apr 26 09:53:55 2023,35.0, 0.00000,-1324.00000,-16748.00000,2566.00000,32767.00000,5803.00000,-12209.00000,-27.00000,41.39000,	2	
Wed Apr 26 09:53:55 2023,36.0, 0.00000,-19398.00000,-6590.00000,-25800.00000,11656.00000,5318.00000,4333.00000,-28.26000,42.36000,	2	
Wed Apr 26 09:53:55 2023,37.0, 0.00000,-6630.00000,-3340.00000,982.00000,-20288.00000,2663.00000,-5546.00000,-29.49000,43.31000,	2	
Wed Apr 26 09:53:56 2023,38.0, 0.00000,-7964.00000,-748.00000,2484.00000,-10458.00000,-1619.00000,-1650.00000,-30.71000,44.25000,	2	
Wed Apr 26 09:53:56 2023,39.0, 0.00000,-7176.00000,54.00000,1972.00000,-8107.00000,-2529.00000,-846.00000,-28.29000,45.16000,	2	
Wed Apr 26 09:53:56 2023,40.0, 0.00000,-7126.00000,-676.00000,2546.00000,-7677.00000,-504.00000,62.00000,-29.53000,46.06000,	2	
Wed Apr 26 09:53:56 2023,41.0, 0.00000,-7592.00000,-334.00000,2418.00000,-4447.00000,-2195.00000,-767.00000,-30.74000,46.94000,	2	
Wed Apr 26 09:53:56 2023,42.0, 0.00000,-7578.00000,-290.00000,2798.00000,-3453.00000,-1689.00000,-100.00000,-31.92000,47.80000,	2	
Wed Apr 26 09:53:56 2023,43.0, 0.00000,-7000.00000,-920.00000,4304.00000,-1458.00000,-2344.00000,40.00000,-33.08000,48.65000,	2	
Wed Apr 26 09:53:56 2023,44.0, 0.00000,-6472.00000,-2076.00000,7574.00000,3405.00000,447.00000,-33.00000,-34.22000,49.48000,	2	
Wed Apr 26 09:53:56 2023,45.0, 0.00000,-2514.00000,-7516.00000,12822.00000,12124.00000,1032.00000,2582.00000,-35.34000,50.29000,	2	
Wed Apr 26 09:53:57 2023,46.0, 0.00000,-6532.00000,-14284.00000,-7570.00000,32767.00000,1783.00000,-13803.00000,-36.43000,51.08000,	2	
Wed Apr 26 09:53:57 2023,47.0, 0.00000,-14132.00000,-2948.00000,-21102.00000,-517.00000,8557.00000,11298.00000,-37.51000,51.86000,	2	
Wed Apr 26 09:53:57 2023,48.0, 0.00000,-8532.00000,-2450.00000,-788.00000,-17663.00000,3051.00000,-6265.00000,-38.56000,52.63000,	2	
Wed Apr 26 09:53:57 2023,49.0, 0.00000,-7706.00000,-556.00000,836.00000,-13484.00000,1342.00000,-1119.00000,-39.59000,53.37000,	2	
Wed Apr 26 09:53:57 2023,50.0, 0.00000,-6886.00000,-256.00000,2348.00000,-9190.00000,-230.00000,-662.00000,-40.60000,54.11000,	2	
Wed Apr 26 09:53:57 2023,51.0, 0.00000,-7326.00000,-328.00000,3104.00000,-6247.00000,-852.00000,-392.00000,-41.59000,54.83000,	2	
Wed Apr 26 09:53:57 2023,52.0, 0.00000,-7456.00000,226.00000,3504.00000,-3022.00000,-1223.00000,141.00000,-38.95000,55.53000,	2	
Wed Apr 26 09:53:57 2023,53.0, 0.00000,-7934.00000,522.00000,3316.00000,-518.00000,-1192.00000,4.00000,-36.37000,56.22000,	2	
Wed Apr 26 09:53:58 2023,54.0, 0.00000,-6462.00000,-876.00000,7826.00000,876.00000,-2643.00000,414.00000,-37.45000,56.90000,	2	
Wed Apr 26 09:53:58 2023,55.0, 0.00000,-4064.00000,-7748.00000,13946.00000,20951.00000,287.00000,-1706.00000,-38.50000,57.56000,	2	
Wed Apr 26 09:53:58 2023,56.0, 0.00000,-7754.00000,-15048.00000,-9814.00000,32767.00000,8279.00000,-10836.00000,-39.53000,58.21000,	2	
Wed Apr 26 09:53:58 2023,57.0, 0.00000,-9426.00000,-3760.00000,-18110.00000,-9640.00000,-2129.00000,5717.00000,-40.54000,58.85000,	2	
Wed Apr 26 09:53:58 2023,58.0, 0.00000,-9222.00000,-1362.00000,-122.00000,-17703.00000,294.00000,-5817.00000,-41.53000,59.47000,	2	
Wed Apr 26 09:53:58 2023,59.0, 0.00000,-7376.00000,538.00000,-64.00000,-11667.00000,1396.00000,-2162.00000,-38.90000,60.08000,	2	
Wed Apr 26 09:53:58 2023,60.0, 0.00000,-6738.00000,-226.00000,914.00000,-8876.00000,-4140.00000,-1621.00000,-39.92000,60.68000,	2	
Wed Apr 26 09:53:58 2023,61.0, 0.00000,-6956.00000,-428.00000,1692.00000,-6679.00000,-2499.00000,-1555.00000,-40.92000,61.27000,	2	
Wed Apr 26 09:53:58 2023,62.0, 0.00000,-8558.00000,-622.00000,2094.00000,-4941.00000,-3838.00000,-746.00000,-41.91000,61.84000,	2	
Wed Apr 26 09:53:59 2023,63.0, 0.00000,-8070.00000,-396.00000,3328.00000,-3834.00000,-4134.00000,818.00000,-42.87000,62.41000,	2	
Wed Apr 26 09:53:59 2023,64.0, 0.00000,-6848.00000,-590.00000,5616.00000,-2244.00000,-4008.00000,1510.00000,-43.81000,62.96000,	2	
Wed Apr 26 09:53:59 2023,65.0, 0.00000,-5402.00000,-3140.00000,9900.00000,2530.00000,-738.00000,1043.00000,-44.74000,63.50000,	2	
Wed Apr 26 09:53:59 2023,66.0, 0.00000,-2652.00000,-11138.00000,9266.00000,32767.00000,732.00000,-3353.00000,-45.64000,64.03000,	2	
Wed Apr 26 09:53:59 2023,67.0, 0.00000,-14442.00000,-15862.00000,-18072.00000,32767.00000,11449.00000,-6513.00000,-46.53000,64.55000,	2	
Wed Apr 26 09:53:59 2023,68.0, 0.00000,-4918.00000,-2250.00000,-11590.00000,-19779.00000,-1148.00000,3693.00000,-47.40000,65.06000,	2	
Wed Apr 26 09:53:59 2023,69.0, 0.00000,-8824.00000,-1376.00000,-716.00000,-16406.00000,3861.00000,-3663.00000,-48.25000,65.56000,	2	
Wed Apr 26 09:53:59 2023,70.0, 0.00000,-6590.00000,-70.00000,-300.00000,-13755.00000,2242.00000,-2307.00000,-49.09000,66.05000,	2	
Wed Apr 26 09:53:59 2023,71.0, 0.00000,-7978.00000,-488.00000,1350.00000,-9499.00000,-3844.00000,-2464.00000,-49.91000,66.53000,	2	
Wed Apr 26 09:54:00 2023,72.0, 0.00000,-7982.00000,-332.00000,2628.00000,-6013.00000,-4940.00000,-1862.00000,-50.71000,67.00000,	2	
Wed Apr 26 09:54:00 2023,73.0, 0.00000,-7872.00000,-184.00000,4110.00000,-3167.00000,-2755.00000,-200.00000,-51.50000,67.46000,	2	
Wed Apr 26 09:54:00 2023,74.0, 0.00000,-7004.00000,194.00000,5490.00000,413.00000,-1932.00000,575.00000,-48.67000,67.92000,	2	
Wed Apr 26 09:54:00 2023,75.0, 0.00000,-4170.00000,-3136.00000,10664.00000,7170.00000,-1715.00000,1528.00000,-49.50000,68.36000,	2	
Wed Apr 26 09:54:00 2023,76.0, 0.00000,-3288.00000,-13324.00000,6118.00000,32767.00000,2153.00000,-6804.00000,-50.31000,68.79000,	2	
Wed Apr 26 09:54:00 2023,77.0, 0.00000,-16062.00000,-11178.00000,-24596.00000,31590.00000,11331.00000,3039.00000,-51.10000,69.22000,	2	
Wed Apr 26 09:54:00 2023,78.0, 0.00000,-3836.00000,-2694.00000,-3796.00000,-24086.00000,944.00000,-2622.00000,-51.88000,69.63000,	2	
Wed Apr 26 09:54:00 2023,79.0, 0.00000,-8176.00000,-980.00000,870.00000,-9479.00000,2363.00000,-1887.00000,-52.64000,70.04000,	2	
Wed Apr 26 09:54:01 2023,80.0, 0.00000,-7732.00000,276.00000,-1604.00000,-9791.00000,1330.00000,-124.00000,-49.79000,70.44000,	2	
Wed Apr 26 09:54:01 2023,81.0, 0.00000,-7600.00000,810.00000,-1222.00000,-8548.00000,950.00000,-1910.00000,-46.99000,70.83000,	2	
Wed Apr 26 09:54:01 2023,82.0, 0.00000,-8118.00000,332.00000,620.00000,-8417.00000,-3069.00000,-826.00000,-44.25000,71.22000,	2	
Wed Apr 26 09:54:01 2023,83.0, 0.00000,-7860.00000,214.00000,2582.00000,-5941.00000,-4005.00000,838.00000,-41.57000,71.60000,	2	
Wed Apr 26 09:54:01 2023,84.0, 0.00000,-7370.00000,780.00000,3016.00000,-4643.00000,-3306.00000,539.00000,-38.93000,71.96000,	2	
Wed Apr 26 09:54:01 2023,85.0, 0.00000,-6472.00000,784.00000,4940.00000,-3344.00000,-3166.00000,125.00000,-36.35000,72.33000,	2	
Wed Apr 26 09:54:01 2023,86.0, 0.00000,-5624.00000,-4248.00000,11764.00000,-3593.00000,2503.00000,333.00000,-37.43000,72.68000,	2	
Wed Apr 26 09:54:01 2023,87.0, 0.00000,-1406.00000,-12986.00000,12062.00000,23470.00000,3282.00000,-3103.00000,-38.48000,73.03000,	2	
Wed Apr 26 09:54:01 2023,88.0, 0.00000,-13602.00000,-18164.00000,-14686.00000,32767.00000,12864.00000,-11378.00000,-39.51000,73.37000,	2	
Wed Apr 26 09:54:02 2023,89.0, 0.00000,-5344.00000,-1112.00000,-14422.00000,-17905.00000,-5129.00000,3448.00000,-40.52000,73.70000,	2	
Wed Apr 26 09:54:02 2023,90.0, 0.00000,-9480.00000,-3014.00000,2686.00000,-19265.00000,269.00000,-1970.00000,-41.51000,74.03000,	2	
Wed Apr 26 09:54:02 2023,91.0, 0.00000,-7012.00000,762.00000,2360.00000,-9321.00000,-1280.00000,337.00000,-38.88000,74.35000,	2	
Wed Apr 26 09:54:02 2023,92.0, 0.00000,-7046.00000,1222.00000,1508.00000,-5687.00000,-545.00000,-1188.00000,-36.30000,74.66000,	2	
Wed Apr 26 09:54:02 2023,93.0, 0.00000,-7872.00000,860.00000,1162.00000,-5245.00000,-2171.00000,-1013.00000,-33.78000,74.97000,	2	
Wed Apr 26 09:54:02 2023,94.0, 0.00000,-7496.00000,230.00000,1928.00000,-5646.00000,-3608.00000,569.00000,-31.30000,75.27000,	2	
Wed Apr 26 09:54:02 2023,95.0, 0.00000,-7438.00000,26.00000,2790.00000,-4004.00000,-2547.00000,520.00000,-28.87000,75.57000,	2	
Wed Apr 26 09:54:02 2023,96.0, 0.00000,-6754.00000,144.00000,3556.00000,-4934.00000,-3581.00000,208.00000,-26.49000,75.86000,	2	
Wed Apr 26 09:54:03 2023,97.0, 0.00000,-4432.00000,-2358.00000,7880.00000,-9262.00000,-2338.00000,-674.00000,-27.77000,76.14000,	2	
Wed Apr 26 09:54:03 2023,98.0, 0.00000,-1724.00000,-13858.00000,14640.00000,21248.00000,3138.00000,132.00000,-29.01000,76.42000,	2	
Wed Apr 26 09:54:03 2023,99.0, 0.00000,-4634.00000,-23242.00000,-10532.00000,32767.00000,9151.00000,-16397.00000,-30.23000,76.69000,	2	
Wed Apr 26 09:54:03 2023,100.0, 0.00000,-10322.00000,-4204.00000,-22518.00000,-4586.00000,-169.00000,4261.00000,-31.43000,76.96000,	2	
Wed Apr 26 09:54:03 2023,101.0, 0.00000,-7988.00000,-3836.00000,1370.00000,-21456.00000,-2069.00000,-5334.00000,-32.60000,77.22000,	2	
Wed Apr 26 09:54:03 2023,102.0, 0.00000,-6942.00000,150.00000,1548.00000,-8636.00000,-1827.00000,1014.00000,-30.15000,77.48000,	2	
Wed Apr 26 09:54:03 2023,103.0, 0.00000,-7632.00000,660.00000,1764.00000,-9224.00000,-2603.00000,-226.00000,-27.74000,77.73000,	2	
Wed Apr 26 09:54:03 2023,104.0, 0.00000,-7990.00000,748.00000,1618.00000,-5778.00000,-619.00000,-142.00000,-25.39000,77.97000,	2	
Wed Apr 26 09:54:04 2023,105.0, 0.00000,-7830.00000,432.00000,2282.00000,-4813.00000,-597.00000,763.00000,-23.08000,78.22000,	2	
Wed Apr 26 09:54:04 2023,106.0, 0.00000,-7506.00000,68.00000,3046.00000,-3687.00000,-989.00000,714.00000,-20.82000,78.45000,	2	
Wed Apr 26 09:54:04 2023,107.0, 0.00000,-7374.00000,640.00000,2400.00000,-2212.00000,476.00000,695.00000,-18.60000,78.68000,	2	
Wed Apr 26 09:54:04 2023,108.0, 0.00000,-6688.00000,452.00000,3148.00000,-3551.00000,-2205.00000,-614.00000,-16.43000,78.91000,	2	
Wed Apr 26 09:54:04 2023,109.0, 0.00000,-6254.00000,-1032.00000,5958.00000,-1745.00000,-954.00000,-1227.00000,-17.90000,79.13000,	2	
Wed Apr 26 09:54:04 2023,110.0, 0.00000,-3008.00000,-9030.00000,14022.00000,8993.00000,2561.00000,3934.00000,-19.34000,79.35000,	2	
Wed Apr 26 09:54:04 2023,111.0, 0.00000,-4706.00000,-16580.00000,-3810.00000,32767.00000,1740.00000,-11757.00000,-20.76000,79.57000,	2	
Wed Apr 26 09:54:04 2023,112.0, 0.00000,-14628.00000,-6800.00000,-24738.00000,12341.00000,5457.00000,7408.00000,-22.14000,79.78000,	2	
Wed Apr 26 09:54:04 2023,113.0, 0.00000,-5852.00000,-2272.00000,1568.00000,-22929.00000,-959.00000,-5054.00000,-23.50000,79.98000,	2	
Wed Apr 26 09:54:05 2023,114.0, 0.00000,-8212.00000,608.00000,2708.00000,-6045.00000,1788.00000,-2082.00000,-21.23000,80.18000,	2	
Wed Apr 26 09:54:05 2023,115.0, 0.00000,-8168.00000,1764.00000,924.00000,-1512.00000,2155.00000,-213.00000,-19.00000,80.38000,	2	
Wed Apr 26 09:54:05 2023,116.0, 0.00000,-7472.00000,1496.00000,-1012.00000,1800.00000,3107.00000,563.00000,-16.82000,80.57000,	2	
Wed Apr 26 09:54:05 2023,117.0, 0.00000,-8008.00000,892.00000,-2300.00000,1480.00000,1308.00000,-75.00000,-14.69000,80.76000,	2	
Wed Apr 26 09:54:05 2023,118.0, 0.00000,-8226.00000,694.00000,-2664.00000,433.00000,438.00000,-50.00000,-12.59000,80.95000,	2	
Wed Apr 26 09:54:05 2023,119.0, 0.00000,-7962.00000,1026.00000,-2358.00000,-566.00000,184.00000,144.00000,-10.54000,81.13000,	2	
Wed Apr 26 09:54:05 2023,120.0, 0.00000,-7848.00000,1074.00000,-2334.00000,54.00000,160.00000,179.00000,-8.53000,81.31000,	2	
Wed Apr 26 09:54:05 2023,121.0, 0.00000,-7870.00000,962.00000,-2332.00000,-455.00000,-136.00000,168.00000,-6.55000,81.48000,	2	
Wed Apr 26 09:54:06 2023,122.0, 0.00000,-7976.00000,960.00000,-2182.00000,-352.00000,-65.00000,-50.00000,-4.62000,81.65000,	2	
Wed Apr 26 09:54:06 2023,123.0, 0.00000,-7976.00000,1150.00000,-2234.00000,-18.00000,-30.00000,279.00000,-2.73000,81.82000,	2	
Wed Apr 26 09:54:06 2023,124.0, 0.00000,-7826.00000,1114.00000,-2272.00000,-264.00000,104.00000,152.00000,-0.87000,81.99000,	2	
Wed Apr 26 09:54:06 2023,125.0, 0.00000,-7940.00000,1110.00000,-2036.00000,-234.00000,129.00000,-76.00000,0.94000,82.15000,	2	
Wed Apr 26 09:54:06 2023,126.0, 0.00000,-7926.00000,990.00000,-2278.00000,37.00000,159.00000,-219.00000,2.73000,82.31000,	2	
Wed Apr 26 09:54:06 2023,127.0, 0.00000,-7860.00000,922.00000,-2288.00000,-140.00000,318.00000,-52.00000,4.47000,82.46000,	2	
Wed Apr 26 09:54:06 2023,128.0, 0.00000,-8026.00000,848.00000,-2046.00000,-350.00000,-36.00000,-415.00000,6.18000,82.61000,	2	
Wed Apr 26 09:54:06 2023,129.0, 0.00000,-8030.00000,764.00000,-2128.00000,-94.00000,42.00000,-169.00000,7.86000,82.76000,	2	
Wed Apr 26 09:54:07 2023,130.0, 0.00000,-7962.00000,950.00000,-1932.00000,-245.00000,197.00000,190.00000,9.51000,82.91000,	0	
Wed Apr 26 09:54:07 2023,131.0, 0.00000,-8006.00000,732.00000,-1992.00000,-118.00000,-135.00000,-284.00000,11.12000,83.05000,	0	
Wed Apr 26 09:54:07 2023,132.0, 0.00000,-9012.00000,-260.00000,-3930.00000,-2962.00000,-623.00000,119.00000,9.09000,83.19000,	0	
Wed Apr 26 09:54:07 2023,133.0, 0.00000,-7282.00000,1376.00000,-2500.00000,-11143.00000,-4198.00000,1723.00000,10.71000,83.33000,	0	
Wed Apr 26 09:54:07 2023,134.0, 0.00000,-6222.00000,748.00000,880.00000,-11241.00000,-4237.00000,-2730.00000,12.30000,83.46000,	0	
Wed Apr 26 09:54:07 2023,135.0, 0.00000,-8466.00000,-790.00000,2122.00000,-8061.00000,-1959.00000,-709.00000,10.25000,83.59000,	0	
Wed Apr 26 09:54:07 2023,136.0, 0.00000,-6964.00000,-818.00000,2882.00000,-4583.00000,-401.00000,-1360.00000,8.25000,83.72000,	0	
Wed Apr 26 09:54:07 2023,137.0, 0.00000,-7396.00000,-2728.00000,4192.00000,-2786.00000,-32.00000,-2807.00000,6.28000,83.85000,	0	
Wed Apr 26 09:54:07 2023,138.0, 0.00000,-17694.00000,-16122.00000,6874.00000,2019.00000,-1788.00000,6728.00000,4.35000,83.97000,	0	
Wed Apr 26 09:54:07 2023,139.0, 0.00000,5386.00000,-11540.00000,-6124.00000,28522.00000,-1609.00000,32767.00000,2.47000,80.49000,	0	
Wed Apr 26 09:54:08 2023,140.0, 0.00000,22540.00000,4822.00000,-10302.00000,5183.00000,2351.00000,-13859.00000,4.22000,77.08000,	0	
Wed Apr 26 09:54:08 2023,141.0, 0.00000,-5066.00000,5040.00000,-2298.00000,-8945.00000,-13268.00000,-27466.00000,5.93000,77.34000,	0	
Wed Apr 26 09:54:08 2023,142.0, 0.00000,-7560.00000,2596.00000,2162.00000,-257.00000,-8325.00000,-17115.00000,7.62000,77.59000,	0	
Wed Apr 26 09:54:08 2023,143.0, 0.00000,-9616.00000,-1194.00000,2650.00000,168.00000,-4137.00000,-11437.00000,5.66000,77.84000,	0	
Wed Apr 26 09:54:08 2023,144.0, 0.00000,-9404.00000,-1568.00000,3450.00000,643.00000,-3009.00000,-2913.00000,3.75000,78.09000,	0	
Wed Apr 26 09:54:08 2023,145.0, 0.00000,-7496.00000,-524.00000,3144.00000,243.00000,-456.00000,-1150.00000,1.87000,78.33000,	0	
Wed Apr 26 09:54:08 2023,146.0, 0.00000,-7230.00000,-448.00000,2422.00000,1386.00000,-312.00000,-3183.00000,0.03000,78.56000,	0	
Wed Apr 26 09:54:08 2023,147.0, 0.00000,-8584.00000,-2184.00000,3156.00000,688.00000,290.00000,-2068.00000,-1.77000,78.79000,	0	
Wed Apr 26 09:54:08 2023,148.0, 0.00000,-16086.00000,-14078.00000,8644.00000,-3232.00000,-5931.00000,15510.00000,-3.53000,79.02000,	0	
Wed Apr 26 09:54:09 2023,149.0, 0.00000,7916.00000,-7986.00000,-5514.00000,23810.00000,8063.00000,32767.00000,-5.26000,75.63000,	0	
Wed Apr 26 09:54:09 2023,150.0, 0.00000,18478.00000,4050.00000,-7002.00000,8923.00000,-533.00000,-18972.00000,-3.36000,72.32000,	0	
Wed Apr 26 09:54:09 2023,151.0, 0.00000,-5030.00000,2416.00000,1836.00000,-19965.00000,8042.00000,-25360.00000,-1.49000,72.68000,	0	
Wed Apr 26 09:54:09 2023,152.0, 0.00000,-7000.00000,3254.00000,1512.00000,2313.00000,3551.00000,-4032.00000,0.34000,73.02000,	0	
Wed Apr 26 09:54:09 2023,153.0, 0.00000,-7216.00000,3934.00000,-602.00000,2119.00000,-2213.00000,-5569.00000,2.14000,73.36000,	0	
Wed Apr 26 09:54:09 2023,154.0, 0.00000,-6970.00000,2992.00000,418.00000,-490.00000,-2107.00000,-6590.00000,3.89000,73.70000,	0	
Wed Apr 26 09:54:09 2023,155.0, 0.00000,-8350.00000,1224.00000,1882.00000,-1723.00000,-1981.00000,-5155.00000,5.62000,74.02000,	0	
Wed Apr 26 09:54:09 2023,156.0, 0.00000,-8636.00000,90.00000,2468.00000,-576.00000,-449.00000,-1095.00000,7.31000,74.34000,	0	
Wed Apr 26 09:54:10 2023,157.0, 0.00000,-8102.00000,590.00000,1796.00000,133.00000,300.00000,404.00000,8.96000,74.66000,	0	
Wed Apr 26 09:54:10 2023,158.0, 0.00000,-7768.00000,742.00000,1678.00000,69.00000,45.00000,353.00000,10.58000,74.97000,	0	
Wed Apr 26 09:54:10 2023,159.0, 0.00000,-7810.00000,864.00000,1514.00000,-147.00000,80.00000,218.00000,12.17000,75.27000,	0	
Wed Apr 26 09:54:10 2023,160.0, 0.00000,-7794.00000,964.00000,1736.00000,-169.00000,-203.00000,280.00000,13.73000,75.56000,	0	
Wed Apr 26 09:54:10 2023,161.0, 0.00000,-7866.00000,886.00000,1754.00000,-204.00000,188.00000,162.00000,15.26000,75.85000,	0	
Wed Apr 26 09:54:10 2023,162.0, 0.00000,-7926.00000,874.00000,1704.00000,148.00000,47.00000,114.00000,16.75000,76.14000,	0	
Wed Apr 26 09:54:10 2023,163.0, 0.00000,-7710.00000,958.00000,1888.00000,-20.00000,372.00000,130.00000,18.22000,76.41000,	0	
Wed Apr 26 09:54:10 2023,164.0, 0.00000,-7874.00000,958.00000,1656.00000,199.00000,210.00000,-246.00000,19.65000,76.69000,	0	
Wed Apr 26 09:54:11 2023,165.0, 0.00000,-7848.00000,938.00000,1642.00000,34.00000,253.00000,285.00000,21.06000,76.95000,	0	
Wed Apr 26 09:54:11 2023,166.0, 0.00000,-7810.00000,766.00000,1738.00000,108.00000,288.00000,58.00000,22.44000,77.22000,	0	
Wed Apr 26 09:54:11 2023,167.0, 0.00000,-7746.00000,1066.00000,1676.00000,197.00000,374.00000,165.00000,23.79000,77.47000,	0	
Wed Apr 26 09:54:11 2023,168.0, 0.00000,-7876.00000,946.00000,1500.00000,62.00000,295.00000,52.00000,25.12000,77.72000,	0	
Wed Apr 26 09:54:11 2023,169.0, 0.00000,-7848.00000,986.00000,1442.00000,108.00000,328.00000,110.00000,26.42000,77.97000,	0	
Wed Apr 26 09:54:11 2023,170.0, 0.00000,-7810.00000,858.00000,1556.00000,126.00000,317.00000,-100.00000,27.69000,78.21000,	0	
Wed Apr 26 09:54:11 2023,171.0, 0.00000,-7994.00000,926.00000,1360.00000,216.00000,390.00000,24.00000,28.94000,78.45000,	0	
Wed Apr 26 09:54:11 2023,172.0, 0.00000,-7888.00000,350.00000,1650.00000,124.00000,255.00000,79.00000,30.16000,78.68000,	1	
Wed Apr 26 09:54:11 2023,173.0, 0.00000,-8066.00000,-1266.00000,1730.00000,1764.00000,248.00000,1581.00000,27.75000,78.91000,	1	
Wed Apr 26 09:54:12 2023,174.0, 0.00000,-8014.00000,1134.00000,808.00000,1708.00000,448.00000,1102.00000,29.00000,79.13000,	1	
Wed Apr 26 09:54:12 2023,175.0, 0.00000,-7846.00000,2078.00000,910.00000,298.00000,3032.00000,1184.00000,30.22000,79.35000,	1	
Wed Apr 26 09:54:12 2023,176.0, 0.00000,-8872.00000,4352.00000,346.00000,1304.00000,2326.00000,-635.00000,31.42000,79.56000,	1	
Wed Apr 26 09:54:12 2023,177.0, 0.00000,-6886.00000,11562.00000,-2260.00000,2931.00000,8706.00000,4970.00000,32.59000,79.77000,	1	
Wed Apr 26 09:54:12 2023,178.0, 0.00000,-2360.00000,8624.00000,-4554.00000,1316.00000,-1381.00000,-11043.00000,33.74000,79.98000,	1	
Wed Apr 26 09:54:12 2023,179.0, 0.00000,-8284.00000,-22410.00000,256.00000,-24704.00000,-633.00000,-11836.00000,31.26000,80.18000,	1	
Wed Apr 26 09:54:12 2023,180.0, 0.00000,-5580.00000,-6208.00000,-2478.00000,19088.00000,-1310.00000,2604.00000,28.84000,80.38000,	1	
Wed Apr 26 09:54:12 2023,181.0, 0.00000,-8172.00000,-290.00000,-504.00000,7515.00000,825.00000,604.00000,26.46000,80.57000,	1	
Wed Apr 26 09:54:12 2023,182.0, 0.00000,-7724.00000,1694.00000,208.00000,2832.00000,1412.00000,3635.00000,27.73000,80.76000,	1	
Wed Apr 26 09:54:13 2023,183.0, 0.00000,-6874.00000,3556.00000,-184.00000,354.00000,1263.00000,2407.00000,28.98000,80.95000,	1	
Wed Apr 26 09:54:13 2023,184.0, 0.00000,-8388.00000,3184.00000,-14.00000,-1692.00000,-603.00000,631.00000,30.20000,81.13000,	1	
Wed Apr 26 09:54:13 2023,185.0, 0.00000,-8120.00000,3382.00000,520.00000,-832.00000,207.00000,1130.00000,31.40000,81.31000,	1	
Wed Apr 26 09:54:13 2023,186.0, 0.00000,-8178.00000,3774.00000,-526.00000,1884.00000,2354.00000,426.00000,32.57000,81.48000,	1	
Wed Apr 26 09:54:13 2023,187.0, 0.00000,-8332.00000,6846.00000,-2154.00000,-73.00000,3585.00000,658.00000,33.72000,81.65000,	1	
Wed Apr 26 09:54:13 2023,188.0, 0.00000,-4068.00000,10774.00000,-4156.00000,1224.00000,5215.00000,-7005.00000,34.85000,81.82000,	1	
Wed Apr 26 09:54:13 2023,189.0, 0.00000,-4990.00000,-14604.00000,-3082.00000,-18076.00000,-19537.00000,-11020.00000,32.35000,81.98000,	1	
Wed Apr 26 09:54:13 2023,190.0, 0.00000,-6656.00000,-9756.00000,2818.00000,5061.00000,-2066.00000,3755.00000,29.90000,82.15000,	1	
Wed Apr 26 09:54:13 2023,191.0, 0.00000,-7106.00000,-2048.00000,-1180.00000,4195.00000,2734.00000,3286.00000,27.50000,82.30000,	1	
Wed Apr 26 09:54:14 2023,192.0, 0.00000,-8758.00000,116.00000,-162.00000,3115.00000,1251.00000,3015.00000,28.75000,82.46000,	1	
Wed Apr 26 09:54:14 2023,193.0, 0.00000,-7734.00000,2672.00000,-40.00000,2366.00000,701.00000,4317.00000,29.98000,82.61000,	1	
Wed Apr 26 09:54:14 2023,194.0, 0.00000,-7290.00000,3358.00000,-162.00000,802.00000,-58.00000,2675.00000,31.18000,82.76000,	1	
Wed Apr 26 09:54:14 2023,195.0, 0.00000,-7638.00000,3556.00000,-818.00000,-251.00000,-584.00000,727.00000,32.36000,82.90000,	1	
Wed Apr 26 09:54:14 2023,196.0, 0.00000,-8478.00000,4238.00000,-96.00000,42.00000,743.00000,-1180.00000,33.51000,83.05000,	1	
Wed Apr 26 09:54:14 2023,197.0, 0.00000,-8050.00000,3760.00000,-2284.00000,655.00000,3052.00000,1635.00000,34.64000,83.19000,	1	
Wed Apr 26 09:54:14 2023,198.0, 0.00000,-7778.00000,7946.00000,-2874.00000,490.00000,5769.00000,403.00000,35.75000,83.32000,	1	
Wed Apr 26 09:54:14 2023,199.0, 0.00000,-1940.00000,12010.00000,-5358.00000,1065.00000,7554.00000,-9646.00000,36.83000,83.46000,	1	
Wed Apr 26 09:54:15 2023,200.0, 0.00000,-6742.00000,-21260.00000,-3106.00000,-17722.00000,-3586.00000,-13429.00000,34.30000,83.59000,	1	
Wed Apr 26 09:54:15 2023,201.0, 0.00000,-5802.00000,-6580.00000,-2978.00000,13705.00000,-2322.00000,5822.00000,31.81000,83.72000,	1	
Wed Apr 26 09:54:15 2023,202.0, 0.00000,-7736.00000,-224.00000,-2856.00000,5378.00000,831.00000,2051.00000,29.37000,83.85000,	1	
Wed Apr 26 09:54:15 2023,203.0, 0.00000,-7870.00000,1234.00000,-1146.00000,1366.00000,878.00000,3954.00000,30.59000,83.97000,	1	
Wed Apr 26 09:54:15 2023,204.0, 0.00000,-7474.00000,3770.00000,-1108.00000,925.00000,-78.00000,2487.00000,31.78000,84.09000,	1	
Wed Apr 26 09:54:15 2023,205.0, 0.00000,-8244.00000,3658.00000,-1098.00000,-1156.00000,-1438.00000,840.00000,32.94000,84.21000,	1	
Wed Apr 26 09:54:15 2023,206.0, 0.00000,-8224.00000,3196.00000,-488.00000,-537.00000,230.00000,224.00000,34.08000,84.33000,	1	
Wed Apr 26 09:54:15 2023,207.0, 0.00000,-8686.00000,2362.00000,-762.00000,969.00000,1726.00000,351.00000,35.20000,84.44000,	1	
Wed Apr 26 09:54:16 2023,208.0, 0.00000,-7780.00000,2760.00000,-1286.00000,111.00000,2031.00000,1570.00000,36.30000,84.55000,	1	
Wed Apr 26 09:54:16 2023,209.0, 0.00000,-8366.00000,5084.00000,-2346.00000,727.00000,2016.00000,731.00000,37.37000,84.66000,	1	
Wed Apr 26 09:54:16 2023,210.0, 0.00000,-3568.00000,16068.00000,-7236.00000,3984.00000,4548.00000,-5668.00000,38.43000,84.77000,	1	
Wed Apr 26 09:54:16 2023,211.0, 0.00000,594.00000,-11074.00000,-4252.00000,-12922.00000,-12256.00000,-10620.00000,35.86000,81.28000,	1	
Wed Apr 26 09:54:16 2023,212.0, 0.00000,-7792.00000,-11034.00000,4340.00000,5051.00000,-2003.00000,12040.00000,33.34000,81.45000,	1	
Wed Apr 26 09:54:16 2023,213.0, 0.00000,-6734.00000,-1016.00000,-2866.00000,2923.00000,5795.00000,5435.00000,30.87000,81.62000,	1	
Wed Apr 26 09:54:16 2023,214.0, 0.00000,-7746.00000,720.00000,-1548.00000,-708.00000,1034.00000,3807.00000,32.06000,81.79000,	1	
Wed Apr 26 09:54:16 2023,215.0, 0.00000,-7022.00000,2326.00000,-1020.00000,-729.00000,-1317.00000,3711.00000,33.22000,81.96000,	1	
Wed Apr 26 09:54:16 2023,216.0, 0.00000,-8362.00000,3184.00000,-278.00000,473.00000,-2266.00000,848.00000,34.35000,82.12000,	1	
Wed Apr 26 09:54:17 2023,217.0, 0.00000,-8980.00000,2556.00000,100.00000,753.00000,-797.00000,756.00000,35.47000,82.28000,	1	
Wed Apr 26 09:54:17 2023,218.0, 0.00000,-7834.00000,2712.00000,-240.00000,931.00000,750.00000,740.00000,36.56000,82.43000,	1	
Wed Apr 26 09:54:17 2023,219.0, 0.00000,-7522.00000,2366.00000,-368.00000,1057.00000,479.00000,-23.00000,37.63000,82.58000,	1	
Wed Apr 26 09:54:17 2023,220.0, 0.00000,-9764.00000,2618.00000,-806.00000,2923.00000,548.00000,-936.00000,38.68000,82.73000,	1	
Wed Apr 26 09:54:17 2023,221.0, 0.00000,-4756.00000,21358.00000,-8184.00000,962.00000,12648.00000,-2275.00000,39.70000,82.88000,	1	
Wed Apr 26 09:54:17 2023,222.0, 0.00000,3630.00000,-9380.00000,-4442.00000,-16724.00000,-12564.00000,-13752.00000,37.11000,79.42000,	1	
Wed Apr 26 09:54:17 2023,223.0, 0.00000,-5652.00000,-14062.00000,2814.00000,17902.00000,2256.00000,17715.00000,34.57000,79.63000,	1	
Wed Apr 26 09:54:17 2023,224.0, 0.00000,-6622.00000,-614.00000,-3764.00000,6776.00000,5166.00000,4701.00000,32.07000,79.84000,	1	
Wed Apr 26 09:54:17 2023,225.0, 0.00000,-7582.00000,-150.00000,-2072.00000,2676.00000,1967.00000,2582.00000,29.63000,80.05000,	1	
Wed Apr 26 09:54:18 2023,226.0, 0.00000,-7918.00000,1136.00000,-2390.00000,1634.00000,-1880.00000,3872.00000,30.84000,80.25000,	1	
Wed Apr 26 09:54:18 2023,227.0, 0.00000,-8040.00000,1720.00000,398.00000,-1289.00000,-3492.00000,2686.00000,32.02000,80.44000,	1	
Wed Apr 26 09:54:18 2023,228.0, 0.00000,-8306.00000,2892.00000,810.00000,290.00000,-1921.00000,2546.00000,33.18000,80.63000,	1	
Wed Apr 26 09:54:18 2023,229.0, 0.00000,-7762.00000,3248.00000,564.00000,-870.00000,1577.00000,966.00000,34.32000,80.82000,	1	
Wed Apr 26 09:54:18 2023,230.0, 0.00000,-8036.00000,2786.00000,8.00000,741.00000,334.00000,861.00000,35.44000,81.01000,	1	
Wed Apr 26 09:54:18 2023,231.0, 0.00000,-7480.00000,3100.00000,122.00000,759.00000,372.00000,678.00000,36.53000,81.19000,	1	
Wed Apr 26 09:54:18 2023,232.0, 0.00000,-7390.00000,3648.00000,-430.00000,409.00000,-94.00000,426.00000,37.60000,81.36000,	1	
Wed Apr 26 09:54:18 2023,233.0, 0.00000,-7646.00000,2814.00000,320.00000,-461.00000,161.00000,-468.00000,38.65000,81.54000,	1	
Wed Apr 26 09:54:19 2023,234.0, 0.00000,-8064.00000,2530.00000,194.00000,-270.00000,668.00000,20.00000,39.67000,81.71000,	1	
Wed Apr 26 09:54:19 2023,235.0, 0.00000,-7898.00000,2644.00000,-28.00000,242.00000,435.00000,614.00000,40.68000,81.88000,	1	
Wed Apr 26 09:54:19 2023,236.0, 0.00000,-7394.00000,3034.00000,-234.00000,233.00000,281.00000,180.00000,41.67000,82.04000,	1	
Wed Apr 26 09:54:19 2023,237.0, 0.00000,-7620.00000,2878.00000,-64.00000,368.00000,31.00000,-426.00000,42.64000,82.20000,	1	
Wed Apr 26 09:54:19 2023,238.0, 0.00000,-7850.00000,2704.00000,-254.00000,286.00000,4.00000,-59.00000,43.59000,82.36000,	1	
Wed Apr 26 09:54:19 2023,239.0, 0.00000,-7772.00000,2662.00000,-254.00000,-290.00000,156.00000,168.00000,44.51000,82.51000,	1	
Wed Apr 26 09:54:19 2023,240.0, 0.00000,-7650.00000,2854.00000,116.00000,-98.00000,-20.00000,-42.00000,45.42000,82.66000,	1	
Wed Apr 26 09:54:19 2023,241.0, 0.00000,-7696.00000,2788.00000,178.00000,94.00000,97.00000,-57.00000,46.32000,82.81000,	1	
Wed Apr 26 09:54:19 2023,242.0, 0.00000,-7726.00000,2676.00000,-64.00000,237.00000,209.00000,-174.00000,47.19000,82.95000,	1	
Wed Apr 26 09:54:20 2023,243.0, 0.00000,-7834.00000,2548.00000,24.00000,106.00000,55.00000,-115.00000,48.05000,83.09000,	1	
Wed Apr 26 09:54:20 2023,244.0, 0.00000,-7592.00000,2770.00000,-62.00000,23.00000,396.00000,-2.00000,48.89000,83.23000,	1	
Wed Apr 26 09:54:20 2023,245.0, 0.00000,-7732.00000,2574.00000,-126.00000,321.00000,37.00000,-58.00000,49.71000,83.37000,	1	
Wed Apr 26 09:54:20 2023,246.0, 0.00000,-7786.00000,2526.00000,-198.00000,150.00000,148.00000,-62.00000,50.52000,83.50000,	1	
Wed Apr 26 09:54:20 2023,247.0, 0.00000,-7806.00000,2448.00000,-78.00000,112.00000,213.00000,42.00000,51.31000,83.63000,	1	
Wed Apr 26 09:54:20 2023,248.0, 0.00000,-7838.00000,2474.00000,28.00000,121.00000,73.00000,-92.00000,52.08000,83.76000,	1	
Wed Apr 26 09:54:20 2023,249.0, 0.00000,-7778.00000,2566.00000,-96.00000,-146.00000,186.00000,-66.00000,52.84000,83.89000,	1	
Wed Apr 26 09:54:20 2023,250.0, 0.00000,-7770.00000,2454.00000,-98.00000,403.00000,156.00000,-25.00000,53.59000,84.01000,	1	
Wed Apr 26 09:54:21 2023,251.0, 0.00000,-8014.00000,2394.00000,-576.00000,290.00000,-193.00000,-209.00000,54.32000,84.13000,	2	
Wed Apr 26 09:54:21 2023,252.0, 0.00000,-10212.00000,1862.00000,-4642.00000,-1465.00000,-1857.00000,1449.00000,55.03000,84.25000,	2	
Wed Apr 26 09:54:21 2023,253.0, 0.00000,-7014.00000,3212.00000,-790.00000,-12053.00000,-3048.00000,1508.00000,55.73000,84.37000,	2	
Wed Apr 26 09:54:21 2023,254.0, 0.00000,-3454.00000,-2980.00000,12798.00000,-22319.00000,-2044.00000,11200.00000,52.82000,84.48000,	2	
Wed Apr 26 09:54:21 2023,255.0, 0.00000,4016.00000,-19898.00000,20624.00000,32767.00000,-7411.00000,-14870.00000,49.96000,80.99000,	2	
Wed Apr 26 09:54:21 2023,256.0, 0.00000,-25790.00000,-23266.00000,-15204.00000,32752.00000,15759.00000,-14507.00000,47.16000,81.17000,	2	
Wed Apr 26 09:54:21 2023,257.0, 0.00000,-4150.00000,1424.00000,-6290.00000,-11056.00000,-2489.00000,9097.00000,48.02000,81.35000,	2	
Wed Apr 26 09:54:21 2023,258.0, 0.00000,-7602.00000,504.00000,1596.00000,-9155.00000,1503.00000,-8257.00000,48.86000,81.52000,	2	
Wed Apr 26 09:54:21 2023,259.0, 0.00000,-9020.00000,1602.00000,-1736.00000,-5710.00000,-390.00000,692.00000,49.68000,81.69000,	2	
Wed Apr 26 09:54:22 2023,260.0, 0.00000,-7674.00000,2078.00000,-376.00000,-10060.00000,1466.00000,4152.00000,50.49000,81.86000,	2	
Wed Apr 26 09:54:22 2023,261.0, 0.00000,-7420.00000,2598.00000,544.00000,-7916.00000,638.00000,984.00000,51.28000,82.02000,	2	
Wed Apr 26 09:54:22 2023,262.0, 0.00000,-6868.00000,2982.00000,626.00000,-6473.00000,-286.00000,63.00000,52.05000,82.18000,	2	
Wed Apr 26 09:54:22 2023,263.0, 0.00000,-7324.00000,2870.00000,1314.00000,-5987.00000,-1645.00000,261.00000,52.81000,82.34000,	2	
Wed Apr 26 09:54:22 2023,264.0, 0.00000,-6944.00000,1676.00000,3110.00000,-6723.00000,-1517.00000,239.00000,53.56000,82.49000,	2	
Wed Apr 26 09:54:22 2023,265.0, 0.00000,-6812.00000,1904.00000,3722.00000,-2975.00000,-1917.00000,447.00000,54.29000,82.65000,	2	
Wed Apr 26 09:54:22 2023,266.0, 0.00000,-6798.00000,3346.00000,2890.00000,-1420.00000,364.00000,-1924.00000,55.00000,82.79000,	2	
Wed Apr 26 09:54:22 2023,267.0, 0.00000,-6702.00000,450.00000,4614.00000,-4503.00000,442.00000,-1871.00000,55.70000,82.94000,	2	
Wed Apr 26 09:54:22 2023,268.0, 0.00000,-6548.00000,-1594.00000,5020.00000,-3025.00000,-702.00000,-2112.00000,52.79000,83.08000,	2	
Wed Apr 26 09:54:23 2023,269.0, 0.00000,-6772.00000,-1836.00000,4622.00000,-307.00000,-351.00000,-991.00000,49.93000,83.22000,	2	
Wed Apr 26 09:54:23 2023,270.0, 0.00000,-228.00000,-8930.00000,19064.00000,-1442.00000,1772.00000,7795.00000,47.13000,83.36000,	2	
Wed Apr 26 09:54:23 2023,271.0, 0.00000,2144.00000,-18686.00000,6910.00000,32767.00000,4722.00000,-14107.00000,44.39000,79.89000,	2	
Wed Apr 26 09:54:23 2023,272.0, 0.00000,-19066.00000,-23572.00000,-13096.00000,32767.00000,11332.00000,-13275.00000,41.70000,80.09000,	2	
Wed Apr 26 09:54:23 2023,273.0, 0.00000,-4486.00000,-3618.00000,-12444.00000,-13281.00000,1777.00000,5115.00000,39.07000,80.29000,	2	
Wed Apr 26 09:54:23 2023,274.0, 0.00000,-8562.00000,-4558.00000,-2962.00000,-24052.00000,4626.00000,-6708.00000,36.48000,80.49000,	2	
Wed Apr 26 09:54:23 2023,275.0, 0.00000,-8168.00000,-2736.00000,854.00000,-22191.00000,-3274.00000,-486.00000,33.95000,80.68000,	2	
Wed Apr 26 09:54:23 2023,276.0, 0.00000,-6120.00000,-960.00000,2220.00000,-14077.00000,-9092.00000,-460.00000,31.47000,80.86000,	2	
Wed Apr 26 09:54:23 2023,277.0, 0.00000,-6212.00000,-1962.00000,3764.00000,-10518.00000,-3567.00000,-1411.00000,29.04000,81.05000,	2	
Wed Apr 26 09:54:24 2023,278.0, 0.00000,-7082.00000,-3054.00000,5440.00000,-3020.00000,-2402.00000,-101.00000,26.66000,81.23000,	2	
Wed Apr 26 09:54:24 2023,279.0, 0.00000,-6716.00000,-1788.00000,4890.00000,-186.00000,-646.00000,82.00000,24.33000,81.40000,	2	
Wed Apr 26 09:54:24 2023,280.0, 0.00000,-6298.00000,-2324.00000,6006.00000,1476.00000,892.00000,636.00000,22.04000,81.58000,	2	
Wed Apr 26 09:54:24 2023,281.0, 0.00000,-5282.00000,-4222.00000,9438.00000,5495.00000,743.00000,3145.00000,19.80000,81.75000,	2	
Wed Apr 26 09:54:24 2023,282.0, 0.00000,-2198.00000,-15616.00000,12142.00000,32767.00000,-6129.00000,127.00000,17.60000,81.91000,	2	
Wed Apr 26 09:54:24 2023,283.0, 0.00000,-18404.00000,-17366.00000,-18060.00000,32767.00000,3081.00000,-14553.00000,15.45000,82.08000,	2	
Wed Apr 26 09:54:24 2023,284.0, 0.00000,-8168.00000,-1238.00000,-12908.00000,-9712.00000,622.00000,5741.00000,13.34000,82.23000,	2	
Wed Apr 26 09:54:24 2023,285.0, 0.00000,-7864.00000,158.00000,518.00000,-15580.00000,1769.00000,-2315.00000,14.87000,82.39000,	2	
Wed Apr 26 09:54:25 2023,286.0, 0.00000,-8240.00000,1878.00000,-1160.00000,-10082.00000,3517.00000,-902.00000,16.38000,82.54000,	2	
Wed Apr 26 09:54:25 2023,287.0, 0.00000,-7330.00000,2312.00000,-1546.00000,-10898.00000,3473.00000,-881.00000,17.85000,82.69000,	2	
Wed Apr 26 09:54:25 2023,288.0, 0.00000,-6810.00000,1662.00000,-940.00000,-9341.00000,-981.00000,-2599.00000,19.29000,82.84000,	2	
Wed Apr 26 09:54:25 2023,289.0, 0.00000,-7200.00000,-22.00000,1502.00000,-9623.00000,-2170.00000,-2531.00000,17.11000,82.99000,	2	
Wed Apr 26 09:54:25 2023,290.0, 0.00000,-7006.00000,-924.00000,2804.00000,-8199.00000,-2653.00000,-2297.00000,14.96000,83.13000,	2	
Wed Apr 26 09:54:25 2023,291.0, 0.00000,-7370.00000,-2370.00000,4980.00000,-6339.00000,-2150.00000,-2669.00000,12.86000,83.26000,	2	
Wed Apr 26 09:54:25 2023,292.0, 0.00000,-5908.00000,-3520.00000,7682.00000,-952.00000,-308.00000,-576.00000,10.80000,83.40000,	2	
Wed Apr 26 09:54:25 2023,293.0, 0.00000,-2698.00000,-11674.00000,13272.00000,14933.00000,4653.00000,4406.00000,8.79000,83.53000,	2	
Wed Apr 26 09:54:26 2023,294.0, 0.00000,-2116.00000,-16268.00000,-1770.00000,32767.00000,6297.00000,-6075.00000,6.81000,83.66000,	2	
Wed Apr 26 09:54:26 2023,295.0, 0.00000,-14724.00000,-10276.00000,-25272.00000,19970.00000,6948.00000,4472.00000,4.87000,83.79000,	2	
Wed Apr 26 09:54:26 2023,296.0, 0.00000,-3830.00000,-2548.00000,-3746.00000,-18194.00000,2599.00000,-6618.00000,2.98000,83.92000,	2	
Wed Apr 26 09:54:26 2023,297.0, 0.00000,-9630.00000,-1840.00000,-1550.00000,-13138.00000,122.00000,-6707.00000,1.12000,84.04000,	2	
Wed Apr 26 09:54:26 2023,298.0, 0.00000,-6100.00000,322.00000,-50.00000,-13511.00000,-3604.00000,-1780.00000,2.89000,84.16000,	2	
Wed Apr 26 09:54:26 2023,299.0, 0.00000,-8228.00000,-210.00000,1146.00000,-11524.00000,-1775.00000,-3187.00000,1.04000,84.28000,	2	
Wed Apr 26 09:54:26 2023,300.0, 0.00000,-8294.00000,-776.00000,2198.00000,-9423.00000,-5544.00000,-1395.00000,-0.79000,84.39000,	2	
Wed Apr 26 09:54:26 2023,301.0, 0.00000,-7818.00000,-1808.00000,4112.00000,-7592.00000,-2623.00000,-546.00000,-2.57000,84.51000,	2	
Wed Apr 26 09:54:26 2023,302.0, 0.00000,-8294.00000,-886.00000,3570.00000,-2560.00000,-512.00000,1487.00000,-4.32000,84.62000,	2	
Wed Apr 26 09:54:27 2023,303.0, 0.00000,-7934.00000,64.00000,3010.00000,-1351.00000,-807.00000,1369.00000,-2.43000,84.72000,	2	
Wed Apr 26 09:54:27 2023,304.0, 0.00000,-6872.00000,-572.00000,4048.00000,1098.00000,-1239.00000,1073.00000,-4.19000,84.83000,	2	
Wed Apr 26 09:54:27 2023,305.0, 0.00000,-7306.00000,534.00000,2414.00000,2350.00000,-1330.00000,346.00000,-2.30000,84.94000,	2	
Wed Apr 26 09:54:27 2023,306.0, 0.00000,588.00000,-14388.00000,18102.00000,32767.00000,-978.00000,-4379.00000,-4.06000,81.44000,	2	
Wed Apr 26 09:54:27 2023,307.0, 0.00000,-10218.00000,-21158.00000,-10050.00000,32767.00000,4316.00000,-18414.00000,-5.78000,81.61000,	2	
Wed Apr 26 09:54:27 2023,308.0, 0.00000,-16228.00000,-7866.00000,-17676.00000,1813.00000,5436.00000,7411.00000,-7.46000,81.78000,	2	
Wed Apr 26 09:54:27 2023,309.0, 0.00000,-5732.00000,-1722.00000,-2392.00000,-19020.00000,4364.00000,-4978.00000,-9.11000,81.94000,	2	
Wed Apr 26 09:54:27 2023,310.0, 0.00000,-8128.00000,-866.00000,-60.00000,-13821.00000,1652.00000,-2768.00000,-10.73000,82.10000,	2	
Wed Apr 26 09:54:27 2023,311.0, 0.00000,-7972.00000,1070.00000,-1098.00000,-12966.00000,2322.00000,-129.00000,-8.72000,82.26000,	2	
Wed Apr 26 09:54:28 2023,312.0, 0.00000,-7576.00000,624.00000,-414.00000,-12620.00000,862.00000,-2823.00000,-6.74000,82.42000,	2	
Wed Apr 26 09:54:28 2023,313.0, 0.00000,-7756.00000,-578.00000,2406.00000,-10189.00000,-5343.00000,-1357.00000,-8.41000,82.57000,	2	
Wed Apr 26 09:54:28 2023,314.0, 0.00000,-7776.00000,-546.00000,3564.00000,-5621.00000,-1651.00000,-371.00000,-10.04000,82.72000,	2	
Wed Apr 26 09:54:28 2023,315.0, 0.00000,-7694.00000,-160.00000,3612.00000,-2416.00000,-813.00000,-161.00000,-11.64000,82.87000,	2	
Wed Apr 26 09:54:28 2023,316.0, 0.00000,-6756.00000,-212.00000,5370.00000,-2195.00000,-2720.00000,683.00000,-13.21000,83.01000,	2	
Wed Apr 26 09:54:28 2023,317.0, 0.00000,-2430.00000,-17278.00000,18238.00000,32767.00000,-7716.00000,2391.00000,-14.74000,83.15000,	2	
Wed Apr 26 09:54:28 2023,318.0, 0.00000,-9256.00000,-24100.00000,-7058.00000,32767.00000,-6266.00000,-20678.00000,-16.25000,83.29000,	2	
Wed Apr 26 09:54:28 2023,319.0, 0.00000,-16230.00000,-8050.00000,-22744.00000,6892.00000,4174.00000,2234.00000,-17.73000,83.42000,	2	
Wed Apr 26 09:54:29 2023,320.0, 0.00000,-6336.00000,-2240.00000,1000.00000,-21208.00000,2831.00000,-3270.00000,-19.17000,83.56000,	2	
Wed Apr 26 09:54:29 2023,321.0, 0.00000,-7558.00000,1940.00000,-274.00000,-10106.00000,1719.00000,795.00000,-16.99000,83.69000,	2	
Wed Apr 26 09:54:29 2023,322.0, 0.00000,-7286.00000,2684.00000,-672.00000,-9895.00000,1317.00000,1023.00000,-14.85000,83.81000,	2	
Wed Apr 26 09:54:29 2023,323.0, 0.00000,-8032.00000,2130.00000,-518.00000,-10261.00000,1850.00000,341.00000,-12.75000,83.94000,	2	
Wed Apr 26 09:54:29 2023,324.0, 0.00000,-7634.00000,1706.00000,78.00000,-10301.00000,621.00000,-1100.00000,-10.69000,84.06000,	2	
Wed Apr 26 09:54:29 2023,325.0, 0.00000,-6906.00000,958.00000,1774.00000,-10963.00000,-2198.00000,-3246.00000,-8.68000,84.18000,	2	
Wed Apr 26 09:54:29 2023,326.0, 0.00000,-7160.00000,-666.00000,3048.00000,-10505.00000,-738.00000,-3282.00000,-10.31000,84.30000,	2	
Wed Apr 26 09:54:29 2023,327.0, 0.00000,-7324.00000,-1614.00000,4172.00000,-4571.00000,-537.00000,-1249.00000,-11.90000,84.41000,	2	
Wed Apr 26 09:54:29 2023,328.0, 0.00000,-7170.00000,-2278.00000,6504.00000,212.00000,-2842.00000,-471.00000,-13.46000,84.53000,	2	
Wed Apr 26 09:54:30 2023,329.0, 0.00000,-574.00000,-18160.00000,19688.00000,19128.00000,2587.00000,6832.00000,-15.00000,84.64000,	2	
Wed Apr 26 09:54:30 2023,330.0, 0.00000,-6758.00000,-21204.00000,-6794.00000,32767.00000,3264.00000,-17069.00000,-16.50000,84.74000,	2	
Wed Apr 26 09:54:30 2023,331.0, 0.00000,-10906.00000,-11188.00000,-19594.00000,10402.00000,4101.00000,1127.00000,-17.97000,84.85000,	2	
Wed Apr 26 09:54:30 2023,332.0, 0.00000,-5066.00000,-2100.00000,-3292.00000,-20613.00000,512.00000,-5630.00000,-19.41000,84.95000,	2	
Wed Apr 26 09:54:30 2023,333.0, 0.00000,-8802.00000,76.00000,-880.00000,-13331.00000,-240.00000,43.00000,-17.22000,85.06000,	2	
Wed Apr 26 09:54:30 2023,334.0, 0.00000,-7584.00000,1480.00000,-380.00000,-10803.00000,1106.00000,327.00000,-15.08000,85.16000,	2	
Wed Apr 26 09:54:30 2023,335.0, 0.00000,-8636.00000,2086.00000,-1286.00000,-11195.00000,4202.00000,796.00000,-12.97000,85.25000,	2	
Wed Apr 26 09:54:30 2023,336.0, 0.00000,-7640.00000,2172.00000,-116.00000,-10451.00000,-1036.00000,84.00000,-10.91000,85.35000,	2	
Wed Apr 26 09:54:31 2023,337.0, 0.00000,-6982.00000,1772.00000,1462.00000,-8829.00000,-5263.00000,-813.00000,-8.89000,85.44000,	2	
Wed Apr 26 09:54:31 2023,338.0, 0.00000,-6912.00000,1450.00000,2226.00000,-6904.00000,-230.00000,-838.00000,-6.91000,85.54000,	2	
Wed Apr 26 09:54:31 2023,339.0, 0.00000,-7184.00000,540.00000,3612.00000,-4782.00000,-2098.00000,-1222.00000,-4.98000,85.63000,	2	
Wed Apr 26 09:54:31 2023,340.0, 0.00000,-5666.00000,-390.00000,7272.00000,-3478.00000,-3401.00000,29.00000,-6.68000,85.71000,	2	
Wed Apr 26 09:54:31 2023,341.0, 0.00000,-704.00000,-13940.00000,20188.00000,28379.00000,-4006.00000,-1503.00000,-8.34000,85.80000,	2	
Wed Apr 26 09:54:31 2023,342.0, 0.00000,-7822.00000,-18502.00000,-3948.00000,32767.00000,-1354.00000,-19468.00000,-9.98000,85.89000,	2	
Wed Apr 26 09:54:31 2023,343.0, 0.00000,-17418.00000,-10108.00000,-19762.00000,10463.00000,5141.00000,1326.00000,-11.58000,85.97000,	2	
Wed Apr 26 09:54:31 2023,344.0, 0.00000,-5740.00000,-2752.00000,-3392.00000,-21879.00000,3057.00000,-3807.00000,-13.15000,86.05000,	2	
Wed Apr 26 09:54:32 2023,345.0, 0.00000,-8134.00000,-708.00000,-990.00000,-16140.00000,304.00000,-1718.00000,-14.69000,86.13000,	2	
Wed Apr 26 09:54:32 2023,346.0, 0.00000,-7900.00000,428.00000,670.00000,-14101.00000,-2333.00000,-1620.00000,-12.59000,86.21000,	2	
Wed Apr 26 09:54:32 2023,347.0, 0.00000,-8692.00000,-264.00000,1700.00000,-10228.00000,-4349.00000,-953.00000,-14.14000,86.28000,	2	
Wed Apr 26 09:54:32 2023,348.0, 0.00000,-7416.00000,530.00000,2544.00000,-7123.00000,-2673.00000,-216.00000,-12.06000,86.36000,	2	
Wed Apr 26 09:54:32 2023,349.0, 0.00000,-7342.00000,842.00000,2446.00000,-6226.00000,-718.00000,1020.00000,-10.02000,86.43000,	2	
Wed Apr 26 09:54:32 2023,350.0, 0.00000,-7024.00000,210.00000,3156.00000,-6184.00000,-2343.00000,635.00000,-8.01000,86.51000,	2	
Wed Apr 26 09:54:32 2023,351.0, 0.00000,-6356.00000,-418.00000,4600.00000,-3270.00000,-2425.00000,-325.00000,-9.65000,86.58000,	2	
Wed Apr 26 09:54:32 2023,352.0, 0.00000,-3328.00000,-2070.00000,9004.00000,638.00000,-4107.00000,-2413.00000,-11.26000,86.65000,	2	
Wed Apr 26 09:54:32 2023,353.0, 0.00000,274.00000,-10994.00000,15270.00000,26841.00000,2721.00000,-6309.00000,-12.84000,83.11000,	2	
Wed Apr 26 09:54:33 2023,354.0, 0.00000,-6398.00000,-16318.00000,-2048.00000,32767.00000,8197.00000,-15133.00000,-14.38000,83.25000,	2	
Wed Apr 26 09:54:33 2023,355.0, 0.00000,-13610.00000,-12246.00000,-20630.00000,17098.00000,7554.00000,1738.00000,-15.90000,83.39000,	2	
Wed Apr 26 09:54:33 2023,356.0, 0.00000,-4186.00000,-4276.00000,-6432.00000,-23935.00000,1012.00000,-5912.00000,-17.38000,83.52000,	2	
Wed Apr 26 09:54:33 2023,357.0, 0.00000,-8580.00000,-3070.00000,-1210.00000,-22977.00000,-5739.00000,323.00000,-18.83000,83.65000,	2	
Wed Apr 26 09:54:33 2023,358.0, 0.00000,-6896.00000,-1218.00000,2336.00000,-20199.00000,-5907.00000,3870.00000,-20.26000,83.78000,	2	
Wed Apr 26 09:54:33 2023,359.0, 0.00000,-6812.00000,-1190.00000,4966.00000,-13245.00000,-1391.00000,2813.00000,-21.65000,83.90000,	2	
Wed Apr 26 09:54:33 2023,360.0, 0.00000,-7266.00000,102.00000,5146.00000,-5582.00000,744.00000,1106.00000,-19.42000,84.03000,	2	
Wed Apr 26 09:54:33 2023,361.0, 0.00000,-6798.00000,810.00000,4248.00000,-2063.00000,1232.00000,-27.00000,-17.23000,84.15000,	2	
Wed Apr 26 09:54:33 2023,362.0, 0.00000,-7330.00000,26.00000,4604.00000,-914.00000,-858.00000,163.00000,-15.08000,84.27000,	2	
Wed Apr 26 09:54:34 2023,363.0, 0.00000,-6456.00000,896.00000,4784.00000,1534.00000,-660.00000,-355.00000,-12.98000,84.38000,	2	
Wed Apr 26 09:54:34 2023,364.0, 0.00000,-2526.00000,-8716.00000,15824.00000,732.00000,-635.00000,2224.00000,-14.52000,84.49000,	2	
Wed Apr 26 09:54:34 2023,365.0, 0.00000,-5102.00000,-18976.00000,3168.00000,32767.00000,-6323.00000,-13042.00000,-16.03000,84.61000,	2	
Wed Apr 26 09:54:34 2023,366.0, 0.00000,-17030.00000,-14634.00000,-24744.00000,30573.00000,1326.00000,-524.00000,-17.51000,84.71000,	2	
Wed Apr 26 09:54:34 2023,367.0, 0.00000,-4576.00000,-4076.00000,-5434.00000,-21812.00000,823.00000,-5054.00000,-18.96000,84.82000,	2	
Wed Apr 26 09:54:34 2023,368.0, 0.00000,-9740.00000,-1994.00000,324.00000,-18232.00000,-1547.00000,-667.00000,-20.39000,84.92000,	2	
Wed Apr 26 09:54:34 2023,369.0, 0.00000,-7080.00000,1012.00000,1358.00000,-13972.00000,189.00000,1513.00000,-18.18000,85.03000,	2	
Wed Apr 26 09:54:34 2023,370.0, 0.00000,-8576.00000,1038.00000,1778.00000,-8535.00000,903.00000,-43.00000,-16.01000,85.13000,	2	
Wed Apr 26 09:54:35 2023,371.0, 0.00000,-7614.00000,2152.00000,1042.00000,-6586.00000,329.00000,819.00000,-13.89000,85.23000,	2	
Wed Apr 26 09:54:35 2023,372.0, 0.00000,-7726.00000,1894.00000,1502.00000,-6187.00000,-1778.00000,-129.00000,-11.81000,85.32000,	2	
Wed Apr 26 09:54:35 2023,373.0, 0.00000,-7058.00000,1200.00000,2646.00000,-5509.00000,-2220.00000,-55.00000,-9.77000,85.42000,	2	
Wed Apr 26 09:54:35 2023,374.0, 0.00000,-7134.00000,1132.00000,3638.00000,-2591.00000,-1199.00000,-846.00000,-7.78000,85.51000,	2	
Wed Apr 26 09:54:35 2023,375.0, 0.00000,-6144.00000,934.00000,6110.00000,-2587.00000,-3320.00000,-711.00000,-5.82000,85.60000,	2	
Wed Apr 26 09:54:35 2023,376.0, 0.00000,-2154.00000,-8832.00000,17056.00000,13893.00000,429.00000,-1945.00000,-7.51000,85.69000,	2	
Wed Apr 26 09:54:35 2023,377.0, 0.00000,-4890.00000,-16556.00000,4610.00000,32767.00000,1193.00000,-10102.00000,-9.16000,85.78000,	2	
Wed Apr 26 09:54:35 2023,378.0, 0.00000,-14864.00000,-14628.00000,-20682.00000,29660.00000,5309.00000,832.00000,-10.78000,85.86000,	2	
Wed Apr 26 09:54:35 2023,379.0, 0.00000,-3236.00000,-3198.00000,-7050.00000,-18516.00000,454.00000,-3334.00000,-12.36000,85.95000,	2	
Wed Apr 26 09:54:36 2023,380.0, 0.00000,-9482.00000,-1830.00000,-538.00000,-16780.00000,-1777.00000,-1660.00000,-13.91000,86.03000,	2	
Wed Apr 26 09:54:36 2023,381.0, 0.00000,-8044.00000,490.00000,830.00000,-15676.00000,1226.00000,197.00000,-11.84000,86.11000,	2	
Wed Apr 26 09:54:36 2023,382.0, 0.00000,-6594.00000,1914.00000,658.00000,-10518.00000,-969.00000,-528.00000,-9.80000,86.19000,	2	
Wed Apr 26 09:54:36 2023,383.0, 0.00000,-7732.00000,2184.00000,1600.00000,-6059.00000,-698.00000,397.00000,-7.80000,86.26000,	2	
Wed Apr 26 09:54:36 2023,384.0, 0.00000,-7236.00000,3094.00000,1612.00000,-3145.00000,-2507.00000,358.00000,-5.84000,86.34000,	2	
Wed Apr 26 09:54:36 2023,385.0, 0.00000,-7624.00000,2356.00000,2810.00000,-2287.00000,-879.00000,88.00000,-3.93000,86.41000,	2	
Wed Apr 26 09:54:36 2023,386.0, 0.00000,-8040.00000,2232.00000,1970.00000,-117.00000,949.00000,398.00000,-2.05000,86.49000,	2	
Wed Apr 26 09:54:36 2023,387.0, 0.00000,-7816.00000,1558.00000,2258.00000,-1222.00000,2370.00000,-777.00000,-0.20000,86.56000,	2	
Wed Apr 26 09:54:36 2023,388.0, 0.00000,-7598.00000,2166.00000,340.00000,2142.00000,1664.00000,672.00000,1.60000,86.63000,	2	
Wed Apr 26 09:54:37 2023,389.0, 0.00000,-7360.00000,2716.00000,-16.00000,-74.00000,715.00000,146.00000,3.37000,86.70000,	2	
Wed Apr 26 09:54:37 2023,390.0, 0.00000,-7716.00000,2268.00000,668.00000,-536.00000,335.00000,-756.00000,5.10000,86.76000,	2	
Wed Apr 26 09:54:37 2023,391.0, 0.00000,-8164.00000,1798.00000,1056.00000,-218.00000,84.00000,-230.00000,6.80000,86.83000,	2	
Wed Apr 26 09:54:37 2023,392.0, 0.00000,-8064.00000,2074.00000,456.00000,516.00000,712.00000,292.00000,8.47000,86.89000,	2	
Wed Apr 26 09:54:37 2023,393.0, 0.00000,-7826.00000,1930.00000,290.00000,-168.00000,670.00000,600.00000,10.10000,86.96000,	2	
Wed Apr 26 09:54:37 2023,394.0, 0.00000,-7542.00000,2076.00000,364.00000,262.00000,143.00000,-182.00000,11.70000,87.02000,	2	
Wed Apr 26 09:54:37 2023,395.0, 0.00000,-7882.00000,2226.00000,366.00000,-203.00000,93.00000,-33.00000,13.26000,87.08000,	2	
Wed Apr 26 09:54:37 2023,396.0, 0.00000,-7916.00000,2076.00000,652.00000,-271.00000,195.00000,77.00000,14.80000,87.14000,	2	
Wed Apr 26 09:54:38 2023,397.0, 0.00000,-7838.00000,2080.00000,386.00000,-95.00000,345.00000,295.00000,16.30000,87.20000,	2	
Wed Apr 26 09:54:38 2023,398.0, 0.00000,-7766.00000,2064.00000,392.00000,276.00000,420.00000,-196.00000,17.78000,87.25000,	2	
Wed Apr 26 09:54:38 2023,399.0, 0.00000,-7908.00000,2158.00000,250.00000,-32.00000,713.00000,211.00000,19.22000,87.31000,	2	
Wed Apr 26 09:54:38 2023,400.0, 0.00000,-7776.00000,2124.00000,166.00000,136.00000,425.00000,-15.00000,20.64000,87.36000,	2	
Wed Apr 26 09:54:38 2023,401.0, 0.00000,-7868.00000,2078.00000,210.00000,140.00000,476.00000,-116.00000,22.03000,87.42000,	2	
Wed Apr 26 09:54:38 2023,402.0, 0.00000,-7880.00000,1790.00000,194.00000,310.00000,186.00000,-140.00000,23.39000,87.47000,	2	
Wed Apr 26 09:54:38 2023,403.0, 0.00000,-7956.00000,1682.00000,186.00000,285.00000,54.00000,-314.00000,24.72000,87.52000,	2	
Wed Apr 26 09:54:38 2023,404.0, 0.00000,-8058.00000,1602.00000,112.00000,119.00000,122.00000,-112.00000,26.03000,87.57000,	2	
Wed Apr 26 09:54:38 2023,405.0, 0.00000,-7894.00000,1848.00000,278.00000,191.00000,110.00000,220.00000,27.31000,87.62000,	2	
Wed Apr 26 09:54:39 2023,406.0, 0.00000,-8102.00000,2170.00000,-22.00000,-120.00000,637.00000,485.00000,28.56000,87.67000,	0	
Wed Apr 26 09:54:39 2023,407.0, 0.00000,-7768.00000,2222.00000,186.00000,1.00000,381.00000,502.00000,29.79000,87.72000,	0	
Wed Apr 26 09:54:39 2023,408.0, 0.00000,-7350.00000,2658.00000,-390.00000,169.00000,365.00000,-679.00000,31.00000,87.76000,	0	
Wed Apr 26 09:54:39 2023,409.0, 0.00000,-7832.00000,2488.00000,-1470.00000,-2483.00000,-3116.00000,-4177.00000,32.18000,87.81000,	0	
Wed Apr 26 09:54:39 2023,410.0, 0.00000,-8500.00000,1270.00000,1642.00000,-329.00000,-3643.00000,-6636.00000,33.34000,87.85000,	0	
Wed Apr 26 09:54:39 2023,411.0, 0.00000,-17674.00000,-13292.00000,9250.00000,-9173.00000,-2850.00000,6823.00000,30.87000,87.90000,	0	
Wed Apr 26 09:54:39 2023,412.0, 0.00000,13092.00000,-13840.00000,-8852.00000,13066.00000,17090.00000,32767.00000,28.45000,84.34000,	0	
Wed Apr 26 09:54:39 2023,413.0, 0.00000,14530.00000,1228.00000,-3308.00000,13930.00000,689.00000,-26744.00000,29.68000,80.85000,	0	
Wed Apr 26 09:54:40 2023,414.0, 0.00000,-8064.00000,90.00000,2858.00000,-11654.00000,1139.00000,-30431.00000,30.89000,81.03000,	0	
Wed Apr 26 09:54:40 2023,415.0, 0.00000,-10836.00000,1050.00000,3144.00000,-786.00000,-2834.00000,-9772.00000,32.07000,81.22000,	0	
Wed Apr 26 09:54:40 2023,416.0, 0.00000,-8846.00000,862.00000,2964.00000,-1055.00000,577.00000,-2223.00000,33.23000,81.39000,	0	
Wed Apr 26 09:54:40 2023,417.0, 0.00000,-7668.00000,722.00000,2294.00000,-474.00000,812.00000,-402.00000,34.37000,81.56000,	0	
Wed Apr 26 09:54:40 2023,418.0, 0.00000,-7200.00000,1070.00000,2066.00000,-390.00000,-828.00000,-1717.00000,35.48000,81.73000,	0	
Wed Apr 26 09:54:40 2023,419.0, 0.00000,-8042.00000,-156.00000,2992.00000,-706.00000,-771.00000,-2901.00000,32.97000,81.90000,	0	
Wed Apr 26 09:54:40 2023,420.0, 0.00000,-8098.00000,-568.00000,3142.00000,121.00000,-786.00000,-3068.00000,30.51000,82.06000,	0	
Wed Apr 26 09:54:41 2023,421.0, 0.00000,-17888.00000,-14426.00000,11846.00000,-5966.00000,-3223.00000,10520.00000,28.10000,82.22000,	0	
Wed Apr 26 09:54:41 2023,422.0, 0.00000,11464.00000,-9966.00000,-7474.00000,11339.00000,19179.00000,32767.00000,25.74000,78.78000,	0	
Wed Apr 26 09:54:41 2023,423.0, 0.00000,13864.00000,3932.00000,-2320.00000,11950.00000,1698.00000,-24015.00000,27.02000,75.40000,	0	
Wed Apr 26 09:54:41 2023,424.0, 0.00000,-10950.00000,676.00000,4036.00000,-13434.00000,5967.00000,-28029.00000,28.28000,75.69000,	0	
Wed Apr 26 09:54:41 2023,425.0, 0.00000,-8848.00000,3074.00000,1880.00000,5368.00000,-694.00000,-4439.00000,29.52000,75.98000,	0	
Wed Apr 26 09:54:41 2023,426.0, 0.00000,-7052.00000,3536.00000,448.00000,3266.00000,-802.00000,-3962.00000,30.73000,76.26000,	0	
Wed Apr 26 09:54:41 2023,427.0, 0.00000,-5924.00000,2724.00000,588.00000,1438.00000,-5374.00000,-6515.00000,31.92000,76.54000,	0	
Wed Apr 26 09:54:41 2023,428.0, 0.00000,-7962.00000,1118.00000,1486.00000,323.00000,-2157.00000,-5815.00000,33.08000,76.81000,	0	
Wed Apr 26 09:54:41 2023,429.0, 0.00000,-8644.00000,-2.00000,2170.00000,113.00000,-928.00000,-2473.00000,30.62000,77.07000,	0	
Wed Apr 26 09:54:41 2023,430.0, 0.00000,-7634.00000,-10.00000,2048.00000,-1272.00000,-187.00000,-2207.00000,28.20000,77.33000,	0	
Wed Apr 26 09:54:41 2023,431.0, 0.00000,-14108.00000,-1844.00000,2934.00000,226.00000,-182.00000,-5958.00000,25.84000,77.59000,	0	
Wed Apr 26 09:54:42 2023,432.0, 0.00000,-12590.00000,-24380.00000,6434.00000,16579.00000,-5423.00000,32767.00000,23.52000,77.84000,	0	
Wed Apr 26 09:54:42 2023,433.0, 0.00000,32767.00000,-7122.00000,4424.00000,-9022.00000,1690.00000,15965.00000,21.25000,74.48000,	0	
Wed Apr 26 09:54:42 2023,434.0, 0.00000,-2134.00000,3898.00000,-3858.00000,-5328.00000,-11254.00000,-32768.00000,22.63000,74.79000,	0	
Wed Apr 26 09:54:42 2023,435.0, 0.00000,-7180.00000,818.00000,3312.00000,-4782.00000,6383.00000,-17768.00000,23.97000,75.09000,	0	
Wed Apr 26 09:54:42 2023,436.0, 0.00000,-9616.00000,154.00000,2708.00000,-1030.00000,-2350.00000,-8182.00000,25.29000,75.39000,	0	
Wed Apr 26 09:54:42 2023,437.0, 0.00000,-9246.00000,134.00000,3370.00000,-507.00000,-223.00000,-1616.00000,26.59000,75.69000,	0	
Wed Apr 26 09:54:42 2023,438.0, 0.00000,-7926.00000,698.00000,3074.00000,615.00000,-456.00000,605.00000,27.86000,75.97000,	0	
Wed Apr 26 09:54:42 2023,439.0, 0.00000,-7238.00000,1158.00000,2966.00000,217.00000,-633.00000,940.00000,29.10000,76.26000,	0	
Wed Apr 26 09:54:43 2023,440.0, 0.00000,-7088.00000,1106.00000,3088.00000,-80.00000,50.00000,512.00000,30.32000,76.53000,	0	
Wed Apr 26 09:54:43 2023,441.0, 0.00000,-7134.00000,1136.00000,2890.00000,132.00000,457.00000,-292.00000,31.52000,76.80000,	0	
Wed Apr 26 09:54:43 2023,442.0, 0.00000,-7224.00000,1096.00000,2918.00000,-450.00000,-224.00000,-83.00000,32.69000,77.07000,	0	
Wed Apr 26 09:54:43 2023,443.0, 0.00000,-7272.00000,936.00000,3296.00000,-356.00000,-137.00000,-421.00000,33.83000,77.33000,	0	
Wed Apr 26 09:54:43 2023,444.0, 0.00000,-7476.00000,844.00000,3298.00000,-352.00000,103.00000,85.00000,34.96000,77.58000,	0	
Wed Apr 26 09:54:43 2023,445.0, 0.00000,-7262.00000,920.00000,3178.00000,-375.00000,476.00000,310.00000,36.06000,77.83000,	0	
Wed Apr 26 09:54:43 2023,446.0, 0.00000,-7294.00000,974.00000,3040.00000,-391.00000,700.00000,319.00000,37.14000,78.07000,	0	
Wed Apr 26 09:54:43 2023,447.0, 0.00000,-7252.00000,664.00000,3110.00000,-889.00000,1231.00000,545.00000,38.20000,78.31000,	0	
Wed Apr 26 09:54:43 2023,448.0, 0.00000,-7512.00000,756.00000,2892.00000,68.00000,227.00000,40.00000,39.23000,78.55000,	0	
Wed Apr 26 09:54:44 2023,449.0, 0.00000,-7592.00000,1066.00000,2760.00000,-222.00000,337.00000,259.00000,40.25000,78.78000,	0	
Wed Apr 26 09:54:44 2023,450.0, 0.00000,-7414.00000,930.00000,2966.00000,-392.00000,158.00000,616.00000,41.25000,79.00000,	0	
Wed Apr 26 09:54:44 2023,451.0, 0.00000,-7256.00000,898.00000,2922.00000,146.00000,207.00000,-38.00000,42.22000,79.22000,	0	
Wed Apr 26 09:54:44 2023,452.0, 0.00000,-7508.00000,1042.00000,2614.00000,-55.00000,268.00000,-49.00000,43.18000,79.44000,	0	
Wed Apr 26 09:54:44 2023,453.0, 0.00000,-7524.00000,952.00000,2802.00000,-197.00000,276.00000,63.00000,44.12000,79.65000,	0	
Wed Apr 26 09:54:44 2023,454.0, 0.00000,-7310.00000,892.00000,2682.00000,-246.00000,398.00000,278.00000,45.04000,79.86000,	0	
Wed Apr 26 09:54:44 2023,455.0, 0.00000,-7486.00000,844.00000,2810.00000,-205.00000,248.00000,-90.00000,45.94000,80.06000,	0	
Wed Apr 26 09:54:44 2023,456.0, 0.00000,-7476.00000,884.00000,2786.00000,-35.00000,289.00000,-43.00000,46.82000,80.26000,	0	
Wed Apr 26 09:54:45 2023,457.0, 0.00000,-7432.00000,872.00000,2742.00000,-54.00000,338.00000,0.00000,47.68000,80.46000,	0	
Wed Apr 26 09:54:45 2023,458.0, 0.00000,-7452.00000,850.00000,2702.00000,78.00000,350.00000,-85.00000,48.53000,80.65000,	0	
Wed Apr 26 09:54:45 2023,459.0, 0.00000,-7624.00000,666.00000,2666.00000,113.00000,309.00000,53.00000,49.36000,80.84000,	0	
Wed Apr 26 09:54:45 2023,460.0, 0.00000,-7506.00000,728.00000,2702.00000,-69.00000,271.00000,392.00000,50.17000,81.02000,	0	
Wed Apr 26 09:54:45 2023,461.0, 0.00000,-7354.00000,982.00000,2640.00000,232.00000,376.00000,177.00000,50.97000,81.20000,	1	
Wed Apr 26 09:54:45 2023,462.0, 0.00000,-7616.00000,824.00000,2652.00000,134.00000,104.00000,-100.00000,51.75000,81.38000,	1	
Wed Apr 26 09:54:46 2023,463.0, 0.00000,-7598.00000,224.00000,3128.00000,790.00000,391.00000,204.00000,52.52000,81.55000,	1	
Wed Apr 26 09:54:46 2023,464.0, 0.00000,-7818.00000,488.00000,2594.00000,1006.00000,1006.00000,787.00000,53.27000,81.72000,	1	
Wed Apr 26 09:54:46 2023,465.0, 0.00000,-7708.00000,286.00000,2890.00000,498.00000,1860.00000,530.00000,54.00000,81.89000,	1	
Wed Apr 26 09:54:46 2023,466.0, 0.00000,-9092.00000,1872.00000,2150.00000,1271.00000,2944.00000,604.00000,54.73000,82.05000,	1	
Wed Apr 26 09:54:46 2023,467.0, 0.00000,-6768.00000,4270.00000,-582.00000,-1268.00000,1984.00000,3915.00000,55.43000,82.21000,	1	
Wed Apr 26 09:54:46 2023,468.0, 0.00000,-4032.00000,23704.00000,-6530.00000,-5933.00000,14464.00000,8382.00000,56.12000,82.37000,	1	
Wed Apr 26 09:54:46 2023,469.0, 0.00000,-2960.00000,-9372.00000,-5504.00000,-7256.00000,-18718.00000,-20984.00000,53.20000,82.52000,	1	
Wed Apr 26 09:54:46 2023,470.0, 0.00000,-4318.00000,-15162.00000,5760.00000,25546.00000,2522.00000,15155.00000,50.34000,82.67000,	1	
Wed Apr 26 09:54:46 2023,471.0, 0.00000,-5940.00000,-2448.00000,-2418.00000,14019.00000,3022.00000,4476.00000,47.53000,82.82000,	1	
Wed Apr 26 09:54:46 2023,472.0, 0.00000,-7796.00000,220.00000,-1276.00000,6019.00000,-909.00000,1477.00000,48.38000,82.97000,	1	
Wed Apr 26 09:54:46 2023,473.0, 0.00000,-7762.00000,2826.00000,-302.00000,1092.00000,284.00000,1262.00000,49.21000,83.11000,	1	
Wed Apr 26 09:54:46 2023,474.0, 0.00000,-8710.00000,2486.00000,474.00000,-1445.00000,-217.00000,-270.00000,50.03000,83.25000,	1	
Wed Apr 26 09:54:47 2023,475.0, 0.00000,-7588.00000,1830.00000,2076.00000,-1986.00000,-1267.00000,1469.00000,50.83000,83.38000,	1	
Wed Apr 26 09:54:47 2023,476.0, 0.00000,-9430.00000,3196.00000,1488.00000,1717.00000,341.00000,-104.00000,51.61000,83.52000,	1	
Wed Apr 26 09:54:47 2023,477.0, 0.00000,-9704.00000,5570.00000,-1024.00000,2129.00000,3311.00000,2061.00000,52.38000,83.65000,	1	
Wed Apr 26 09:54:47 2023,478.0, 0.00000,330.00000,18374.00000,-7278.00000,-8713.00000,11449.00000,1222.00000,53.13000,80.17000,	1	
Wed Apr 26 09:54:47 2023,479.0, 0.00000,-5830.00000,-32768.00000,-7186.00000,-26914.00000,-10801.00000,-17134.00000,50.27000,80.37000,	1	
Wed Apr 26 09:54:47 2023,480.0, 0.00000,-4466.00000,-9268.00000,-9104.00000,32376.00000,2451.00000,3567.00000,47.46000,80.56000,	1	
Wed Apr 26 09:54:47 2023,481.0, 0.00000,-6382.00000,992.00000,-4564.00000,8851.00000,-890.00000,-969.00000,48.32000,80.75000,	1	
Wed Apr 26 09:54:47 2023,482.0, 0.00000,-8692.00000,794.00000,-2204.00000,3236.00000,-811.00000,36.00000,49.15000,80.94000,	1	
Wed Apr 26 09:54:48 2023,483.0, 0.00000,-8502.00000,602.00000,240.00000,-261.00000,-1781.00000,888.00000,49.97000,81.12000,	1	
Wed Apr 26 09:54:48 2023,484.0, 0.00000,-8910.00000,560.00000,1364.00000,-104.00000,-907.00000,1266.00000,50.77000,81.30000,	1	
Wed Apr 26 09:54:48 2023,485.0, 0.00000,-8304.00000,1708.00000,1004.00000,-139.00000,277.00000,1387.00000,51.56000,81.47000,	1	
Wed Apr 26 09:54:48 2023,486.0, 0.00000,-9308.00000,2930.00000,994.00000,1143.00000,864.00000,1648.00000,52.33000,81.65000,	1	
Wed Apr 26 09:54:48 2023,487.0, 0.00000,-8330.00000,4190.00000,-1432.00000,1961.00000,1284.00000,2514.00000,53.08000,81.81000,	1	
Wed Apr 26 09:54:48 2023,488.0, 0.00000,-4184.00000,18768.00000,-7966.00000,1943.00000,14075.00000,5663.00000,53.82000,81.98000,	1	
Wed Apr 26 09:54:48 2023,489.0, 0.00000,-4940.00000,-20622.00000,-8952.00000,-24344.00000,-13554.00000,-17100.00000,50.94000,82.14000,	1	
Wed Apr 26 09:54:48 2023,490.0, 0.00000,-8056.00000,-16740.00000,30.00000,32767.00000,-5233.00000,18199.00000,48.12000,82.30000,	1	
Wed Apr 26 09:54:48 2023,491.0, 0.00000,-5918.00000,864.00000,-3460.00000,10209.00000,-1383.00000,-872.00000,48.96000,82.45000,	1	
Wed Apr 26 09:54:49 2023,492.0, 0.00000,-8354.00000,402.00000,360.00000,4832.00000,-761.00000,667.00000,49.78000,82.60000,	1	
Wed Apr 26 09:54:49 2023,493.0, 0.00000,-8294.00000,2082.00000,-62.00000,1982.00000,-369.00000,783.00000,50.59000,82.75000,	1	
Wed Apr 26 09:54:49 2023,494.0, 0.00000,-7914.00000,1962.00000,288.00000,1352.00000,-1837.00000,-66.00000,51.38000,82.90000,	1	
Wed Apr 26 09:54:49 2023,495.0, 0.00000,-8244.00000,2244.00000,20.00000,235.00000,-364.00000,578.00000,52.15000,83.04000,	1	
Wed Apr 26 09:54:49 2023,496.0, 0.00000,-8244.00000,1382.00000,834.00000,-649.00000,-375.00000,590.00000,52.91000,83.18000,	1	
Wed Apr 26 09:54:49 2023,497.0, 0.00000,-8548.00000,2396.00000,148.00000,785.00000,1824.00000,2500.00000,53.65000,83.32000,	1	
Wed Apr 26 09:54:49 2023,498.0, 0.00000,-9586.00000,6456.00000,-2804.00000,1031.00000,5008.00000,3247.00000,54.38000,83.45000,	1	
Wed Apr 26 09:54:49 2023,499.0, 0.00000,-1306.00000,12504.00000,-8498.00000,-9297.00000,-5750.00000,-8303.00000,55.09000,83.59000,	1	
Wed Apr 26 09:54:50 2023,500.0, 0.00000,-10626.00000,-29386.00000,778.00000,-30796.00000,-5866.00000,-15836.00000,52.19000,83.72000,	1	
Wed Apr 26 09:54:50 2023,501.0, 0.00000,-4486.00000,-5700.00000,-5886.00000,15551.00000,5561.00000,4710.00000,49.34000,83.84000,	1	
Wed Apr 26 09:54:50 2023,502.0, 0.00000,-8022.00000,1460.00000,-2780.00000,5578.00000,-406.00000,-554.00000,50.16000,83.97000,	1	
Wed Apr 26 09:54:50 2023,503.0, 0.00000,-9308.00000,842.00000,724.00000,2626.00000,-1300.00000,-1117.00000,50.96000,84.09000,	1	
Wed Apr 26 09:54:50 2023,504.0, 0.00000,-9492.00000,1074.00000,436.00000,2153.00000,742.00000,777.00000,51.74000,84.21000,	1	
Wed Apr 26 09:54:50 2023,505.0, 0.00000,-8086.00000,1620.00000,148.00000,599.00000,1327.00000,1595.00000,52.50000,84.32000,	1	
Wed Apr 26 09:54:50 2023,506.0, 0.00000,-7916.00000,1218.00000,380.00000,599.00000,1199.00000,938.00000,53.26000,84.44000,	1	
Wed Apr 26 09:54:50 2023,507.0, 0.00000,-8334.00000,1344.00000,-44.00000,126.00000,744.00000,579.00000,53.99000,84.55000,	1	
Wed Apr 26 09:54:51 2023,508.0, 0.00000,-8800.00000,1944.00000,-216.00000,-257.00000,635.00000,596.00000,54.71000,84.66000,	1	
Wed Apr 26 09:54:51 2023,509.0, 0.00000,-8818.00000,2000.00000,-1318.00000,157.00000,1643.00000,-282.00000,55.42000,84.77000,	1	
Wed Apr 26 09:54:51 2023,510.0, 0.00000,-5456.00000,18112.00000,-9032.00000,-6191.00000,6908.00000,2860.00000,56.11000,84.87000,	1	
Wed Apr 26 09:54:51 2023,511.0, 0.00000,594.00000,-21848.00000,-4842.00000,-30356.00000,5982.00000,-12174.00000,53.19000,81.37000,	1	
Wed Apr 26 09:54:51 2023,512.0, 0.00000,-4856.00000,-14584.00000,2630.00000,30869.00000,4239.00000,10334.00000,50.32000,81.55000,	1	
Wed Apr 26 09:54:51 2023,513.0, 0.00000,-6444.00000,-2662.00000,-3798.00000,12685.00000,-277.00000,1313.00000,47.52000,81.72000,	1	
Wed Apr 26 09:54:51 2023,514.0, 0.00000,-6894.00000,1012.00000,-2270.00000,3939.00000,473.00000,2528.00000,48.37000,81.88000,	1	
Wed Apr 26 09:54:51 2023,515.0, 0.00000,-8612.00000,2366.00000,-1692.00000,325.00000,914.00000,162.00000,49.20000,82.05000,	1	
Wed Apr 26 09:54:51 2023,516.0, 0.00000,-8260.00000,1702.00000,-800.00000,-1948.00000,289.00000,-1025.00000,50.02000,82.21000,	1	
Wed Apr 26 09:54:52 2023,517.0, 0.00000,-9172.00000,458.00000,134.00000,-1108.00000,-171.00000,34.00000,50.82000,82.36000,	1	
Wed Apr 26 09:54:52 2023,518.0, 0.00000,-8486.00000,788.00000,-546.00000,658.00000,-989.00000,883.00000,51.60000,82.52000,	1	
Wed Apr 26 09:54:52 2023,519.0, 0.00000,-7828.00000,1112.00000,-486.00000,-1183.00000,-852.00000,1321.00000,52.37000,82.67000,	1	
Wed Apr 26 09:54:52 2023,520.0, 0.00000,-8312.00000,1186.00000,516.00000,-607.00000,-45.00000,936.00000,53.12000,82.82000,	1	
Wed Apr 26 09:54:52 2023,521.0, 0.00000,-11300.00000,10232.00000,-4356.00000,2867.00000,8160.00000,6887.00000,53.86000,82.96000,	1	
Wed Apr 26 09:54:52 2023,522.0, 0.00000,1510.00000,7330.00000,-9186.00000,996.00000,5836.00000,-11666.00000,54.59000,79.50000,	1	
Wed Apr 26 09:54:52 2023,523.0, 0.00000,-18090.00000,-26646.00000,22204.00000,-27795.00000,-32768.00000,-12932.00000,51.69000,79.71000,	1	
Wed Apr 26 09:54:52 2023,524.0, 0.00000,-4706.00000,-2282.00000,-7024.00000,7368.00000,5447.00000,5483.00000,48.86000,79.92000,	1	
Wed Apr 26 09:54:52 2023,525.0, 0.00000,-9034.00000,-1282.00000,-1452.00000,1501.00000,-847.00000,-1917.00000,46.08000,80.12000,	1	
Wed Apr 26 09:54:53 2023,526.0, 0.00000,-7442.00000,1066.00000,-300.00000,1884.00000,2254.00000,571.00000,46.96000,80.32000,	1	
Wed Apr 26 09:54:53 2023,527.0, 0.00000,-8530.00000,1024.00000,244.00000,1260.00000,792.00000,132.00000,47.82000,80.51000,	1	
Wed Apr 26 09:54:53 2023,528.0, 0.00000,-9028.00000,1138.00000,-644.00000,624.00000,1118.00000,913.00000,48.67000,80.70000,	1	
Wed Apr 26 09:54:53 2023,529.0, 0.00000,-8610.00000,1180.00000,-558.00000,-134.00000,179.00000,321.00000,49.49000,80.89000,	1	
Wed Apr 26 09:54:53 2023,530.0, 0.00000,-8432.00000,1354.00000,-1022.00000,-113.00000,-1164.00000,404.00000,50.31000,81.07000,	1	
Wed Apr 26 09:54:53 2023,531.0, 0.00000,-8918.00000,2138.00000,-192.00000,586.00000,-101.00000,919.00000,51.10000,81.25000,	1	
Wed Apr 26 09:54:53 2023,532.0, 0.00000,-8568.00000,3062.00000,-1248.00000,841.00000,71.00000,785.00000,51.88000,81.43000,	1	
Wed Apr 26 09:54:53 2023,533.0, 0.00000,-6316.00000,18920.00000,-9570.00000,-3126.00000,9870.00000,2679.00000,52.64000,81.60000,	1	
Wed Apr 26 09:54:54 2023,534.0, 0.00000,-800.00000,-26334.00000,-5010.00000,-27312.00000,-6070.00000,-15462.00000,49.79000,81.77000,	1	
Wed Apr 26 09:54:54 2023,535.0, 0.00000,-3416.00000,-13006.00000,-3780.00000,28899.00000,5856.00000,6772.00000,46.99000,81.94000,	1	
Wed Apr 26 09:54:54 2023,536.0, 0.00000,-6764.00000,354.00000,-5676.00000,6282.00000,-2405.00000,1337.00000,47.85000,82.10000,	1	
Wed Apr 26 09:54:54 2023,537.0, 0.00000,-7954.00000,654.00000,-130.00000,2876.00000,146.00000,1557.00000,48.70000,82.26000,	1	
Wed Apr 26 09:54:54 2023,538.0, 0.00000,-8588.00000,1524.00000,-502.00000,2384.00000,-243.00000,594.00000,49.52000,82.41000,	1	
Wed Apr 26 09:54:54 2023,539.0, 0.00000,-8864.00000,1380.00000,-262.00000,1077.00000,-334.00000,483.00000,50.33000,82.57000,	1	
Wed Apr 26 09:54:54 2023,540.0, 0.00000,-8160.00000,1480.00000,-642.00000,693.00000,-634.00000,151.00000,51.13000,82.72000,	1	
Wed Apr 26 09:54:54 2023,541.0, 0.00000,-8096.00000,1210.00000,28.00000,-314.00000,-313.00000,640.00000,51.91000,82.86000,	1	
Wed Apr 26 09:54:54 2023,542.0, 0.00000,-8060.00000,1338.00000,-12.00000,-77.00000,61.00000,279.00000,52.67000,83.01000,	1	
Wed Apr 26 09:54:55 2023,543.0, 0.00000,-8388.00000,1274.00000,218.00000,-538.00000,-99.00000,454.00000,53.42000,83.15000,	1	
Wed Apr 26 09:54:55 2023,544.0, 0.00000,-7816.00000,1638.00000,318.00000,-411.00000,1102.00000,1548.00000,54.15000,83.28000,	1	
Wed Apr 26 09:54:55 2023,545.0, 0.00000,-7554.00000,2030.00000,-172.00000,-689.00000,-56.00000,-83.00000,54.87000,83.42000,	1	
Wed Apr 26 09:54:55 2023,546.0, 0.00000,-8444.00000,1354.00000,638.00000,-607.00000,-625.00000,-464.00000,55.57000,83.55000,	1	
Wed Apr 26 09:54:55 2023,547.0, 0.00000,-7998.00000,1224.00000,592.00000,162.00000,-11.00000,302.00000,56.26000,83.68000,	1	
Wed Apr 26 09:54:55 2023,548.0, 0.00000,-7848.00000,976.00000,422.00000,-303.00000,-237.00000,-107.00000,56.94000,83.81000,	1	
Wed Apr 26 09:54:55 2023,549.0, 0.00000,-8062.00000,1200.00000,538.00000,-186.00000,-137.00000,-400.00000,57.60000,83.93000,	1	
Wed Apr 26 09:54:55 2023,550.0, 0.00000,-8154.00000,986.00000,582.00000,-598.00000,304.00000,233.00000,58.25000,84.06000,	1	
Wed Apr 26 09:54:56 2023,551.0, 0.00000,-7728.00000,1330.00000,770.00000,-575.00000,674.00000,-229.00000,58.88000,84.18000,	1	
Wed Apr 26 09:54:56 2023,552.0, 0.00000,-8234.00000,750.00000,856.00000,620.00000,-24.00000,-538.00000,59.51000,84.29000,	1	
Wed Apr 26 09:54:56 2023,553.0, 0.00000,-7968.00000,878.00000,470.00000,-72.00000,337.00000,-116.00000,60.12000,84.41000,	1	
Wed Apr 26 09:54:56 2023,554.0, 0.00000,-8220.00000,644.00000,416.00000,-27.00000,7.00000,-380.00000,60.72000,84.52000,	1	
Wed Apr 26 09:54:56 2023,555.0, 0.00000,-8146.00000,748.00000,498.00000,-321.00000,527.00000,-55.00000,61.30000,84.63000,	1	
Wed Apr 26 09:54:56 2023,556.0, 0.00000,-8356.00000,1274.00000,600.00000,318.00000,-69.00000,129.00000,61.88000,84.74000,	1	
Wed Apr 26 09:54:56 2023,557.0, 0.00000,-8840.00000,1958.00000,464.00000,1310.00000,3279.00000,672.00000,62.44000,84.85000,	1	
Wed Apr 26 09:54:56 2023,558.0, 0.00000,-8026.00000,1028.00000,-402.00000,2018.00000,3107.00000,1385.00000,62.99000,84.95000,	1	
Wed Apr 26 09:54:56 2023,559.0, 0.00000,-6286.00000,3256.00000,-3234.00000,3357.00000,15582.00000,-580.00000,63.53000,85.05000,	1	
Wed Apr 26 09:54:56 2023,560.0, 0.00000,-3514.00000,966.00000,-6708.00000,629.00000,20428.00000,-5170.00000,64.06000,85.15000,	1	
Wed Apr 26 09:54:57 2023,561.0, 0.00000,-2784.00000,-3850.00000,-7898.00000,6860.00000,9870.00000,-5196.00000,60.98000,85.25000,	1	
Wed Apr 26 09:54:57 2023,562.0, 0.00000,-336.00000,-4454.00000,-8212.00000,4815.00000,1531.00000,-2537.00000,57.96000,85.35000,	1	
Wed Apr 26 09:54:57 2023,563.0, 0.00000,-520.00000,-5034.00000,-7456.00000,2537.00000,-598.00000,-948.00000,55.00000,85.44000,	1	
Wed Apr 26 09:54:57 2023,564.0, 0.00000,-64.00000,-4382.00000,-7442.00000,1012.00000,-1495.00000,1272.00000,52.10000,85.53000,	1	
Wed Apr 26 09:54:57 2023,565.0, 0.00000,-1392.00000,-4356.00000,-7468.00000,-651.00000,-3153.00000,3603.00000,49.26000,85.62000,	1	
Wed Apr 26 09:54:57 2023,566.0, 0.00000,-2236.00000,-4748.00000,-6932.00000,-212.00000,-406.00000,655.00000,46.47000,85.71000,	1	
Wed Apr 26 09:54:57 2023,567.0, 0.00000,-2064.00000,-4550.00000,-7054.00000,265.00000,176.00000,-78.00000,43.74000,85.80000,	1	
Wed Apr 26 09:54:57 2023,568.0, 0.00000,-2458.00000,-4772.00000,-6966.00000,-628.00000,952.00000,-1178.00000,41.07000,85.88000,	1	
Wed Apr 26 09:54:58 2023,569.0, 0.00000,-1914.00000,-4856.00000,-6350.00000,44.00000,-932.00000,-1181.00000,38.44000,85.97000,	1	
Wed Apr 26 09:54:58 2023,570.0, 0.00000,-1928.00000,-4820.00000,-6640.00000,-215.00000,-618.00000,-299.00000,35.87000,86.05000,	1	
Wed Apr 26 09:54:58 2023,571.0, 0.00000,-2214.00000,-4866.00000,-6666.00000,27.00000,-605.00000,-228.00000,33.36000,86.13000,	1	
Wed Apr 26 09:54:58 2023,572.0, 0.00000,-2524.00000,-5240.00000,-6902.00000,202.00000,-466.00000,-421.00000,30.89000,86.21000,	1	
Wed Apr 26 09:54:58 2023,573.0, 0.00000,-2176.00000,-4864.00000,-6486.00000,-912.00000,-485.00000,415.00000,28.47000,86.28000,	1	
Wed Apr 26 09:54:58 2023,574.0, 0.00000,-2626.00000,-4720.00000,-6848.00000,57.00000,571.00000,657.00000,26.10000,86.36000,	1	
Wed Apr 26 09:54:58 2023,575.0, 0.00000,-3152.00000,-4452.00000,-7090.00000,-1066.00000,-195.00000,1515.00000,23.78000,86.43000,	1	
Wed Apr 26 09:54:58 2023,576.0, 0.00000,-7032.00000,-6478.00000,-5654.00000,-7929.00000,-2974.00000,8998.00000,21.50000,86.50000,	1	
Wed Apr 26 09:54:59 2023,577.0, 0.00000,-5124.00000,-1152.00000,-5304.00000,-1237.00000,-4579.00000,12518.00000,19.27000,86.57000,	1	
Wed Apr 26 09:54:59 2023,578.0, 0.00000,-4112.00000,1558.00000,-6332.00000,-524.00000,2434.00000,9134.00000,20.68000,86.64000,	1	
Wed Apr 26 09:54:59 2023,579.0, 0.00000,-4576.00000,2188.00000,-8708.00000,-3327.00000,6368.00000,4917.00000,22.07000,86.71000,	1	
Wed Apr 26 09:54:59 2023,580.0, 0.00000,-3130.00000,2812.00000,-7076.00000,-4334.00000,6104.00000,451.00000,23.43000,86.78000,	1	
Wed Apr 26 09:54:59 2023,581.0, 0.00000,-3380.00000,3582.00000,-8114.00000,-997.00000,1439.00000,-898.00000,24.76000,86.84000,	1	
Wed Apr 26 09:54:59 2023,582.0, 0.00000,-3426.00000,3622.00000,-6970.00000,921.00000,2581.00000,274.00000,26.07000,86.91000,	1	
Wed Apr 26 09:54:59 2023,583.0, 0.00000,-2446.00000,3186.00000,-7478.00000,2021.00000,-234.00000,-234.00000,27.35000,86.97000,	1	
Wed Apr 26 09:54:59 2023,584.0, 0.00000,-2682.00000,3230.00000,-7358.00000,789.00000,-492.00000,-1165.00000,28.60000,87.03000,	1	
Wed Apr 26 09:54:59 2023,585.0, 0.00000,-2848.00000,3364.00000,-8062.00000,316.00000,-881.00000,-1039.00000,29.83000,87.09000,	1	
Wed Apr 26 09:55:00 2023,586.0, 0.00000,-3766.00000,2684.00000,-6558.00000,434.00000,1453.00000,391.00000,31.03000,87.15000,	1	
