Sat May 13 16:32:58 2023,0.0, 0.00000,-7492.00000,764.00000,1962.00000,-503.00000,-1620.00000,197.00000,1.80000,1.80000,	2	
Sat May 13 16:32:58 2023,1.0, 0.00000,-7452.00000,712.00000,2384.00000,-656.00000,265.00000,-407.00000,3.57000,3.57000,	2	
Sat May 13 16:32:58 2023,2.0, 0.00000,-7960.00000,698.00000,2370.00000,120.00000,528.00000,-5.00000,5.30000,5.30000,	2	
Sat May 13 16:32:58 2023,6.0, 0.00000,-7608.00000,586.00000,1950.00000,-101.00000,81.00000,-55.00000,11.87000,11.87000,	2	
Sat May 13 16:32:58 2023,8.0, 0.00000,-7846.00000,532.00000,1890.00000,338.00000,477.00000,-34.00000,14.97000,14.97000,	2	
Sat May 13 16:32:58 2023,9.0, 0.00000,-7886.00000,534.00000,1748.00000,176.00000,239.00000,102.00000,16.47000,16.47000,	2	
Sat May 13 16:32:59 2023,10.0, 0.00000,-8226.00000,-1372.00000,7338.00000,-1065.00000,-4619.00000,366.00000,14.34000,17.94000,	2	
Sat May 13 16:32:59 2023,11.0, 0.00000,-3042.00000,-7810.00000,10762.00000,30912.00000,-443.00000,-1291.00000,12.25000,19.39000,	2	
Sat May 13 16:32:59 2023,12.0, 0.00000,-11772.00000,-14292.00000,-12958.00000,32767.00000,7418.00000,-3014.00000,10.21000,20.80000,	2	
Sat May 13 16:32:59 2023,13.0, 0.00000,-7202.00000,-2602.00000,-12796.00000,-2173.00000,243.00000,4046.00000,8.20000,22.18000,	2	
Sat May 13 16:32:59 2023,14.0, 0.00000,-8516.00000,-436.00000,-912.00000,-11727.00000,5449.00000,-5881.00000,6.24000,23.54000,	2	
Sat May 13 16:32:59 2023,15.0, 0.00000,-7670.00000,1034.00000,-2314.00000,-5940.00000,1972.00000,-2069.00000,7.91000,24.87000,	2	
Sat May 13 16:32:59 2023,16.0, 0.00000,-7840.00000,874.00000,-3306.00000,-7256.00000,4260.00000,-2553.00000,9.56000,26.17000,	2	
Sat May 13 16:32:59 2023,17.0, 0.00000,-7634.00000,1626.00000,-3076.00000,-8177.00000,1443.00000,-2008.00000,11.17000,27.45000,	2	
Sat May 13 16:32:59 2023,18.0, 0.00000,-7296.00000,2052.00000,-2210.00000,-9012.00000,-246.00000,-1188.00000,12.74000,28.70000,	2	
Sat May 13 16:33:00 2023,19.0, 0.00000,-7510.00000,1826.00000,-1274.00000,-7486.00000,668.00000,-2541.00000,14.29000,29.93000,	2	
Sat May 13 16:33:00 2023,20.0, 0.00000,-8468.00000,1346.00000,-692.00000,-5912.00000,-1442.00000,-2555.00000,15.81000,31.13000,	2	
Sat May 13 16:33:00 2023,21.0, 0.00000,-7988.00000,816.00000,42.00000,-5651.00000,-3270.00000,-1646.00000,17.29000,32.31000,	2	
Sat May 13 16:33:00 2023,22.0, 0.00000,-8294.00000,288.00000,806.00000,-6303.00000,-2490.00000,-2099.00000,18.74000,33.47000,	2	
Sat May 13 16:33:00 2023,23.0, 0.00000,-8772.00000,-696.00000,2154.00000,-4461.00000,-1399.00000,-902.00000,16.57000,34.60000,	2	
Sat May 13 16:33:00 2023,24.0, 0.00000,-8476.00000,-450.00000,2014.00000,-437.00000,606.00000,-16.00000,14.44000,35.71000,	2	
Sat May 13 16:33:00 2023,25.0, 0.00000,-8224.00000,-134.00000,1072.00000,474.00000,596.00000,404.00000,12.35000,36.79000,	2	
Sat May 13 16:33:00 2023,26.0, 0.00000,-7932.00000,-6.00000,850.00000,506.00000,360.00000,356.00000,10.30000,37.86000,	2	
Sat May 13 16:33:01 2023,27.0, 0.00000,-7984.00000,20.00000,976.00000,13.00000,-144.00000,504.00000,11.89000,38.90000,	2	
Sat May 13 16:33:01 2023,28.0, 0.00000,-8538.00000,-114.00000,4520.00000,-68.00000,-4190.00000,1203.00000,9.86000,39.92000,	2	
Sat May 13 16:33:01 2023,29.0, 0.00000,-3848.00000,-14662.00000,19690.00000,23086.00000,-4963.00000,-1144.00000,7.86000,40.93000,	2	
Sat May 13 16:33:01 2023,30.0, 0.00000,-10250.00000,-17248.00000,-6414.00000,32767.00000,1136.00000,-12395.00000,5.90000,41.91000,	2	
Sat May 13 16:33:01 2023,31.0, 0.00000,-13644.00000,-5316.00000,-19670.00000,7036.00000,3250.00000,4135.00000,3.98000,42.87000,	2	
Sat May 13 16:33:01 2023,32.0, 0.00000,-6868.00000,-1016.00000,660.00000,-15049.00000,5454.00000,-3712.00000,2.10000,43.82000,	2	
Sat May 13 16:33:01 2023,33.0, 0.00000,-8724.00000,1096.00000,-658.00000,-8078.00000,2836.00000,-974.00000,3.86000,44.74000,	2	
Sat May 13 16:33:01 2023,34.0, 0.00000,-7866.00000,1118.00000,-2318.00000,-8772.00000,4895.00000,-238.00000,5.58000,45.65000,	2	
Sat May 13 16:33:02 2023,35.0, 0.00000,-6942.00000,1624.00000,-1192.00000,-9147.00000,3372.00000,-846.00000,7.27000,46.53000,	2	
Sat May 13 16:33:02 2023,36.0, 0.00000,-7024.00000,1550.00000,114.00000,-9048.00000,348.00000,-2319.00000,8.93000,47.40000,	2	
Sat May 13 16:33:02 2023,37.0, 0.00000,-8638.00000,1200.00000,788.00000,-7910.00000,-751.00000,-2062.00000,10.55000,48.26000,	2	
Sat May 13 16:33:02 2023,38.0, 0.00000,-8538.00000,612.00000,1156.00000,-6566.00000,-2010.00000,-579.00000,12.14000,49.09000,	2	
Sat May 13 16:33:02 2023,40.0, 0.00000,-8436.00000,830.00000,1838.00000,395.00000,-65.00000,95.00000,15.22000,50.71000,	2	
Sat May 13 16:33:02 2023,41.0, 0.00000,-8056.00000,1102.00000,1034.00000,344.00000,-687.00000,756.00000,16.72000,51.50000,	2	
Sat May 13 16:33:02 2023,42.0, 0.00000,-7852.00000,1180.00000,1122.00000,20.00000,-1892.00000,897.00000,18.19000,52.27000,	2	
Sat May 13 16:33:02 2023,43.0, 0.00000,-7482.00000,1376.00000,1398.00000,-192.00000,-1373.00000,240.00000,19.62000,53.03000,	2	
Sat May 13 16:33:03 2023,44.0, 0.00000,-7358.00000,616.00000,5024.00000,-2802.00000,-9477.00000,232.00000,21.03000,53.77000,	2	
Sat May 13 16:33:03 2023,45.0, 0.00000,-3154.00000,-8482.00000,14572.00000,17472.00000,919.00000,-6043.00000,18.81000,54.49000,	2	
Sat May 13 16:33:03 2023,46.0, 0.00000,-6342.00000,-12598.00000,1134.00000,32767.00000,583.00000,-14415.00000,16.63000,55.20000,	2	
Sat May 13 16:33:03 2023,47.0, 0.00000,-16654.00000,-7042.00000,-19230.00000,17296.00000,8109.00000,1324.00000,14.50000,55.90000,	2	
Sat May 13 16:33:03 2023,48.0, 0.00000,-5490.00000,-292.00000,-4306.00000,-16595.00000,3066.00000,-1083.00000,12.41000,56.58000,	2	
Sat May 13 16:33:03 2023,49.0, 0.00000,-8078.00000,656.00000,-1558.00000,-11174.00000,-1109.00000,-2054.00000,13.96000,57.25000,	2	
Sat May 13 16:33:03 2023,50.0, 0.00000,-8348.00000,208.00000,1042.00000,-12150.00000,-334.00000,1097.00000,15.48000,57.91000,	2	
Sat May 13 16:33:03 2023,51.0, 0.00000,-7686.00000,422.00000,1502.00000,-9712.00000,1444.00000,-451.00000,16.98000,58.55000,	2	
Sat May 13 16:33:03 2023,52.0, 0.00000,-7856.00000,200.00000,2694.00000,-9922.00000,-856.00000,-140.00000,18.44000,59.18000,	2	
Sat May 13 16:33:04 2023,53.0, 0.00000,-8074.00000,-408.00000,3222.00000,-7829.00000,-704.00000,-453.00000,16.27000,59.80000,	2	
Sat May 13 16:33:04 2023,54.0, 0.00000,-7708.00000,-256.00000,3540.00000,-5572.00000,1008.00000,1633.00000,14.14000,60.40000,	2	
Sat May 13 16:33:04 2023,55.0, 0.00000,-7818.00000,546.00000,3126.00000,-1551.00000,-470.00000,1250.00000,15.66000,61.00000,	2	
Sat May 13 16:33:04 2023,56.0, 0.00000,-8178.00000,748.00000,2030.00000,747.00000,629.00000,89.00000,17.15000,61.58000,	2	
Sat May 13 16:33:04 2023,57.0, 0.00000,-7590.00000,430.00000,1766.00000,-369.00000,54.00000,139.00000,18.60000,62.15000,	2	
Sat May 13 16:33:04 2023,58.0, 0.00000,-7418.00000,390.00000,2262.00000,-135.00000,-534.00000,240.00000,20.03000,62.71000,	2	
Sat May 13 16:33:04 2023,59.0, 0.00000,-6192.00000,-550.00000,4910.00000,-3251.00000,-5710.00000,-86.00000,17.83000,63.25000,	2	
Sat May 13 16:33:04 2023,60.0, 0.00000,-4066.00000,-5444.00000,10456.00000,13530.00000,2592.00000,-1085.00000,15.67000,63.79000,	2	
Sat May 13 16:33:04 2023,61.0, 0.00000,-8990.00000,-6848.00000,-418.00000,32767.00000,-3417.00000,-10186.00000,13.56000,64.31000,	2	
Sat May 13 16:33:05 2023,62.0, 0.00000,-14464.00000,-6356.00000,-13708.00000,21724.00000,9868.00000,-1675.00000,11.49000,64.83000,	2	
Sat May 13 16:33:05 2023,63.0, 0.00000,-5524.00000,642.00000,-5760.00000,-12524.00000,1457.00000,450.00000,13.06000,65.33000,	2	
Sat May 13 16:33:05 2023,64.0, 0.00000,-8710.00000,880.00000,-1958.00000,-10080.00000,1793.00000,-3034.00000,14.60000,65.83000,	2	
Sat May 13 16:33:05 2023,65.0, 0.00000,-8204.00000,786.00000,-1962.00000,-9014.00000,356.00000,-1092.00000,16.11000,66.31000,	2	
Sat May 13 16:33:05 2023,66.0, 0.00000,-7478.00000,1006.00000,-2014.00000,-9222.00000,1696.00000,-475.00000,17.59000,66.79000,	2	
Sat May 13 16:33:05 2023,67.0, 0.00000,-7154.00000,1018.00000,-298.00000,-11023.00000,-1787.00000,129.00000,19.04000,67.25000,	2	
Sat May 13 16:33:06 2023,69.0, 0.00000,-7354.00000,636.00000,1902.00000,-6629.00000,692.00000,122.00000,21.85000,68.15000,	2	
Sat May 13 16:33:06 2023,70.0, 0.00000,-7726.00000,-42.00000,2686.00000,-4752.00000,1508.00000,-1101.00000,19.61000,68.59000,	2	
Sat May 13 16:33:06 2023,72.0, 0.00000,-8340.00000,650.00000,1948.00000,312.00000,474.00000,452.00000,22.40000,69.44000,	2	
Sat May 13 16:33:06 2023,73.0, 0.00000,-7776.00000,622.00000,2184.00000,294.00000,-539.00000,803.00000,23.75000,69.85000,	2	
Sat May 13 16:33:06 2023,74.0, 0.00000,-3582.00000,-3980.00000,11916.00000,3225.00000,-10824.00000,3411.00000,21.48000,70.26000,	2	
Sat May 13 16:33:06 2023,75.0, 0.00000,-4896.00000,-9868.00000,8490.00000,32767.00000,-2964.00000,-7341.00000,19.25000,70.65000,	2	
Sat May 13 16:33:06 2023,76.0, 0.00000,-14314.00000,-11720.00000,-12298.00000,32338.00000,4443.00000,-7793.00000,17.06000,71.04000,	2	
Sat May 13 16:33:06 2023,77.0, 0.00000,-6630.00000,-1292.00000,-12436.00000,-11321.00000,-228.00000,3698.00000,14.92000,71.42000,	2	
Sat May 13 16:33:07 2023,78.0, 0.00000,-8978.00000,-232.00000,-1878.00000,-13578.00000,2867.00000,-4699.00000,12.82000,71.79000,	2	
Sat May 13 16:33:07 2023,79.0, 0.00000,-8462.00000,1036.00000,236.00000,-14079.00000,1278.00000,178.00000,14.36000,72.16000,	2	
Sat May 13 16:33:07 2023,80.0, 0.00000,-8394.00000,1138.00000,1664.00000,-11348.00000,1516.00000,-478.00000,15.88000,72.52000,	2	
Sat May 13 16:33:07 2023,81.0, 0.00000,-7786.00000,1290.00000,2174.00000,-8752.00000,-2488.00000,324.00000,17.36000,72.87000,	2	
Sat May 13 16:33:07 2023,82.0, 0.00000,-7626.00000,1250.00000,2694.00000,-5884.00000,-2182.00000,716.00000,18.81000,73.21000,	2	
Sat May 13 16:33:07 2023,84.0, 0.00000,-7484.00000,1862.00000,1482.00000,-2851.00000,806.00000,-475.00000,21.63000,73.88000,	2	
Sat May 13 16:33:07 2023,85.0, 0.00000,-7750.00000,898.00000,2566.00000,-2232.00000,966.00000,-332.00000,23.00000,74.20000,	2	
Sat May 13 16:33:07 2023,86.0, 0.00000,-7650.00000,1330.00000,1936.00000,212.00000,936.00000,-160.00000,24.34000,74.52000,	2	
Sat May 13 16:33:08 2023,89.0, 0.00000,-4398.00000,-9188.00000,13288.00000,26182.00000,-4002.00000,-4460.00000,24.61000,75.43000,	2	
Sat May 13 16:33:08 2023,90.0, 0.00000,-12294.00000,-11046.00000,-7282.00000,32767.00000,-1170.00000,-8653.00000,22.31000,75.72000,	2	
Sat May 13 16:33:08 2023,92.0, 0.00000,-9788.00000,14.00000,234.00000,-10577.00000,2899.00000,-3609.00000,21.47000,76.29000,	2	
Sat May 13 16:33:08 2023,94.0, 0.00000,-7022.00000,1588.00000,-224.00000,-10819.00000,-359.00000,1166.00000,24.18000,76.83000,	2	
Sat May 13 16:33:08 2023,95.0, 0.00000,-7398.00000,2170.00000,1048.00000,-11044.00000,-1055.00000,812.00000,25.50000,77.10000,	2	
Sat May 13 16:33:09 2023,96.0, 0.00000,-7756.00000,1742.00000,2104.00000,-8518.00000,-391.00000,-862.00000,26.79000,77.36000,	2	
Sat May 13 16:33:09 2023,97.0, 0.00000,-8234.00000,1712.00000,1976.00000,-5866.00000,-912.00000,-711.00000,28.05000,77.61000,	2	
Sat May 13 16:33:09 2023,98.0, 0.00000,-8174.00000,1382.00000,2154.00000,-4028.00000,-335.00000,-378.00000,29.29000,77.86000,	2	
Sat May 13 16:33:10 2023,102.0, 0.00000,-7310.00000,1508.00000,2964.00000,-51.00000,-1046.00000,738.00000,34.01000,78.81000,	2	
Sat May 13 16:33:10 2023,103.0, 0.00000,-2228.00000,-3056.00000,11820.00000,1267.00000,-7612.00000,2379.00000,31.53000,79.03000,	2	
Sat May 13 16:33:10 2023,104.0, 0.00000,-6246.00000,-9246.00000,7480.00000,32767.00000,-3497.00000,-9148.00000,29.10000,79.25000,	2	
Sat May 13 16:33:10 2023,105.0, 0.00000,-15974.00000,-9586.00000,-16176.00000,31991.00000,3427.00000,-7216.00000,26.71000,79.47000,	2	
Sat May 13 16:33:10 2023,106.0, 0.00000,-5436.00000,-1726.00000,-8978.00000,-14034.00000,1512.00000,1410.00000,24.38000,79.68000,	2	
Sat May 13 16:33:10 2023,107.0, 0.00000,-8762.00000,-628.00000,-1230.00000,-13572.00000,2076.00000,-3207.00000,22.09000,79.89000,	2	
Sat May 13 16:33:10 2023,108.0, 0.00000,-7874.00000,540.00000,686.00000,-12677.00000,1161.00000,561.00000,23.45000,80.09000,	2	
Sat May 13 16:33:10 2023,110.0, 0.00000,-7436.00000,1998.00000,1492.00000,-7447.00000,1307.00000,182.00000,26.09000,80.48000,	2	
Sat May 13 16:33:10 2023,111.0, 0.00000,-7918.00000,2000.00000,1648.00000,-5798.00000,1752.00000,-341.00000,27.37000,80.67000,	2	
Sat May 13 16:33:10 2023,112.0, 0.00000,-7900.00000,1404.00000,1982.00000,-5107.00000,274.00000,-344.00000,28.62000,80.86000,	2	
Sat May 13 16:33:11 2023,113.0, 0.00000,-7784.00000,894.00000,2234.00000,-4256.00000,-64.00000,-189.00000,29.85000,81.05000,	2	
Sat May 13 16:33:11 2023,114.0, 0.00000,-7926.00000,834.00000,2720.00000,-1338.00000,-69.00000,-358.00000,31.05000,81.23000,	2	
Sat May 13 16:33:11 2023,115.0, 0.00000,-8074.00000,1154.00000,2356.00000,-513.00000,-448.00000,285.00000,32.23000,81.40000,	2	
Sat May 13 16:33:11 2023,116.0, 0.00000,-8086.00000,994.00000,2500.00000,159.00000,-412.00000,571.00000,33.39000,81.58000,	2	
Sat May 13 16:33:11 2023,117.0, 0.00000,-8056.00000,-142.00000,7562.00000,1165.00000,-5612.00000,1201.00000,30.92000,81.74000,	2	
Sat May 13 16:33:11 2023,118.0, 0.00000,-5404.00000,-7210.00000,11532.00000,26467.00000,-2807.00000,-5030.00000,28.50000,81.91000,	2	
Sat May 13 16:33:11 2023,119.0, 0.00000,-8640.00000,-12036.00000,-3594.00000,32767.00000,1886.00000,-8246.00000,26.13000,82.07000,	2	
Sat May 13 16:33:11 2023,120.0, 0.00000,-12310.00000,-6900.00000,-20900.00000,2233.00000,2677.00000,1729.00000,23.81000,82.23000,	2	
Sat May 13 16:33:11 2023,121.0, 0.00000,-7144.00000,182.00000,3672.00000,-12127.00000,3860.00000,-4566.00000,25.13000,82.39000,	2	
Sat May 13 16:33:12 2023,122.0, 0.00000,-9008.00000,1514.00000,-2168.00000,-3487.00000,1619.00000,-789.00000,26.43000,82.54000,	2	
Sat May 13 16:33:12 2023,123.0, 0.00000,-7920.00000,1080.00000,-3258.00000,-6277.00000,1672.00000,83.00000,27.70000,82.69000,	2	
Sat May 13 16:33:12 2023,124.0, 0.00000,-7734.00000,1464.00000,-2774.00000,-9349.00000,1451.00000,701.00000,28.95000,82.84000,	2	
Sat May 13 16:33:12 2023,125.0, 0.00000,-7806.00000,2586.00000,-1110.00000,-11203.00000,1535.00000,481.00000,30.17000,82.98000,	2	
Sat May 13 16:33:12 2023,126.0, 0.00000,-7254.00000,2070.00000,704.00000,-10468.00000,-233.00000,883.00000,31.37000,83.12000,	2	
Sat May 13 16:33:12 2023,127.0, 0.00000,-7586.00000,1290.00000,1776.00000,-9421.00000,-630.00000,568.00000,32.54000,83.26000,	2	
Sat May 13 16:33:12 2023,128.0, 0.00000,-7722.00000,1066.00000,2266.00000,-6407.00000,1108.00000,-425.00000,33.69000,83.40000,	2	
Sat May 13 16:33:13 2023,129.0, 0.00000,-7746.00000,1034.00000,2498.00000,-3796.00000,982.00000,-281.00000,34.82000,83.53000,	2	
Sat May 13 16:33:13 2023,130.0, 0.00000,-7802.00000,1124.00000,2690.00000,-2162.00000,190.00000,-330.00000,35.92000,83.66000,	2	
Sat May 13 16:33:13 2023,132.0, 0.00000,-7034.00000,970.00000,3522.00000,2665.00000,-788.00000,-192.00000,38.07000,83.91000,	2	
Sat May 13 16:33:13 2023,133.0, 0.00000,-4646.00000,-1426.00000,10706.00000,6791.00000,-4778.00000,242.00000,35.50000,84.04000,	2	
Sat May 13 16:33:13 2023,134.0, 0.00000,-4768.00000,-11204.00000,12594.00000,30700.00000,-3453.00000,-7527.00000,32.99000,84.16000,	2	
Sat May 13 16:33:13 2023,135.0, 0.00000,-16964.00000,-10908.00000,-19920.00000,32767.00000,-263.00000,-7642.00000,30.53000,84.28000,	2	
Sat May 13 16:33:13 2023,136.0, 0.00000,-6644.00000,-1460.00000,-4094.00000,-9969.00000,1150.00000,-8.00000,28.12000,84.39000,	2	
Sat May 13 16:33:13 2023,137.0, 0.00000,-8766.00000,1860.00000,106.00000,-4639.00000,1611.00000,-2107.00000,29.36000,84.50000,	2	
Sat May 13 16:33:13 2023,138.0, 0.00000,-7854.00000,1870.00000,-1202.00000,-4825.00000,1382.00000,291.00000,30.57000,84.61000,	2	
Sat May 13 16:33:14 2023,140.0, 0.00000,-7690.00000,2514.00000,-1416.00000,-9578.00000,1458.00000,1490.00000,32.93000,84.83000,	2	
Sat May 13 16:33:14 2023,141.0, 0.00000,-7676.00000,2632.00000,-98.00000,-9250.00000,597.00000,1478.00000,34.07000,84.93000,	2	
Sat May 13 16:33:14 2023,142.0, 0.00000,-7324.00000,3120.00000,-216.00000,-7901.00000,54.00000,775.00000,35.19000,85.04000,	2	
Sat May 13 16:33:14 2023,143.0, 0.00000,-7044.00000,2800.00000,-314.00000,-7051.00000,2236.00000,-654.00000,36.29000,85.14000,	2	
Sat May 13 16:33:14 2023,144.0, 0.00000,-7356.00000,1638.00000,1538.00000,-7955.00000,913.00000,-1989.00000,37.36000,85.23000,	2	
Sat May 13 16:33:14 2023,145.0, 0.00000,-7666.00000,1096.00000,3938.00000,-4725.00000,-1156.00000,-75.00000,38.42000,85.33000,	2	
Sat May 13 16:33:14 2023,146.0, 0.00000,-7742.00000,2004.00000,2848.00000,515.00000,967.00000,-369.00000,39.45000,85.43000,	2	
Sat May 13 16:33:15 2023,147.0, 0.00000,-8056.00000,2174.00000,1288.00000,368.00000,-85.00000,43.00000,40.46000,85.52000,	2	
Sat May 13 16:33:15 2023,148.0, 0.00000,-8472.00000,2342.00000,3156.00000,-2642.00000,-5908.00000,2576.00000,41.45000,85.61000,	2	
Sat May 13 16:33:15 2023,149.0, 0.00000,-3340.00000,-2580.00000,13194.00000,11149.00000,-4250.00000,-2509.00000,38.82000,85.70000,	2	
Sat May 13 16:33:15 2023,150.0, 0.00000,500.00000,-13386.00000,11460.00000,32767.00000,-726.00000,-14335.00000,36.24000,82.18000,	2	
Sat May 13 16:33:15 2023,151.0, 0.00000,-19190.00000,-15710.00000,-23214.00000,20901.00000,2438.00000,-5215.00000,33.72000,82.34000,	2	
Sat May 13 16:33:15 2023,152.0, 0.00000,-6506.00000,-1630.00000,806.00000,-16000.00000,2028.00000,-1174.00000,31.24000,82.49000,	2	
Sat May 13 16:33:15 2023,153.0, 0.00000,-8472.00000,1188.00000,-726.00000,-9328.00000,1993.00000,-3.00000,32.42000,82.64000,	2	
Sat May 13 16:33:15 2023,154.0, 0.00000,-7534.00000,2004.00000,-1670.00000,-8144.00000,1065.00000,711.00000,33.57000,82.79000,	2	
Sat May 13 16:33:16 2023,156.0, 0.00000,-7800.00000,2266.00000,1038.00000,-8206.00000,-3102.00000,335.00000,35.81000,83.08000,	2	
Sat May 13 16:33:16 2023,157.0, 0.00000,-7994.00000,2230.00000,1552.00000,-4739.00000,433.00000,-866.00000,36.89000,83.22000,	2	
Sat May 13 16:33:16 2023,160.0, 0.00000,-7524.00000,1720.00000,1604.00000,-5564.00000,36.00000,-192.00000,40.02000,83.62000,	2	
Sat May 13 16:33:16 2023,162.0, 0.00000,-7746.00000,1800.00000,2264.00000,-1792.00000,-237.00000,307.00000,42.00000,83.87000,	2	
Sat May 13 16:33:16 2023,163.0, 0.00000,-8530.00000,936.00000,6016.00000,-3356.00000,-7226.00000,63.00000,42.96000,84.00000,	2	
Sat May 13 16:33:16 2023,164.0, 0.00000,-2502.00000,-9418.00000,16196.00000,25822.00000,-1541.00000,-5639.00000,40.30000,84.12000,	2	
Sat May 13 16:33:17 2023,165.0, 0.00000,-9216.00000,-16404.00000,-2188.00000,32767.00000,-2387.00000,-9570.00000,37.69000,84.24000,	2	
Sat May 13 16:33:17 2023,166.0, 0.00000,-14614.00000,-7210.00000,-28468.00000,11004.00000,3676.00000,2330.00000,35.14000,84.35000,	2	
Sat May 13 16:33:17 2023,167.0, 0.00000,-7606.00000,-1496.00000,1380.00000,-18196.00000,5970.00000,-5087.00000,32.64000,84.47000,	2	
Sat May 13 16:33:18 2023,170.0, 0.00000,-7894.00000,2250.00000,-944.00000,-8987.00000,474.00000,511.00000,36.01000,84.80000,	2	
Sat May 13 16:33:18 2023,171.0, 0.00000,-7400.00000,1904.00000,906.00000,-8083.00000,-393.00000,-598.00000,37.09000,84.90000,	2	
Sat May 13 16:33:18 2023,172.0, 0.00000,-7498.00000,2188.00000,1142.00000,-5428.00000,1620.00000,-854.00000,38.15000,85.00000,	2	
Sat May 13 16:33:18 2023,173.0, 0.00000,-7634.00000,2242.00000,1470.00000,-3564.00000,763.00000,-226.00000,39.19000,85.10000,	2	
Sat May 13 16:33:18 2023,174.0, 0.00000,-7958.00000,2030.00000,1384.00000,-2846.00000,-204.00000,-318.00000,40.21000,85.20000,	2	
Sat May 13 16:33:18 2023,175.0, 0.00000,-7736.00000,1694.00000,2174.00000,-1484.00000,-489.00000,2.00000,41.20000,85.30000,	2	
Sat May 13 16:33:18 2023,176.0, 0.00000,-7682.00000,2096.00000,1678.00000,-1315.00000,-1422.00000,-125.00000,42.18000,85.40000,	2	
Sat May 13 16:33:18 2023,177.0, 0.00000,-7516.00000,1502.00000,3166.00000,-1457.00000,-1776.00000,-619.00000,43.14000,85.49000,	2	
Sat May 13 16:33:18 2023,178.0, 0.00000,-3998.00000,-3970.00000,12256.00000,-359.00000,-7753.00000,-666.00000,40.47000,85.58000,	2	
Sat May 13 16:33:18 2023,179.0, 0.00000,-4158.00000,-15792.00000,8670.00000,32767.00000,2211.00000,-10320.00000,37.86000,85.67000,	2	
Sat May 13 16:33:18 2023,180.0, 0.00000,-15296.00000,-13770.00000,-29262.00000,30163.00000,3078.00000,-1274.00000,35.31000,85.76000,	2	
Sat May 13 16:33:18 2023,181.0, 0.00000,-4672.00000,-2326.00000,-372.00000,-18208.00000,2659.00000,-4568.00000,32.80000,85.84000,	2	
Sat May 13 16:33:19 2023,182.0, 0.00000,-8486.00000,2198.00000,198.00000,-2408.00000,-1009.00000,-1231.00000,33.94000,85.93000,	2	
Sat May 13 16:33:19 2023,183.0, 0.00000,-8186.00000,1828.00000,-3320.00000,-3820.00000,1535.00000,61.00000,35.07000,86.01000,	2	
Sat May 13 16:33:19 2023,184.0, 0.00000,-8068.00000,1722.00000,-4638.00000,-6958.00000,3060.00000,370.00000,36.16000,86.09000,	2	
Sat May 13 16:33:19 2023,185.0, 0.00000,-6958.00000,1998.00000,-3534.00000,-9969.00000,2534.00000,-138.00000,37.24000,86.17000,	2	
Sat May 13 16:33:19 2023,186.0, 0.00000,-6316.00000,2288.00000,-1828.00000,-10749.00000,2174.00000,-1508.00000,38.30000,86.25000,	2	
Sat May 13 16:33:19 2023,187.0, 0.00000,-8134.00000,2172.00000,470.00000,-10369.00000,2716.00000,-1316.00000,39.33000,86.32000,	2	
Sat May 13 16:33:19 2023,188.0, 0.00000,-7660.00000,1468.00000,2298.00000,-7605.00000,-2304.00000,-703.00000,40.35000,86.40000,	2	
Sat May 13 16:33:19 2023,189.0, 0.00000,-7856.00000,956.00000,2438.00000,-4050.00000,299.00000,-1392.00000,41.34000,86.47000,	2	
Sat May 13 16:33:20 2023,190.0, 0.00000,-8384.00000,1282.00000,2178.00000,1056.00000,-754.00000,-158.00000,42.32000,86.54000,	2	
Sat May 13 16:33:20 2023,191.0, 0.00000,-8624.00000,1830.00000,1696.00000,460.00000,-1602.00000,492.00000,43.27000,86.61000,	2	
Sat May 13 16:33:20 2023,192.0, 0.00000,-5458.00000,-1890.00000,13016.00000,657.00000,-15376.00000,3083.00000,40.60000,86.68000,	2	
Sat May 13 16:33:20 2023,193.0, 0.00000,-2056.00000,-10030.00000,9598.00000,32767.00000,-2925.00000,-10176.00000,37.99000,86.75000,	2	
Sat May 13 16:33:20 2023,194.0, 0.00000,-17322.00000,-14918.00000,-14916.00000,27759.00000,4064.00000,-9788.00000,35.43000,86.81000,	2	
Sat May 13 16:33:20 2023,195.0, 0.00000,-5456.00000,-3350.00000,-5998.00000,-21189.00000,-1570.00000,5617.00000,32.92000,86.88000,	2	
Sat May 13 16:33:20 2023,196.0, 0.00000,-8648.00000,346.00000,2738.00000,-12548.00000,2096.00000,-783.00000,34.06000,86.94000,	2	
Sat May 13 16:33:20 2023,197.0, 0.00000,-8210.00000,1728.00000,1490.00000,-6205.00000,1137.00000,1071.00000,35.18000,87.00000,	2	
Sat May 13 16:33:21 2023,199.0, 0.00000,-7878.00000,2542.00000,-2014.00000,-6515.00000,769.00000,1307.00000,37.36000,87.12000,	2	
Sat May 13 16:33:21 2023,200.0, 0.00000,-7188.00000,3040.00000,-1256.00000,-7622.00000,4669.00000,-339.00000,38.41000,87.18000,	2	
Sat May 13 16:33:21 2023,201.0, 0.00000,-7510.00000,3188.00000,-736.00000,-9677.00000,5730.00000,967.00000,39.44000,87.24000,	2	
Sat May 13 16:33:21 2023,202.0, 0.00000,-7646.00000,1962.00000,1012.00000,-9268.00000,1878.00000,-438.00000,40.45000,87.30000,	2	
Sat May 13 16:33:21 2023,203.0, 0.00000,-7688.00000,968.00000,2958.00000,-6739.00000,-2238.00000,-1166.00000,41.45000,87.35000,	2	
Sat May 13 16:33:21 2023,204.0, 0.00000,-7254.00000,1252.00000,3080.00000,-3716.00000,-2861.00000,-997.00000,42.42000,87.40000,	2	
Sat May 13 16:33:21 2023,205.0, 0.00000,-8032.00000,1170.00000,2864.00000,-1339.00000,-1807.00000,-1297.00000,43.37000,87.46000,	2	
Sat May 13 16:33:21 2023,206.0, 0.00000,-7936.00000,290.00000,3142.00000,-760.00000,-1232.00000,-2759.00000,44.30000,87.51000,	2	
Sat May 13 16:33:22 2023,207.0, 0.00000,-7154.00000,-264.00000,3108.00000,-1855.00000,-1273.00000,-2162.00000,41.62000,87.56000,	2	
Sat May 13 16:33:22 2023,208.0, 0.00000,-5052.00000,-4700.00000,10124.00000,-1918.00000,-4559.00000,-2060.00000,38.98000,87.61000,	2	
Sat May 13 16:33:22 2023,209.0, 0.00000,1362.00000,-19938.00000,10148.00000,32767.00000,1026.00000,-11007.00000,36.40000,84.06000,	2	
Sat May 13 16:33:22 2023,210.0, 0.00000,-16512.00000,-18100.00000,-19164.00000,32767.00000,14793.00000,-4561.00000,33.87000,84.18000,	2	
Sat May 13 16:33:22 2023,211.0, 0.00000,-4050.00000,-2760.00000,-10944.00000,-17825.00000,-2677.00000,2804.00000,31.40000,84.29000,	2	
Sat May 13 16:33:22 2023,212.0, 0.00000,-9028.00000,-1382.00000,-242.00000,-15260.00000,-2370.00000,-2774.00000,28.97000,84.41000,	2	
Sat May 13 16:33:22 2023,213.0, 0.00000,-8644.00000,-192.00000,1382.00000,-14606.00000,-3491.00000,3002.00000,26.59000,84.52000,	2	
Sat May 13 16:33:22 2023,214.0, 0.00000,-8224.00000,134.00000,2204.00000,-10607.00000,353.00000,1683.00000,27.86000,84.63000,	2	
Sat May 13 16:33:22 2023,215.0, 0.00000,-7868.00000,1360.00000,2688.00000,-9276.00000,-733.00000,2395.00000,29.10000,84.74000,	2	
Sat May 13 16:33:23 2023,216.0, 0.00000,-7786.00000,1122.00000,2656.00000,-8255.00000,-527.00000,1594.00000,30.32000,84.85000,	2	
Sat May 13 16:33:23 2023,217.0, 0.00000,-7264.00000,1120.00000,2684.00000,-4908.00000,499.00000,667.00000,31.51000,84.95000,	2	
Sat May 13 16:33:23 2023,218.0, 0.00000,-7538.00000,928.00000,2482.00000,-3870.00000,1428.00000,-212.00000,32.68000,85.05000,	2	
Sat May 13 16:33:23 2023,219.0, 0.00000,-7654.00000,534.00000,2554.00000,-2872.00000,665.00000,-454.00000,33.83000,85.15000,	2	
Sat May 13 16:33:23 2023,220.0, 0.00000,-7758.00000,486.00000,3140.00000,-751.00000,216.00000,-442.00000,34.96000,85.25000,	2	
Sat May 13 16:33:23 2023,221.0, 0.00000,-7550.00000,646.00000,3200.00000,778.00000,-601.00000,-313.00000,36.06000,85.35000,	2	
Sat May 13 16:33:23 2023,222.0, 0.00000,-7638.00000,344.00000,4596.00000,2603.00000,-1131.00000,-332.00000,37.14000,85.44000,	2	
Sat May 13 16:33:23 2023,223.0, 0.00000,-4046.00000,-6466.00000,13660.00000,11326.00000,-6712.00000,2098.00000,34.59000,85.53000,	2	
Sat May 13 16:33:23 2023,224.0, 0.00000,-3770.00000,-14074.00000,4846.00000,32767.00000,-2899.00000,-12768.00000,32.10000,85.62000,	2	
Sat May 13 16:33:24 2023,225.0, 0.00000,-16796.00000,-10452.00000,-21716.00000,21788.00000,3040.00000,-1432.00000,29.66000,85.71000,	2	
Sat May 13 16:33:24 2023,226.0, 0.00000,-4844.00000,-2768.00000,-3054.00000,-18554.00000,1580.00000,-600.00000,27.26000,85.80000,	2	
Sat May 13 16:33:24 2023,227.0, 0.00000,-8552.00000,-8.00000,-1366.00000,-14191.00000,2408.00000,-1305.00000,24.92000,85.88000,	2	
Sat May 13 16:33:24 2023,228.0, 0.00000,-8012.00000,-506.00000,1590.00000,-15500.00000,3287.00000,350.00000,22.62000,85.97000,	2	
Sat May 13 16:33:24 2023,229.0, 0.00000,-8620.00000,168.00000,2684.00000,-10493.00000,1561.00000,530.00000,23.97000,86.05000,	2	
Sat May 13 16:33:24 2023,231.0, 0.00000,-7412.00000,1180.00000,1708.00000,-7041.00000,1091.00000,759.00000,26.58000,86.21000,	2	
Sat May 13 16:33:24 2023,232.0, 0.00000,-7390.00000,584.00000,3038.00000,-4388.00000,860.00000,-463.00000,27.85000,86.28000,	2	
Sat May 13 16:33:25 2023,236.0, 0.00000,-6550.00000,422.00000,5132.00000,614.00000,-3571.00000,-6.00000,32.68000,86.57000,	2	
Sat May 13 16:33:25 2023,237.0, 0.00000,-7040.00000,-5614.00000,14472.00000,14373.00000,-5906.00000,227.00000,30.23000,86.64000,	2	
Sat May 13 16:33:25 2023,238.0, 0.00000,-8776.00000,-20054.00000,9728.00000,32767.00000,-1291.00000,-2317.00000,27.82000,86.71000,	2	
Sat May 13 16:33:25 2023,239.0, 0.00000,-12718.00000,-11784.00000,-21818.00000,18798.00000,85.00000,-2770.00000,25.46000,86.78000,	2	
Sat May 13 16:33:25 2023,240.0, 0.00000,-6038.00000,-290.00000,1142.00000,-15218.00000,157.00000,-2019.00000,23.15000,86.84000,	2	
Sat May 13 16:33:25 2023,241.0, 0.00000,-8218.00000,2962.00000,-604.00000,-374.00000,1132.00000,-2035.00000,24.49000,86.91000,	2	
Sat May 13 16:33:26 2023,242.0, 0.00000,-8430.00000,906.00000,-3692.00000,-2098.00000,2189.00000,-1177.00000,25.80000,86.97000,	2	
Sat May 13 16:33:26 2023,243.0, 0.00000,-8190.00000,666.00000,-3924.00000,-6226.00000,1649.00000,162.00000,27.09000,87.03000,	2	
Sat May 13 16:33:26 2023,244.0, 0.00000,-7340.00000,1398.00000,-2260.00000,-7840.00000,887.00000,-20.00000,28.35000,87.09000,	2	
Sat May 13 16:33:26 2023,245.0, 0.00000,-7694.00000,1932.00000,-1324.00000,-6368.00000,2107.00000,-816.00000,29.58000,87.15000,	2	
Sat May 13 16:33:26 2023,246.0, 0.00000,-7962.00000,2530.00000,-2560.00000,-7125.00000,967.00000,375.00000,30.79000,87.21000,	2	
Sat May 13 16:33:26 2023,247.0, 0.00000,-7360.00000,2384.00000,-2332.00000,-10401.00000,1339.00000,-802.00000,31.97000,87.27000,	2	
Sat May 13 16:33:26 2023,248.0, 0.00000,-6814.00000,1516.00000,-808.00000,-9311.00000,-793.00000,-1376.00000,33.14000,87.32000,	2	
Sat May 13 16:33:27 2023,249.0, 0.00000,-7774.00000,1030.00000,568.00000,-6017.00000,-1263.00000,-1470.00000,34.27000,87.38000,	2	
Sat May 13 16:33:27 2023,250.0, 0.00000,-7946.00000,1438.00000,826.00000,-3558.00000,23.00000,-314.00000,35.39000,87.43000,	2	
Sat May 13 16:33:27 2023,251.0, 0.00000,-8256.00000,1542.00000,676.00000,-1756.00000,351.00000,-537.00000,36.48000,87.48000,	2	
Sat May 13 16:33:27 2023,252.0, 0.00000,-8266.00000,1524.00000,358.00000,-693.00000,906.00000,-353.00000,37.55000,87.53000,	2	
Sat May 13 16:33:27 2023,253.0, 0.00000,-8260.00000,1506.00000,548.00000,-788.00000,84.00000,-549.00000,38.60000,87.58000,	2	
Sat May 13 16:33:27 2023,254.0, 0.00000,-8530.00000,1362.00000,270.00000,-489.00000,170.00000,-42.00000,39.63000,87.63000,	2	
Sat May 13 16:33:27 2023,255.0, 0.00000,-8088.00000,1620.00000,264.00000,77.00000,59.00000,577.00000,40.64000,87.68000,	2	
Sat May 13 16:33:27 2023,256.0, 0.00000,-7882.00000,2026.00000,262.00000,-588.00000,-869.00000,-102.00000,41.63000,87.73000,	2	
Sat May 13 16:33:27 2023,257.0, 0.00000,-8154.00000,1024.00000,474.00000,-1668.00000,690.00000,-284.00000,42.60000,87.77000,	2	
Sat May 13 16:33:27 2023,258.0, 0.00000,-7902.00000,432.00000,584.00000,422.00000,1688.00000,-44.00000,43.55000,87.82000,	2	
Sat May 13 16:33:28 2023,259.0, 0.00000,-8090.00000,1148.00000,-700.00000,1426.00000,1919.00000,-80.00000,44.48000,87.86000,	2	
Sat May 13 16:33:28 2023,260.0, 0.00000,-7714.00000,1298.00000,-840.00000,365.00000,403.00000,4.00000,45.39000,87.91000,	2	
Sat May 13 16:33:28 2023,261.0, 0.00000,-8300.00000,1280.00000,-526.00000,-340.00000,317.00000,-216.00000,46.28000,87.95000,	2	
Sat May 13 16:33:28 2023,262.0, 0.00000,-8008.00000,1064.00000,-566.00000,488.00000,524.00000,-92.00000,47.16000,87.99000,	2	
Sat May 13 16:33:28 2023,263.0, 0.00000,-8230.00000,1270.00000,-896.00000,85.00000,338.00000,107.00000,48.01000,88.03000,	2	
Sat May 13 16:33:28 2023,264.0, 0.00000,-7974.00000,1080.00000,-664.00000,-86.00000,295.00000,191.00000,48.85000,88.07000,	2	
Sat May 13 16:33:28 2023,265.0, 0.00000,-8398.00000,1128.00000,-722.00000,244.00000,-76.00000,32.00000,49.68000,88.11000,	2	
Sat May 13 16:33:28 2023,266.0, 0.00000,-8070.00000,1080.00000,-958.00000,207.00000,-233.00000,377.00000,50.49000,88.15000,	2	
Sat May 13 16:33:28 2023,267.0, 0.00000,-8138.00000,1344.00000,-1012.00000,-125.00000,579.00000,344.00000,51.28000,88.19000,	2	
Sat May 13 16:33:29 2023,268.0, 0.00000,-7698.00000,1182.00000,-664.00000,-133.00000,353.00000,-144.00000,52.05000,88.23000,	2	
Sat May 13 16:33:29 2023,269.0, 0.00000,-8196.00000,1280.00000,-752.00000,-178.00000,50.00000,-50.00000,52.81000,88.26000,	2	
Sat May 13 16:33:29 2023,270.0, 0.00000,-8416.00000,1172.00000,-450.00000,23.00000,68.00000,74.00000,53.56000,88.30000,	2	
